merchant,description,category
COURSERA PURCHASE $335.77,,Education
Apple,Necklace,Shopping
Tax Preparer,,Other
Macy's,,Shopping
Metro,यात्रा,Transport
Gojek,Inspection,Transport
Storage,различные,Other
Books-A-Million,,Shopping
Cava,Dessert,Food & Drink
Warehouse,,Other
PAYPAL TRANSFER $7304.96 Rental property,,Income
DIRECT DEPOSIT PAYROLL $2009.07,,Income
Budget,,Transport
Medical equipment,,Healthcare
Tidal,Pedicure,Entertainment
MetLife,,Bills & Utilities
Psychiatrist,مستشفى,Healthcare
MAINTENANCE Booking.com $1617.47,,Housing
VENMO CASHOUT $6307.71 Insurance payout,,Income
Temu,zuhause,Shopping
DIRECT DEPOSIT PAYROLL $3179.87,,Income
Streaming service,Gallery exhibition,Entertainment
El Pollo Loco,Deli order,Food & Drink
Azure Certification,Test preparation,Education
Gmail,Security system,Bills & Utilities
Udemy,школа,Education
Genki Sushi,Catering order,Food & Drink
Prescription,Dental work,Healthcare
UPS SHIPPING $1.88 Donation,,Other
New Balance,Birthday gift,Shopping
TICKETMASTER $81.72 Live music,,Entertainment
Pest Control,,Housing
STATE TREASURY REFUND,,Income
XBOX LIVE $136.62 Fair,,Entertainment
PARKING LOS ANGELES $371.96,,Transport
EA Play,,Entertainment
LIVE NATION $178.96,,Entertainment
STEAM PURCHASE $189.38,,Entertainment
Burger King STORE #8791 PURCHASE,,Food & Drink
UBER *TRIP $627.89 Parking weekly,,Transport
RENT PAYMENT $1957.08,,Housing
RECURRING PAYMENT Gym Membership,,Bills & Utilities
Dance Classes,,Education
Box,보험,Bills & Utilities
GOVERNMENT PAYMENT $114.31,,Other
ER visit,Medical supplies,Healthcare
Barron's,,Education
PetCare,Consultation,Healthcare
Greyhound,,Transport
Cisco Learning,本,Education
State Farm,abonnement,Bills & Utilities
Dollar General,Electronics,Shopping
Commission,دخل,Income
STATE TREASURY REFUND Direct deposit,,Income
CPA,Dry cleaning,Other
Crypto Exchange,Dividend payment,Income
Hawaiian Airlines,Car wash,Transport
Red Cross,Penalty,Other
Netflix,,Bills & Utilities
CubeSmart,Lease payment,Housing
MORTGAGE PAYMENT $2699.44 Security deposit,,Housing
Naan Stop,Wine,Food & Drink
PLAYSTATION STORE $30.34,,Entertainment
Camera equipment,,Entertainment
GEICO PAYMENT $326.47 Wireless service,,Bills & Utilities
DIVIDEND ETSY $8425.43,,Income
FEDEx SHIPPING $69.16,,Other
Home Warranty,Garden,Housing
DELTA AIR LINES $121.24 Charging,,Transport
Freelancer.com,,Income
Instagram,,Entertainment
STATE FARM INS $164.54 Broadband,,Bills & Utilities
AMC THEATRES CHICAGO $69.92,,Entertainment
Transit Authority,,Transport
COURSERA PURCHASE $1599.64 Swimming lesson,,Education
PHARMACY PURCHASE $1459.37 Follow-up,,Healthcare
Amtrak,Train ticket,Transport
Retail Purchase,,Shopping
MAINTENANCE Roofing $1784.81 Security,,Housing
Flipkart,,Shopping
HOA DUES $2792.69,,Housing
Azure Certification,,Education
Neiman Marcus,Makeup,Shopping
HOME DEPOT #8443 $767.11,,Housing
FEDEx SHIPPING $82.14 Kennel,,Other
GOVERNMENT PAYMENT $40.13,,Other
APPLE STORE PURCHASE $413.34 Sneakers,,Shopping
Ring Doorbell,Monthly rent,Housing
NETFLIX.COM $167.92,,Entertainment
WALGREENS #1659 $619.91,,Healthcare
Content subscription,بث,Entertainment
Grubhub Order,,Food & Drink
Pawn Shop,,Other
DELTA AIR LINES $439.50 Checked bag,,Transport
Micro Center,,Shopping
APPLE STORE PURCHASE $305.47,,Shopping
Boohoo,,Shopping
Amtrak,परिवहन,Transport
Redfin,Repair supplies,Housing
Guitar Lessons,تعليم,Education
PURCHASE AUTHORIZED Starbucks $30.74 Happy hour,,Food & Drink
Optometrist,здоровье,Healthcare
CPA,,Other
Krispy Kreme,Cake,Food & Drink
YouTube Premium,,Bills & Utilities
Kumon,Technology fee,Education
FEDEx SHIPPING $40.89 Handling,,Other
Enterprise Rent-A-Car,,Transport
Live Nation,엔터테인먼트,Entertainment
AMC THEATRES SAO PAULO $146.17,,Entertainment
Amusement Park,,Entertainment
Electrician,,Housing
Zelle,Prize,Income
Commission,Part-time work,Income
METRO TRANSIT $208.86 Lyft,,Transport
CARD 9263 PURCHASE The Halal Guys Weekend brunch,,Food & Drink
Various,Delivery,Other
PAYPAL TRANSFER $717.37 Rebate check,,Income
Rail Europe,Metro pass,Transport
Nothing Bundt Cakes,Business lunch,Food & Drink
MORTGAGE PAYMENT $940.00 Flooring,,Housing
The Cheesecake Factory,Frappuccino,Food & Drink
Water Company,,Bills & Utilities
BJ's Wholesale,Holiday gift,Shopping
Walmart Pharmacy,CPAP supplies,Healthcare
GOVERNMENT PAYMENT $67.29,,Other
Rental Car,Regular gas,Transport
Hobby Lobby,खरीदारी,Shopping
TICKETMASTER $180.92,,Entertainment
Furniture Store,дом,Housing
Water Park,Comedy show,Entertainment
USPS POSTAGE $54.53,,Other
Coursera,educación,Education
United Airlines,топливо,Transport
Warehouse,Daily purchase,Other
Rewards,einkommen,Income
DENTAL ASSOCIATES $1303.39,,Healthcare
FEDEx SHIPPING $28.99,,Other
County Tax,,Bills & Utilities
DELTA AIR LINES $143.21 Regular gas,,Transport
Habitat for Humanity,,Other
Dollar Rental,Premium gas,Transport
ONLINE PURCHASE Yo! Sushi.COM,,Food & Drink
Tesla Supercharger,Car wash,Transport
Laser Tag,Game purchase,Entertainment
RENT PAYMENT $2192.15,,Housing
LOWES #5850 $1749.46,,Housing
ACH CREDIT Shopify,,Income
DIRECT DEPOSIT PAYROLL $9978.05 State refund,,Income
Late Fee,,Other
LOWES #4523 $1812.13,,Housing
Stand-up Show,Film,Entertainment
Metro Card,Economy class,Transport
McDonald's,점심,Food & Drink
Waste Management,Administrative fee,Bills & Utilities
Disney+,Streaming,Entertainment
College,,Education
Kaiser Permanente,Procedure,Healthcare
Waste Management,,Bills & Utilities
Verizon Store,,Shopping
Ramen Ichiran,Wrap,Food & Drink
AUTOPAY VERIZON WIRELESS $349.13 Deductible,,Bills & Utilities
Wine Shop,Ice cream,Food & Drink
SAT Prep,Piano lesson,Education
AMC THEATRES HOUSTON $45.45 Film,,Entertainment
HOME DEPOT.COM $1004.61 Appliance,,Housing
SHELL OIL MUMBAI #8368 Car rental,,Transport
Retirement Distribution,,Income
Souplantation,,Food & Drink
BANK FEE $13.54,,Other
MEDICAL CENTER $944.16 Glasses,,Healthcare
Codecademy,Student fee,Education
WALGREENS #8777 $81.07 Consultation,,Healthcare
Disability,Investment return,Income
Republic Services,فواتير,Bills & Utilities
MEDICAL CENTER $412.52,,Healthcare
Central Computer,,Shopping
Plant Store,,Other
AMC THEATRES NEW YORK $149.21,,Entertainment
Public Storage,Repair,Housing
IRS TREAS 310 TAX REF,,Income
X-ray,Blood work,Healthcare
Hobby Lobby,Slippers,Shopping
Rite Aid,쇼핑,Shopping
GOVERNMENT PAYMENT $72.35,,Other
Water Park,развлечения,Entertainment
STEAM PURCHASE $138.56 Premium subscription,,Entertainment
ONLINE ORDER Micro Center,,Shopping
NIKE.COM ORDER PURCHASE Sandals,,Shopping
T-MOBILE AUTOPAY $218.04,,Bills & Utilities
La Taqueria,,Food & Drink
Vanpool,Bridge toll,Transport
Alaska Airlines,In-flight meal,Transport
Whole Foods,jantar,Food & Drink
Aspen Dental,,Healthcare
BEST BUY #1468 TOKYO Microtransaction,,Shopping
Live Nation,Pedicure,Entertainment
Public Transit,taxi,Transport
Alaska Airlines,Flight,Transport
VENMO CASHOUT $1416.47 Consulting,,Income
LinkedIn Learning,مدرسة,Education
Rental Income,Award,Income
AMC THEATRES DUBAI $107.39 Art show,,Entertainment
DIVIDEND YARD $2593.57,,Income
Retirement Distribution,remboursement,Income
Travelers,Monthly fee,Bills & Utilities
ONLINE PURCHASE Carl's Jr..COM,,Food & Drink
BEST BUY #1890 LOS ANGELES,,Shopping
Udemy,Application fee,Education
AMAZON.COM PURCHASE $440.95 Shoes,,Shopping
Flipkart,In-app purchase,Shopping
PROPERTY TAX $511.95,,Housing
Paintball,Concert,Entertainment
DIVIDEND E*TR $107.78,,Income
Amtrak,Taxi,Transport
RECURRING PAYMENT Sewer District,,Bills & Utilities
DOORDASH *Qdoba PURCHASE Weekend brunch,,Food & Drink
PHARMACY PURCHASE $1490.45 Surgery,,Healthcare
UNITED AIRLINES $729.41,,Transport
AUTOPAY VERIZON WIRELESS $114.39,,Bills & Utilities
Pet Hospital,Counseling,Healthcare
Adidas,Electronics,Shopping
Shake Shack,Sandwich,Food & Drink
UDEMY COURSE $1050.54,,Education
ACH CREDIT Employer Payroll Freelance work,,Income
PLURALSIGHT $997.49 Language class,,Education
DEBIT PURCHASE Verizon Store Gadgets,,Shopping
Facebook Marketplace Housing,hogar,Housing
Employer Inc.,,Income
Mercado Libre,T-shirt,Shopping
DIRECT DEBIT Health Insurance $40.23,,Bills & Utilities
Fuel,,Transport
Budget Truck,Move-in fee,Housing
Spirit,हवाई जहाज,Transport
Internet Bill,,Bills & Utilities
Mental Health,Procedure,Healthcare
Steam,,Shopping
COMCAST CABLE $248.51 Utility bill,,Bills & Utilities
QUEST DIAGNOSTICS $311.21 Dental work,,Healthcare
VOD,Play,Entertainment
Publix,,Food & Drink
Cathay Pacific,यात्रा,Transport
STOCK SALE CRYP $4242.26 Investment return,,Income
License Renewal,,Education
Gas Bill,Cable,Bills & Utilities
QUEST DIAGNOSTICS $922.77 Diabetic supplies,,Healthcare
Vivint,Electric bill,Bills & Utilities
Sauna,Bowling night,Entertainment
STEAM PURCHASE $158.97,,Entertainment
Appliance Store,loyer,Housing
Tidal,Art show,Entertainment
Longhorn Steakhouse,,Food & Drink
HOME DEPOT.COM $1479.08 Cleaning,,Housing
Vanguard,Annual tax refund,Income
Habitat for Humanity,Shipping,Other
LabCorp,,Healthcare
Xfinity,,Bills & Utilities
TJX,옷,Shopping
LOWES #3762 $1577.81,,Housing
Realtor.com,Hotel,Housing
Tax Return,Insurance payout,Income
ADT,बिल,Bills & Utilities
USAA,,Bills & Utilities
Chili's,Lunch,Food & Drink
Marshalls,Art supplies,Shopping
EA Play,Museum visit,Entertainment
Sewer District,請求書,Bills & Utilities
Art Gallery,,Entertainment
Opera,Live show,Entertainment
Go-Karts,Music,Entertainment
Amazon,,Shopping
PARKING HOUSTON $663.93 Street parking,,Transport
Appliance Store,,Housing
Ambulance,牙科,Healthcare
Concert,,Entertainment
Nest,Renovation,Housing
Ambulance,,Healthcare
CARD 3683 PURCHASE Tropical Smoothie,,Food & Drink
Con Edison,Water bill,Bills & Utilities
Jamba Juice,Cappuccino,Food & Drink
UBER *TRIP $28.24,,Transport
DoorDash Order,,Food & Drink
Pet Store,,Other
GMAT Prep,Dance class,Education
PLAYSTATION STORE $91.36 Meditation app,,Entertainment
Kaplan,школа,Education
Steam,,Entertainment
Cisco Learning,Textbook,Education
Facebook Marketplace,loyer,Housing
Chipotle Mexican Grill,comestibles,Food & Drink
Charity,Tithe,Other
UDEMY COURSE $1420.26 Test preparation,,Education
DENTAL ASSOCIATES $1403.67 Counseling,,Healthcare
Ring,Annual premium,Bills & Utilities
OneDrive,Late fee,Bills & Utilities
WESTERN UNION $184.52 Gift card purchase,,Other
Cash Back,Freelance payment,Income
MAINTENANCE Painting $2914.76 Rent,,Housing
Coffee Shop,Breakfast,Food & Drink
Brinks,Deductible,Bills & Utilities
Delta Airlines,,Transport
Card Game,Battle pass,Entertainment
ASOS,Phone case,Shopping
Gusto Payroll,Donation received,Income
Car2Go,Round trip,Transport
SSDI,salaire,Income
HOME DEPOT #3780 $1944.19 Hotel,,Housing
TICKETMASTER $59.34,,Entertainment
Lease Payment,топливо,Transport
Dermatologist,Medical visit,Healthcare
Chipotle STORE #9860 PURCHASE Breakfast,,Food & Drink
Seminar,Course,Education
MISC PURCHASE $161.87,,Other
Tutor,पाठ्यक्रम,Education
Textbook Store,Tuition,Education
Subscription Service,일반,Other
STEAM PURCHASE $157.90 Fair,,Entertainment
Sweetgreen,Fresh produce,Food & Drink
Gym Membership,Finance charge,Bills & Utilities
Fitness Class,Streaming subscription,Entertainment
Ophthalmologist,Vitamins,Healthcare
Hardwood,住宅,Housing
H&M,Phone case,Shopping
PHARMACY PURCHASE $739.54 Orthodontist,,Healthcare
Princeton Review,Certificate program,Education
Bass Pro Shops,商店,Shopping
Federal Refund,,Income
Garage Door,Utility deposit,Housing
COMCAST CABLE $301.26 Family plan,,Bills & Utilities
WAL-MART SUPERCENTER #1874,,Shopping
HOA Payment,Utility deposit,Housing
Plumber,Maintenance,Housing
Sprint,Broadband,Bills & Utilities
GOVERNMENT PAYMENT $118.77,,Other
Audible,,Entertainment
Deductible payment,,Healthcare
USPS POSTAGE $6.25 Certification,,Other
METRO TRANSIT $564.96,,Transport
Kroger,,Food & Drink
HOA DUES $1430.23 Lawn mowing,,Housing
Carpool,Auto payment,Transport
Disney+,,Entertainment
Gojek,Airport transfer,Transport
PLAYSTATION STORE $8.25 Season pass,,Entertainment
Venmo,Claim settlement,Income
DEBIT PURCHASE Bath & Body Works,,Shopping
Employer Payroll,,Income
Health Insurance,公共料金,Bills & Utilities
Nationwide,,Bills & Utilities
West End,,Entertainment
Psychologist,,Healthcare
Walmart Pharmacy,Glasses,Healthcare
AUTOPAY VERIZON WIRELESS $70.97,,Bills & Utilities
UDEMY COURSE $1422.91,,Education
Michaels,खरीदारी,Shopping
AAA,Fuel,Transport
PG&E ELECTRIC $82.63 Deductible,,Bills & Utilities
Museum,Movie ticket,Entertainment
Gusto Payroll,reembolso,Income
Shake Shack SUBSCRIPTION RENEWAL,,Food & Drink
Verizon,utilitaires,Bills & Utilities
Pluralsight,Textbook,Education
HOSPITAL BILL $264.99,,Healthcare
ACH CREDIT Yard Sale Freelance work,,Income
BANK FEE $153.86 Gift card purchase,,Other
Urgent Care,Medical visit,Healthcare
E*Trade,,Income
Remittance,Monthly subscription,Other
Attorney,diversos,Other
Gojek,Auto payment,Transport
Nordstrom,Earrings,Shopping
MEDICAL CENTER $68.41,,Healthcare
Flatiron School,Textbook,Education
Tax Payment,,Bills & Utilities
Yoga Studio,коммунальные,Bills & Utilities
Taco Bell,कॉफी,Food & Drink
BJ's Wholesale,Jacket,Shopping
ATM WITHDRAWAL FEE Tithe,,Other
UNITED AIRLINES $496.06 Bus fare,,Transport
Regal Cinemas,Art show,Entertainment
BANK FEE $85.81,,Other
DEBIT PURCHASE Retail Purchase,,Shopping
Etsy,Licensing,Income
VRBO,hipoteca,Housing
Tax Return,,Income
Life Insurance,,Bills & Utilities
Paychex,,Income
UBER *TRIP $564.73 Lyft,,Transport
BioReference,,Healthcare
Booking.com,,Housing
Apple TV+,,Entertainment
Flatiron School,,Education
Qatar Airways,,Transport
Retainer,,Income
USPS POSTAGE $148.38,,Other
Bonus Payment,付款,Income
WALGREENS #5217 $1181.65,,Healthcare
SKILLSHARE $398.26,,Education
NIKE.COM ORDER PURCHASE,,Shopping
GameStop,Necklace,Shopping
Xfinity,サブスクリプション,Bills & Utilities
Nando's,Alcohol,Food & Drink
NIKE.COM ORDER PURCHASE Camping,,Shopping
PLURALSIGHT $333.59,,Education
ACH CREDIT Bonus,,Income
Refund,Settlement check,Income
FEDEx SHIPPING $119.08,,Other
X-ray,pharmacie,Healthcare
WALGREENS #2103 $1356.59 Vitamins,,Healthcare
Walgreens,,Shopping
HOME DEPOT #8933 $2310.98 Tax payment,,Housing
Theme Park,,Entertainment
Costa Coffee,아침,Food & Drink
Tile,Home insurance,Housing
Smoothie King,ランチ,Food & Drink
MISC PURCHASE $48.90,,Other
DOORDASH *Zaxby's PURCHASE,,Food & Drink
DIVIDEND ROBI $1089.25 Gig economy,,Income
Dutch Bros,晚餐,Food & Drink
SPOTIFY USA $195.32 Fitness class,,Entertainment
Penske,Move-in fee,Housing
Bowling,खेल,Entertainment
HOA DUES $1306.55,,Housing
Psychiatrist,Braces,Healthcare
LYFT RIDES $642.30 Annual pass,,Transport
Chevron,транспорт,Transport
At Home,,Shopping
Dishoom SUBSCRIPTION RENEWAL,,Food & Drink
Nike,منزل,Shopping
Planned Parenthood,больница,Healthcare
GEICO PAYMENT $60.27,,Bills & Utilities
UNIVERSITY TUITION $921.33,,Education
Apple Music,Monitoring fee,Bills & Utilities
Radiology Associates,,Healthcare
Carpet,,Housing
RECURRING PAYMENT Planet Fitness,,Bills & Utilities
MORTGAGE PAYMENT $2499.86 Lawn mowing,,Housing
METRO TRANSIT $209.60 Gas,,Transport
Smoothie Bar,,Food & Drink
PayPal,,Income
U-Haul,Airbnb stay,Housing
LensCrafters,,Healthcare
Verizon,مرافق,Bills & Utilities
Post Office,,Other
Pest Control,Property tax,Housing
Mayo Clinic,krankenhaus,Healthcare
Locksmith,,Housing
AMAZON.COM PURCHASE $227.90 Microtransaction,,Shopping
iCloud,Gas bill,Bills & Utilities
ONLINE PURCHASE Shake Shack.COM,,Food & Drink
SKILLSHARE $433.18 Grant,,Education
IRCTC,самолет,Transport
COURSERA PURCHASE $1104.35,,Education
Airbnb,,Income
Mortgage,,Housing
PayPal,付款,Income
Employer Payroll,Settlement check,Income
UBER EATS *Burger King PURCHASE Brunch,,Food & Drink
Termite Treatment,Remodel,Housing
Duolingo,,Education
Roofing,reparación,Housing
Betting,,Entertainment
Smart Home,,Housing
Model building,Movie,Entertainment
HOA DUES $906.98,,Housing
Festival pass,стриминг,Entertainment
AMAZON.COM PURCHASE $268.50,,Shopping
DEBIT CARD PURCHASE Coffee Shop,,Food & Drink
AUTOPAY VERIZON WIRELESS $294.91,,Bills & Utilities
METRO TRANSIT $229.18,,Transport
BANK FEE $180.03,,Other
Carpool,táxi,Transport
AMC THEATRES TORONTO $91.67 Music streaming,,Entertainment
HOME DEPOT.COM $656.78,,Housing
DEBIT PURCHASE Microsoft Store,,Shopping
U-Haul,,Housing
Buffalo Wild Wings,저녁,Food & Drink
BEST BUY #9707 TORONTO,,Shopping
Orthopedist,,Healthcare
EXXON MOBIL #8105,,Transport
COMCAST CABLE $194.56,,Bills & Utilities
Community College,,Education
Freelance Client,Freelance payment,Income
Avis,,Transport
TARGET T-1410 PURCHASE App purchase,,Shopping
Sears Optical,,Healthcare
Indian Railways,,Transport
Airbnb,Direct deposit,Income
ONLINE ORDER Overstock,,Shopping
COMCAST CABLE $160.83,,Bills & Utilities
STEAM PURCHASE $47.66 Digital purchase,,Entertainment
DEBIT PURCHASE Flipkart,,Shopping
Termite Treatment,,Housing
Oil Change,,Transport
TICKETMASTER $114.76 Facial,,Entertainment
Bond Maturity,,Income
LIVE NATION $178.49,,Entertainment
Kate Spade,vêtements,Shopping
Megabus,نقل,Transport
Coursera Plus,,Education
Freelance Client,,Income
Allstate,Standing order,Bills & Utilities
NIKE.COM ORDER PURCHASE Retail,,Shopping
Redfin,家,Housing
DIRECT DEPOSIT PAYROLL $2128.20 Refund,,Income
UPS SHIPPING $136.37,,Other
Discovery+,मनोरंजन,Entertainment
Mosque,Prepaid load,Other
Moe's Southwest Grill,,Food & Drink
BANK FEE $9.92 Accounting,,Other
Bank Fee,Daycare,Other
Nykaa,Speaker,Shopping
Ticketmaster,Game night,Entertainment
STATE FARM INS $249.59,,Bills & Utilities
UBER *TRIP $259.82 Vehicle lease,,Transport
FiOS,Administrative fee,Bills & Utilities
Test Prep,Tuition payment,Education
Vision Center,,Healthcare
Bath & Body Works,Makeup,Shopping
Guitar Lessons,école,Education
Remittance,,Other
Bonus Payment,Commission,Income
Rentokil,,Housing
Grooming,Kennel,Other
Water Company,Family plan,Bills & Utilities
Duke Energy,Auto-pay,Bills & Utilities
Samsung,,Shopping
Travelers,Standing order,Bills & Utilities
Wendy's,merceria,Food & Drink
Skillshare,,Education
Toptal,Coaching,Income
Certification Program,دورة,Education
Movie rental,流媒体,Entertainment
Surgery,,Healthcare
COURSERA PURCHASE $1377.23 Dance class,,Education
REI,Coat,Shopping
AT&T Store,School supplies,Shopping
SAT Prep,Textbook,Education
Pret A Manger,咖啡,Food & Drink
Google Career Certificates,SAT prep,Education
Hobby Lobby,Clothing,Shopping
Severance,Points redemption,Income
SPOTIFY USA $39.70,,Entertainment
Community College,Online course,Education
Mosquito Control,Airbnb stay,Housing
Lambda School,,Education
Content subscription,,Entertainment
Property Management Co.,Hotel,Housing
Condo Fee,,Housing
XBOX LIVE $181.01 Live music,,Entertainment
Refund,راتب,Income
H-E-B,Weekly groceries,Food & Drink
Robinhood,収入,Income
PARKING CHICAGO $648.40 Express lane,,Transport
LOWES #5080 $2723.63,,Housing
AMAZON.COM PURCHASE $96.52 Dress,,Shopping
Museum,juegos,Entertainment
License Fee,Donation received,Income
CARD 3466 PURCHASE Sweet Tomatoes Morning coffee,,Food & Drink
HOME DEPOT #4709 $2725.03,,Housing
Yo! Sushi STORE #9107 PURCHASE Espresso,,Food & Drink
WAL-MART SUPERCENTER #6613,,Shopping
YouTube Premium,Cable,Bills & Utilities
Medical bill,LASIK,Healthcare
WAL-MART SUPERCENTER #2012,,Shopping
RENT PAYMENT $1817.42,,Housing
Enterprise Rent-A-Car,Diesel,Transport
METRO TRANSIT $7.61,,Transport
DEBIT CARD PURCHASE Walmart Latte,,Food & Drink
CVS PHARMACY #8899 $959.58 Wellness visit,,Healthcare
Casino,Live music,Entertainment
Prepaid plan,,Bills & Utilities
RENT PAYMENT $1087.55 Repair supplies,,Housing
Certification Program,,Education
STATE FARM INS $30.63 Overdue payment,,Bills & Utilities
Data plan,,Bills & Utilities
Freelancer.com,Bonus,Income
Kumon,,Education
American Home Shield,주택,Housing
Hard Rock Cafe,Steak,Food & Drink
IRS TREAS 310 TAX REF GoFundMe,,Income
Brilliant,Cooking class,Education
DELTA AIR LINES $468.75,,Transport
HOME DEPOT #3442 $1529.89 HOA fee,,Housing
DIRECT DEBIT Water Bill $335.48,,Bills & Utilities
iHeartRadio,,Entertainment
Art Gallery,音楽,Entertainment
Republic Services,Monthly fee,Bills & Utilities
General Assembly,escuela,Education
Pet Boarding,Babysitting,Other
DEBIT PURCHASE Central Computer Art supplies,,Shopping
COMCAST CABLE $171.96 Gas bill,,Bills & Utilities
IRCTC,出租车,Transport
UNITED AIRLINES $163.58 Flight,,Transport
SCHOOL PAYMENT $601.30 Test preparation,,Education
DIRECT DEBIT Electric Bill $294.97,,Bills & Utilities
UNIVERSITY TUITION $512.33 Books,,Education
Mosquito Control,,Housing
Mount Sinai,,Healthcare
Commission,,Income
Penalty,أخرى,Other
Condo Fee,家賃,Housing
Roofing,,Housing
Treehouse,Financial aid,Education
USPS,Misc purchase,Other
Pet Boarding,,Other
ATM Fee,misceláneos,Other
Gusto Payroll,Shop earnings,Income
Popeyes,,Food & Drink
Squarespace,,Income
ACH CREDIT Refund Stock dividend,,Income
Stanford Online,Books,Education
Khan Academy,Cooking class,Education
Pool Service,loyer,Housing
Comixology,मनोरंजन,Entertainment
Deezer,musik,Entertainment
App Academy,,Education
Trade School,كتب,Education
Deezer,,Entertainment
USPS POSTAGE $12.98 Infraction,,Other
BP,Parking daily,Transport
Shell,,Transport
Public Storage,Utility deposit,Housing
Disney+,,Bills & Utilities
BEST BUY #5166 MUMBAI,,Shopping
CT scan,X-ray,Healthcare
METRO TRANSIT $244.86,,Transport
Macy's,홈,Shopping
Tonkotsu Ramen,,Food & Drink
Disability,Freelance payment,Income
CVS Pharmacy,,Healthcare
KAISER PERMANENTE $777.87,,Healthcare
Zillow,Rent,Housing
CVS Pharmacy,X-ray,Healthcare
Zelle,환급,Income
Merry Maids,Cleaning,Housing
Wine Shop STORE #7478 PURCHASE,,Food & Drink
Home Security,Internet,Bills & Utilities
Property Tax,Overdue payment,Bills & Utilities
Xbox Store,मनोरंजन,Entertainment
Thai Basil,Salad,Food & Drink
Wingstop,,Food & Drink
AMC THEATRES HOUSTON $163.24,,Entertainment
Kaplan,Fellowship,Education
Dave & Buster's,किराने का सामान,Food & Drink
Qdoba,ресторан,Food & Drink
Gift Card,Filing fee,Other
Toll,geral,Other
Hulu,बिल,Bills & Utilities
Frontier,viaje,Transport
COMCAST CABLE $257.03 Internet,,Bills & Utilities
Walmart,electrónica,Shopping
Ambulance,salud,Healthcare
Merry Maids,,Housing
XBOX LIVE $24.34 Premium subscription,,Entertainment
HOA Payment,hypothek,Housing
CubeSmart,Packing,Housing
Omio,reise,Transport
Rail Europe,,Transport
WALGREENS #8554 $687.31 Prescription,,Healthcare
XBOX LIVE $96.43 Podcast,,Entertainment
AT&T Store,Watch,Shopping
Rainforest Cafe STORE #3974 PURCHASE Catering order,,Food & Drink
Property Tax,Airbnb stay,Housing
USPS POSTAGE $38.42,,Other
PROPERTY TAX $1656.23,,Housing
Pandora,エンターテイメント,Entertainment
Brake Service,Tire rotation,Transport
American Home Shield,Maintenance,Housing
Trust Distribution,,Income
HOME DEPOT #4981 $1287.71,,Housing
Garage Sale,Refund,Income
Duke Energy,versicherung,Bills & Utilities
Carpool,Supercharger,Transport
HomeGoods,Sneakers,Shopping
Direct Energy,보험,Bills & Utilities
STOCK SALE ROYA $2287.84 Gig payment,,Income
License Renewal,Workshop,Education
JioMart,Ring,Shopping
UNIVERSITY TUITION $541.71 Tech course,,Education
Medical Center,,Healthcare
Radiology Associates,медицина,Healthcare
Whole Foods,Latte,Food & Drink
TICKETMASTER $115.46,,Entertainment
Aquarium,,Entertainment
HOSPITAL BILL $1114.24,,Healthcare
PG&E ELECTRIC $309.61 Cloud storage,,Bills & Utilities
Aspen Dental,dentista,Healthcare
Deductible payment,صحة,Healthcare
Supplement,مستشفى,Healthcare
DIVIDEND EMPL $4783.68 Prize,,Income
Subway,Cake,Food & Drink
Tax Preparer,Misc purchase,Other
LOWES #1026 $1119.36 Windows,,Housing
Babbel,Music,Entertainment
COURSERA PURCHASE $60.01,,Education
Xbox Store,,Entertainment
Home Depot,Hardware,Shopping
DEBIT PURCHASE Steam Birthday gift,,Shopping
MEDICAL CENTER $747.13,,Healthcare
Venmo,State refund,Income
ONLINE ORDER REI,,Shopping
Spotify,,Bills & Utilities
UNIVERSITY TUITION $587.59,,Education
Furniture Store,मरम्मत,Housing
DOORDASH *Denny's PURCHASE,,Food & Drink
Apartments.com,Storage,Housing
Nike,쇼핑,Shopping
Tip,,Income
Bolt,Airport transfer,Transport
LOWES #8362 $1990.33 Airbnb stay,,Housing
APPLE STORE PURCHASE $242.81 Coat,,Shopping
Self Storage,Misc purchase,Other
Red Cross,Faxing,Other
XBOX LIVE $68.08,,Entertainment
Papa John's,Frappuccino,Food & Drink
Hawaiian Airlines,Annual pass,Transport
Mayo Clinic,Vitamins,Healthcare
PAYPAL TRANSFER $9189.69 Capital gains,,Income
Pharmacy,X-ray,Healthcare
PURCHASE AUTHORIZED Buffalo Wild Wings $37.53,,Food & Drink
PLAYSTATION STORE $50.82 Annual plan,,Entertainment
TaskRabbit,,Housing
Jump Start,In-flight meal,Transport
Gas Station,reise,Transport
CVS PHARMACY #1258 $574.87,,Healthcare
Gym Membership,Cable,Bills & Utilities
Bakery,レストラン,Food & Drink
HBO Max,Convenience fee,Bills & Utilities
Greyhound,EV charging,Transport
AT&T,monthly charge,Bills & Utilities
Toptal,,Income
FlixBus,,Transport
Valet Parking,Airport shuttle,Transport
Grab,سفر,Transport
Progressive,Direct debit,Bills & Utilities
Penalty,기타,Other
STEAM PURCHASE $105.17 Gym membership,,Entertainment
Chipotle,,Food & Drink
Pho Hoa,,Food & Drink
Spa Day,Pay-per-view,Entertainment
Prepaid Card,Certification,Other
Genki Sushi,,Food & Drink
Direct Energy,تأمين,Bills & Utilities
Employer Inc.,Cash back reward,Income
Book Store,Learning,Education
Daycare,различные,Other
QUEST DIAGNOSTICS $956.19,,Healthcare
NETFLIX.COM $175.80,,Entertainment
Urgent Care,,Healthcare
XBOX LIVE $154.68,,Entertainment
Toll,Car rental,Transport
Little Caesars SUBSCRIPTION RENEWAL Fries,,Food & Drink
Twitch,E-book,Entertainment
Uber,Gas,Transport
Recycling,подписка,Bills & Utilities
MISC PURCHASE $42.34 Uncategorized,,Other
United Way,Pressing,Other
DIVIDEND DISA $8084.69 Licensing,,Income
Venmo,Insurance payout,Income
RENT PAYMENT $1540.50,,Housing
Banggood,,Shopping
Notary,,Other
PROPERTY TAX $1150.84,,Housing
STATE TREASURY REFUND Freelance payment,,Income
LOWES #8668 $2036.59 Property tax,,Housing
Psychiatrist,चिकित्सा,Healthcare
Storage Unit,Landscaping,Housing
Ultrasound,Doctor visit,Healthcare
UBER *TRIP $732.88,,Transport
Painting,홈,Housing
CVS PHARMACY #1538 $571.20,,Healthcare
Electrify America,出租车,Transport
MISC PURCHASE $125.50 Kennel,,Other
Veterinarian,Prescription,Healthcare
Community College,مدرسة,Education
STOCK SALE AIRB $1103.76 Patent income,,Income
Notebooks,,Education
Heartland Dental,,Healthcare
CompTIA,مدرسة,Education
Squarespace,Royalties,Income
BEST BUY #4031 CHICAGO,,Shopping
Longhorn Steakhouse,Late night snack,Food & Drink
Insurance Premium,Security system,Bills & Utilities
Medicine,चिकित्सा,Healthcare
Dry Cleaners,Wire,Other
SNCF,,Transport
MISC PURCHASE $63.98,,Other
T-MOBILE AUTOPAY $287.85,,Bills & Utilities
School Supplies,Study material,Education
CreativeLive,Guitar lesson,Education
PG&E ELECTRIC $307.33 Direct debit,,Bills & Utilities
Florist,diversos,Other
Apartment,,Housing
HOSPITAL BILL $1094.88,,Healthcare
POS PURCHASE Souplantation TOKYO Water,,Food & Drink
Warehouse,прочее,Other
QUEST DIAGNOSTICS $568.56 Medical bill,,Healthcare
Spa Day,,Entertainment
DIRECT DEBIT Liberty Mutual $224.67,,Bills & Utilities
EXXON MOBIL #8008 Seat upgrade,,Transport
Tip,Sublease,Income
TARGET T-6227 PURCHASE,,Shopping
Game Ticket,Streaming subscription,Entertainment
GCP Training,Technology fee,Education
Chili's,еда,Food & Drink
Textbook Store,,Education
Crutches,Surgery,Healthcare
Kaplan,,Education
ATM WITHDRAWAL FEE,,Other
BP Pulse,gasolina,Transport
Insurance Premium,Subscription,Bills & Utilities
Direct Deposit,,Income
Vivid Seats,musique,Entertainment
Card Game,Play,Entertainment
Salvation Army,Retainer,Other
CVS PHARMACY #6139 $369.69,,Healthcare
Lottery Ticket,Postage,Other
Nanny,Prepaid load,Other
VENMO CASHOUT $738.95,,Income
Discovery+,Pay-per-view,Entertainment
Snow Removal,Deep clean,Housing
WAL-MART SUPERCENTER #3709 Hiking,,Shopping
RECURRING PAYMENT Allstate Cable,,Bills & Utilities
HOME DEPOT #3573 $2150.97 Maintenance,,Housing
PURCHASE AUTHORIZED Souplantation $80.88,,Food & Drink
ASOS,Tools,Shopping
BP,Airport shuttle,Transport
Contractor,,Housing
COURSERA PURCHASE $1769.97,,Education
Appliance Store,租金,Housing
AUTOPAY VERIZON WIRELESS $230.20,,Bills & Utilities
Hulu,Manicure,Entertainment
Fidelity,Royalties,Income
Microsoft 365,Software subscription,Bills & Utilities
DIRECT DEPOSIT PAYROLL $1975.45,,Income
Go-Karts,,Entertainment
Rebate,Claim settlement,Income
SSDI,,Income
Continuing Education,Grant,Education
METRO TRANSIT $106.39,,Transport
Daycare,Other expense,Other
MAINTENANCE Smart Lock $2656.06 Lawn mowing,,Housing
AMAZON.COM PURCHASE $167.65,,Shopping
Electric Bill,,Bills & Utilities
Skillsoft,,Education
BANK FEE $71.48 Delivery,,Other
METRO TRANSIT $80.67,,Transport
Crate & Barrel,ملابس,Shopping
Professional Development,,Education
GEICO PAYMENT $232.69 Recurring charge,,Bills & Utilities
Freelancer.com,paiement,Income
Pest Control,Windows,Housing
PAYPAL TRANSFER $1744.02,,Income
DELTA AIR LINES $111.04 Diesel,,Transport
Nationwide,Cloud storage,Bills & Utilities
Orthopedist,Physical exam,Healthcare
Nightclub,Fitness class,Entertainment
Longhorn Steakhouse,Snack,Food & Drink
Car Wash,First class,Transport
Ring Doorbell,Plumber,Housing
TARGET T-2406 PURCHASE Bracelet,,Shopping
Employer Payroll,Cash back reward,Income
DELTA AIR LINES $155.88 Premium gas,,Transport
NETFLIX.COM $26.65 Rental,,Entertainment
Barnes & Noble,DLC,Entertainment
Steam,Sandals,Shopping
SKILLSHARE $1105.86,,Education
DEBIT PURCHASE Cabela's,,Shopping
E*Trade,Capital gains,Income
Coursera,Monthly subscription,Education
Liberty Mutual,,Bills & Utilities
PAYPAL TRANSFER $1490.92 Gig payment,,Income
Parking,,Other
TICKETMASTER $135.83,,Entertainment
Xbox Game Pass,,Entertainment
AT&T,保险,Bills & Utilities
Storage,,Other
CT scan,Braces,Healthcare
FiOS,Convenience fee,Bills & Utilities
ONLINE PURCHASE Papa Murphy's.COM Holiday dinner,,Food & Drink
TXU Energy,Cable,Bills & Utilities
Etsy,Prize,Income
Planet Fitness,تأمين,Bills & Utilities
Pension,Donation received,Income
Health Insurance,Gas bill,Bills & Utilities
Personal Trainer,Season pass,Entertainment
Laser Tag,流媒体,Entertainment
DEBIT CARD PURCHASE Baskin-Robbins,,Food & Drink
Plant Store,общее,Other
PG&E ELECTRIC $99.36 Late fee,,Bills & Utilities
Home Warranty,,Housing
COURSERA PURCHASE $417.11,,Education
PG&E ELECTRIC $166.07,,Bills & Utilities
Udemy,学校,Education
LSAT Prep,Martial arts,Education
Guitar Lessons,,Education
Sylvan Learning,,Education
Locksmith,ипотека,Housing
Community Center,ATM,Other
Physical Therapy,больница,Healthcare
Planned Parenthood,,Healthcare
Roofing,Pest control,Housing
AXS,kino,Entertainment
Molly Maid,,Housing
VENMO CASHOUT $2957.17 Part-time work,,Income
CareNow,X-ray,Healthcare
Applebee's,Juice,Food & Drink
PHARMACY PURCHASE $152.90 Crown,,Healthcare
KAISER PERMANENTE $1315.38 Consultation,,Healthcare
PARKING BERLIN $56.18 Inspection,,Transport
Longhorn Steakhouse,Breakfast,Food & Drink
Water Company,Water bill,Bills & Utilities
STEAM PURCHASE $107.29,,Entertainment
Lottery,,Entertainment
DEBIT PURCHASE CVS,,Shopping
Kaiser Permanente,,Healthcare
Security System,hypothèque,Housing
Roofing,Vacation rental,Housing
Handyman,Monthly mortgage,Housing
ATM WITHDRAWAL FEE General expense,,Other
Zelle,,Income
LYFT RIDES $225.20,,Transport
Fine,Other expense,Other
Vanguard,,Income
Lufthansa,Inspection,Transport
Facebook Marketplace Housing,Paint,Housing
Casino,Bank fee,Other
PlayStation Plus,Theatre,Entertainment
LeetCode,Fellowship,Education
Hardwood,سكن,Housing
USPS POSTAGE $70.28,,Other
STEAM PURCHASE $76.63,,Entertainment
Trader Joe's,,Food & Drink
STATE FARM INS $38.54 Utility bill,,Bills & Utilities
TARGET T-3943 PURCHASE,,Shopping
Accountant,,Other
Verizon,बिल,Bills & Utilities
Reebok,,Shopping
IKEA,Maternity,Shopping
COURSERA PURCHASE $37.85,,Education
STOCK SALE ROBI $9257.62,,Income
Delta Airlines,Flight ticket,Transport
Government,Tax prep,Other
Social Security,Side hustle,Income
Commission,환급,Income
TARGET T-3298 PURCHASE,,Shopping
Orkin,Flooring,Housing
Urologist,Lab results,Healthcare
Chanel,,Shopping
HOME DEPOT #8337 $1442.08,,Housing
Zara,,Shopping
CVS PHARMACY #3865 $374.32 Medical supplies,,Healthcare
Shell Recharge,First class,Transport
Neurologist,Dental checkup,Healthcare
USPS POSTAGE $163.67,,Other
Gift Money,,Income
Etsy,GoFundMe,Income
RECURRING PAYMENT Ring Wireless service,,Bills & Utilities
Singapore Airlines,Uber,Transport
Cold Stone STORE #5006 PURCHASE Meal,,Food & Drink
Coursera Plus,educación,Education
Dermatologist,,Healthcare
Stationery,Scholarship,Education
SHELL OIL LONDON #4395 Gas,,Transport
Pay-per-view,,Entertainment
School,университет,Education
USPS POSTAGE $197.08,,Other
SCHOOL PAYMENT $17.00,,Education
Greyhound,Bridge toll,Transport
UBER EATS *Papa Murphy's PURCHASE,,Food & Drink
Thai Basil,Catering order,Food & Drink
Puma,Clothing,Shopping
RedBus,Car wash,Transport
USPS POSTAGE $115.77,,Other
FEDEx SHIPPING $170.75 Scanning,,Other
LIVE NATION $186.12,,Entertainment
TGI Friday's,Coffee,Food & Drink
Taco Bell,Wrap,Food & Drink
Lease,Landscaping,Housing
Stock Sale,Donation received,Income
Nando's,Pizza,Food & Drink
Netflix,Add-on content,Entertainment
Lime,benzin,Transport
Parking Meter,táxi,Transport
BOOK STORE $480.24,,Education
SSDI,Cash back reward,Income
WALGREENS #4855 $524.62 Pharmacy,,Healthcare
Conference,Scholarship,Education
Heartland Dental,pharmacie,Healthcare
Online Shopping,Gift,Shopping
PHARMACY PURCHASE $1498.23,,Healthcare
CompTIA,,Education
UDEMY COURSE $412.48,,Education
Disability,Consulting,Income
Kate Spade,,Shopping
HOSPITAL BILL $1274.19,,Healthcare
New Balance,家居,Shopping
Car2Go,旅行,Transport
METRO TRANSIT $698.61,,Transport
MORTGAGE PAYMENT $2217.78,,Housing
UNIVERSITY TUITION $911.70,,Education
GEICO PAYMENT $286.66,,Bills & Utilities
Surgery,Hospital stay,Healthcare
Workshop,curso,Education
LOWES #3842 $2874.96 Utility deposit,,Housing
MEDICAL CENTER $576.61,,Healthcare
PAYPAL TRANSFER $106.75,,Income
Gas Bill,Interest charge,Bills & Utilities
LOWES #3615 $1780.08 Smart home,,Housing
Brilliant,Art class,Education
Steam,Live show,Entertainment
Gift Card,其他,Other
COMCAST CABLE $299.39 Electric bill,,Bills & Utilities
Marco's Pizza STORE #7436 PURCHASE,,Food & Drink
AT&T Store,einkaufen,Shopping
ACH CREDIT Rewards Contract work,,Income
GEICO PAYMENT $198.55 Monthly fee,,Bills & Utilities
ATM WITHDRAWAL FEE Monthly subscription,,Other
Life Insurance,Monthly fee,Bills & Utilities
Apple,zuhause,Shopping
HOA DUES $2413.40 HOA fee,,Housing
Burger King STORE #4407 PURCHASE Delivery,,Food & Drink
Optometrist,COVID vaccine,Healthcare
Denny's,,Food & Drink
Spotify,música,Entertainment
Gas Station,Bridge toll,Transport
First American,Mattress,Housing
Alliance Française,Tech course,Education
Poker Night,Annual plan,Entertainment
Amazon Prime,Interest charge,Bills & Utilities
HP,Hat,Shopping
Gojek,택시,Transport
WAL-MART SUPERCENTER #8465 Charger,,Shopping
PG&E ELECTRIC $65.28,,Bills & Utilities
Ophthalmologist,Flu shot,Healthcare
Late Fee,各种,Other
Tax Payment,Overdue payment,Bills & Utilities
SPOTIFY USA $173.13 Monthly subscription,,Entertainment
KFC,,Food & Drink
STATE TREASURY REFUND Licensing,,Income
Venmo,remboursement,Income
Zelle,Bonus,Income
Temple,,Other
STEAM PURCHASE $143.06,,Entertainment
FedEx,allgemein,Other
Gmail,Processing fee,Bills & Utilities
Craigslist Housing,,Housing
Realtor.com,주택담보대출,Housing
Carpool,Registration,Transport
Sam's Club,Sandals,Shopping
Dunkin',,Food & Drink
UDEMY COURSE $1082.67 Tuition payment,,Education
USPS POSTAGE $34.33 Consultation,,Other
West Elm,खरीदारी,Shopping
DENTAL ASSOCIATES $830.80 Extraction,,Healthcare
ACH CREDIT Gift Money,,Income
UPS SHIPPING $82.40,,Other
UNITED AIRLINES $646.44,,Transport
Prepaid plan,Standing order,Bills & Utilities
Urologist,चिकित्सा,Healthcare
Health insurance copay,,Healthcare
Bonus Payment,आय,Income
STEAM PURCHASE $7.97,,Entertainment
Home Security,,Bills & Utilities
Dior,zuhause,Shopping
Mount Sinai,Pet vet visit,Healthcare
PROPERTY TAX $1357.47,,Housing
Florist,Childcare,Other
Coach,Adapter,Shopping
Etsy,hogar,Shopping
Spotify,Software subscription,Bills & Utilities
Curry House SUBSCRIPTION RENEWAL,,Food & Drink
SSDI,einkommen,Income
Drugstore,Medical visit,Healthcare
Gift Card,Notary,Other
Heartland Dental,Root canal,Healthcare
BEST BUY #1314 SAO PAULO Accessories,,Shopping
AMC THEATRES HOUSTON $80.99 Podcast,,Entertainment
USAA,उपयोगिताएँ,Bills & Utilities
Plant Store,Lost item,Other
Cracker Barrel,레스토랑,Food & Drink
JetBlue,viagem,Transport
WAL-MART SUPERCENTER #3060 Makeup,,Shopping
Streaming service,,Entertainment
Tropical Smoothie,Seafood,Food & Drink
Property Tax,청구서,Bills & Utilities
CVS,Fragrance,Shopping
Home Depot,Clothing,Shopping
LA Fitness,Auto-pay,Bills & Utilities
Kumon,Grant,Education
Parking Garage,出租车,Transport
ATM WITHDRAWAL FEE Unknown,,Other
Mortgage,Storage,Housing
MAINTENANCE Electrician $2588.16,,Housing
The Halal Guys,,Food & Drink
PROPERTY TAX $617.20 Flooring,,Housing
HBO Max,Internet,Bills & Utilities
Intellectual Property,,Income
METRO TRANSIT $604.38,,Transport
Adidas,Pet supplies,Shopping
Upwork,Royalties,Income
Storage Unit,Garden,Housing
Settlement,,Income
Taco Bell STORE #5489 PURCHASE,,Food & Drink
Vision Center,medizinisch,Healthcare
MRI,Pharmacy,Healthcare
Deli,Counter service,Food & Drink
Paramount+,Karaoke night,Entertainment
AMC THEATRES DUBAI $132.05,,Entertainment
Facebook Marketplace,vivienda,Housing
Pension,,Income
Five Below,Office supplies,Shopping
PROPERTY TAX $2185.63 Rent,,Housing
Paintball,,Entertainment
ONLINE ORDER E-commerce Purchase Birthday gift,,Shopping
Counseling Center,,Healthcare
AUTOPAY VERIZON WIRELESS $169.18 monthly charge,,Bills & Utilities
DEBIT PURCHASE Louis Vuitton,,Shopping
Banggood,покупки,Shopping
Bet,,Other
TARGET T-5626 PURCHASE,,Shopping
Dermatologist,Root canal,Healthcare
HOA Payment,,Housing
Inheritance,,Income
MEDICAL CENTER $933.22,,Healthcare
Sainsbury's,Food,Food & Drink
ONLINE PURCHASE Insomnia Cookies.COM Burger,,Food & Drink
Puma,Clothes,Shopping
Gmail,factures,Bills & Utilities
ACH CREDIT PayPal Side hustle,,Income
Appliance Store,Landscaping,Housing
PAYPAL TRANSFER $2921.20 Monthly salary,,Income
ATM WITHDRAWAL FEE Miscellaneous,,Other
Mortgage,Handyman,Housing
BOOK STORE $1217.47 Tuition,,Education
Spectrum,,Bills & Utilities
HOA DUES $2794.86 Property tax,,Housing
LOWES #2139 $773.60 HOA fee,,Housing
Dell,,Shopping
IRS,환급,Income
IRS TREAS 310 TAX REF Advisory,,Income
PROPERTY TAX $2629.64 Rent,,Housing
GEICO PAYMENT $267.40 Standing order,,Bills & Utilities
Vanguard,Dividend payment,Income
Sonic,,Food & Drink
Greyhound,Airline ticket,Transport
Airline Ticket,Annual pass,Transport
PAYPAL TRANSFER $3965.93,,Income
Improv,,Entertainment
USAA,Recurring charge,Bills & Utilities
Medical bill,Orthodontist,Healthcare
Under Armour,Quarterly box,Shopping
Consignment,misceláneos,Other
UNIVERSITY TUITION $881.06,,Education
OneDrive,Water bill,Bills & Utilities
DEBIT PURCHASE Wayfair Subscription box,,Shopping
Cisco Learning,,Education
SHELL OIL SINGAPORE #2658,,Transport
Codecademy,도서,Education
Uber,燃料,Transport
DIRECT DEPOSIT PAYROLL $8065.49 Freelance work,,Income
MISC PURCHASE $186.97,,Other
U-Haul,reparo,Housing
PayPal,pago,Income
STATE FARM INS $184.54,,Bills & Utilities
Streaming service,música,Entertainment
AMAZON.COM PURCHASE $200.36,,Shopping
Concert,Music streaming,Entertainment
Big Lots,Kids clothing,Shopping
Verizon Store,Maternity,Shopping
Hobby Lobby,In-app purchase,Shopping
Rainforest Cafe,desayuno,Food & Drink
E-ZPass,Fuel,Transport
Professional Development,Degree program,Education
Babbel,,Entertainment
WESTERN UNION $24.36,,Other
UNIVERSITY TUITION $1297.87 Books,,Education
Samsung Store,Quarterly box,Shopping
AliExpress,Microtransaction,Shopping
PLAYSTATION STORE $69.78,,Entertainment
Condo Fee,Maid service,Housing
Naan Stop,,Food & Drink
Thrifty,transporte,Transport
TARGET T-2663 PURCHASE,,Shopping
Religious Organization,,Other
CHEGG STUDY $314.60,,Education
Tidal,Season pass,Entertainment
StubHub,Pay-per-view,Entertainment
DENTAL ASSOCIATES $131.22,,Healthcare
DENTAL ASSOCIATES $1394.11,,Healthcare
GMAT Prep,课程,Education
CARD 9119 PURCHASE Papa John's Sushi,,Food & Drink
Cardiologist,Medical,Healthcare
Water Park,cinema,Entertainment
Rainforest Cafe,,Food & Drink
HOSPITAL BILL $1387.89 Flu shot,,Healthcare
STATE FARM INS $254.50,,Bills & Utilities
HOME DEPOT #5555 $1754.49 Storage,,Housing
Heartland Dental,병원,Healthcare
Dental Associates,,Healthcare
D&D Session,Meditation app,Entertainment
Booking.com,Lease payment,Housing
Papa John's SUBSCRIPTION RENEWAL,,Food & Drink
METRO TRANSIT $614.00,,Transport
PHARMACY PURCHASE $765.38 Pharmacy,,Healthcare
Property Management Co.,Contractor,Housing
Taco Bell,Quick bite,Food & Drink
Apprenticeship,,Education
VENMO CASHOUT $7753.21,,Income
Rehab Associates,,Healthcare
B&H Photo,,Shopping
Water Park,,Entertainment
STATE FARM INS $318.40 Cloud storage,,Bills & Utilities
Penalty,Boarding,Other
Workshop,,Education
HOSPITAL BILL $119.44 Dental cleaning,,Healthcare
Gratuity,Royalties,Income
AUTOPAY VERIZON WIRELESS $166.67,,Bills & Utilities
Tesla Supercharger,,Transport
ONLINE PURCHASE Tea House.COM,,Food & Drink
STEAM PURCHASE $25.97 Live show,,Entertainment
Comcast,Monitoring fee,Bills & Utilities
UNITED AIRLINES $632.46 Parking fee,,Transport
GOVERNMENT PAYMENT $193.55 ATM,,Other
Freelance Payment,,Income
AWS Training,,Education
Community Center,各種,Other
Walgreens,स्वास्थ्य,Healthcare
Sears Optical,Vaccination,Healthcare
Vision Center,hospital,Healthcare
Tile,Monthly rent,Housing
FiOS,보험,Bills & Utilities
EXXON MOBIL #5817 Charging,,Transport
Flooring,बंधक,Housing
GOVERNMENT PAYMENT $170.89,,Other
XBOX LIVE $152.37,,Entertainment
License Renewal,курс,Education
Food Market,,Food & Drink
MEDICAL CENTER $301.22,,Healthcare
Xbox Game Pass,ترفيه,Entertainment
At Home,옷,Shopping
License Fee,IRS refund,Income
RECURRING PAYMENT Child Support Software subscription,,Bills & Utilities
OB/GYN,farmácia,Healthcare
Shell Recharge,,Transport
PLAYSTATION STORE $9.58 DLC,,Entertainment
GOVERNMENT PAYMENT $85.27 Postage,,Other
Tesla Supercharger,ईंधन,Transport
USPS POSTAGE $95.02,,Other
El Pollo Loco,All-you-can-eat,Food & Drink
Neiman Marcus,Home decor,Shopping
Budget Truck,Decor,Housing
Surgery,药房,Healthcare
DEBIT PURCHASE Walgreens Scarf,,Shopping
Health Insurance,Software subscription,Bills & Utilities
POS PURCHASE Ben & Jerry's HOUSTON,,Food & Drink
COMCAST CABLE $238.71 Monthly premium,,Bills & Utilities
HOA DUES $944.80 Handyman,,Housing
Western Union,Pressing,Other
Paychex,Prize,Income
UNIVERSITY TUITION $232.15 Registration fee,,Education
Disability,Gig economy,Income
Public Transit,,Transport
KAISER PERMANENTE $791.73,,Healthcare
Tile,casa,Housing
Coinbase,급여,Income
La Taqueria,Soda,Food & Drink
Nintendo Online,,Entertainment
Louis Vuitton,electrónica,Shopping
Game Ticket,Add-on content,Entertainment
Shopify,Rental income,Income
TaskRabbit,Move-in fee,Housing
CrossFit,Electric bill,Bills & Utilities
Training Course,,Education
Opera,엔터테인먼트,Entertainment
Bird,Bridge toll,Transport
Language School,كتب,Education
Vanguard,State refund,Income
Textbook Store,Study material,Education
El Pollo Loco,저녁,Food & Drink
T-MOBILE AUTOPAY $33.18,,Bills & Utilities
Imaging Center,,Healthcare
STATE FARM INS $336.75 Utility bill,,Bills & Utilities
H&M,,Shopping
IRCTC,Regular gas,Transport
COURSERA PURCHASE $584.03,,Education
Tax Preparer,General expense,Other
SKILLSHARE $1644.41,,Education
TNT,विभिन्न,Other
SCHOOL PAYMENT $1594.08,,Education
Coursera,Swimming lesson,Education
BEST BUY #7012 TORONTO Quarterly box,,Shopping
UNIVERSITY TUITION $1949.03 Loan payment,,Education
LYFT RIDES $108.66,,Transport
SKILLSHARE $801.35,,Education
Consignment,,Other
Direct Energy,servicios,Bills & Utilities
BlaBlaCar,Bus fare,Transport
Vet Clinic,,Healthcare
AMAZON.COM PURCHASE $276.31 DLC,,Shopping
Prescription,Counseling,Healthcare
Hack Reactor,educación,Education
MAINTENANCE Craigslist Housing $2263.51,,Housing
Tutor,,Education
NETFLIX.COM $19.25,,Entertainment
TICKETMASTER $37.76,,Entertainment
TJX,,Shopping
Rental Income,Part-time work,Income
LSAT Prep,,Education
Lottery Ticket,一般,Other
Subscription Service,Filing fee,Other
Kroger,Weekend brunch,Food & Drink
Terminix,réparation,Housing
Vocational Training,Application fee,Education
Condo Fees,versorgung,Bills & Utilities
Starbucks Reserve,Weekend brunch,Food & Drink
StubHub,,Entertainment
Car Rental,旅行,Transport
Udemy,,Education
CARD 3132 PURCHASE Longhorn Steakhouse Beer,,Food & Drink
Pizza Place,Frappuccino,Food & Drink
WALGREENS #6039 $503.61,,Healthcare
PLAYSTATION STORE $183.34 Training session,,Entertainment
LIVE NATION $61.71,,Entertainment
Plumber,수리,Housing
POS PURCHASE Kroger SINGAPORE,,Food & Drink
Souplantation,Espresso,Food & Drink
Rental Income,Online sale,Income
CARD 4265 PURCHASE Dutch Bros,,Food & Drink
Craft supplies,,Entertainment
Goethe Institut,Online learning,Education
QUEST DIAGNOSTICS $1310.36 CPAP supplies,,Healthcare
Alimony,Broadband,Bills & Utilities
CARD 3285 PURCHASE Starbucks Reserve Dinner,,Food & Drink
Music School,,Education
Counseling Center,Pharmacy,Healthcare
BANK FEE $179.68 Handling,,Other
YouTube Music,E-book,Entertainment
DOORDASH *Jamba Juice PURCHASE,,Food & Drink
UNITED AIRLINES $469.05 Auto payment,,Transport
BOOK STORE $1691.51 Technology fee,,Education
UBER EATS *Sweet Tomatoes PURCHASE,,Food & Drink
PHARMACY PURCHASE $522.24 Extraction,,Healthcare
DIRECT DEPOSIT PAYROLL $9196.51,,Income
DENTAL ASSOCIATES $63.17,,Healthcare
Amtrak,Brake pads,Transport
HOA Payment,मरम्मत,Housing
Deezer,cinéma,Entertainment
Pet Hospital,,Healthcare
MISC PURCHASE $41.61,,Other
Monthly Pass,avião,Transport
Property Tax,Tax payment,Housing
Hardwood,,Housing
MinuteClinic,,Healthcare
Lottery Winnings,Freelance payment,Income
Hertz,EV charging,Transport
VENMO CASHOUT $8220.85,,Income
UPS SHIPPING $75.61,,Other
Sears Optical,Blood work,Healthcare
Nando's,Bowl,Food & Drink
Retainer,Insurance payout,Income
UDEMY COURSE $817.91,,Education
Legal Services,,Other
DIVIDEND EMPL $505.40,,Income
APPLE STORE PURCHASE $493.35 Microtransaction,,Shopping
GEICO PAYMENT $175.66 Broadband,,Bills & Utilities
Lowe's,Outdoor gear,Shopping
Condo Fee,Tax payment,Housing
MORTGAGE PAYMENT $1545.26 Paint,,Housing
WAL-MART SUPERCENTER #1174 Necklace,,Shopping
DIRECT DEPOSIT PAYROLL $1113.06,,Income
Seminar,,Education
Apprenticeship,교육,Education
Phone Bill,Broadband,Bills & Utilities
WALGREENS #9648 $357.41,,Healthcare
YouTube Music,,Entertainment
AliExpress,,Shopping
Micro Center,Wedding gift,Shopping
UBER *TRIP $268.92,,Transport
Model building,음악,Entertainment
DIVIDEND SALE $1133.19,,Income
Trust Distribution,Paycheck,Income
Physical Therapy,स्वास्थ्य,Healthcare
ASOS,電子機器,Shopping
Publix SUBSCRIPTION RENEWAL,,Food & Drink
Bank Fee,,Other
AMAZON.COM PURCHASE $221.85 Clothing,,Shopping
Prescription,,Healthcare
Kate Spade,geschäft,Shopping
Pottery Barn,,Shopping
Nanny,общее,Other
EVgo,,Transport
T-MOBILE AUTOPAY $213.17 Installation fee,,Bills & Utilities
PHARMACY PURCHASE $1123.87 Flu shot,,Healthcare
STATE TREASURY REFUND GoFundMe,,Income
HOA DUES $2090.15 Deep clean,,Housing
Sainsbury's,Deli order,Food & Drink
CARD 0784 PURCHASE Krispy Kreme,,Food & Drink
STEAM PURCHASE $160.72,,Entertainment
EXXON MOBIL #5392 Taxi,,Transport
ACH CREDIT Charles Schwab,,Income
VENMO CASHOUT $7317.81,,Income
Doctor,صيدلية,Healthcare
BANK FEE $56.53 Gift card purchase,,Other
PROPERTY TAX $694.82 Airbnb stay,,Housing
Mental Health,Eye exam,Healthcare
APPLE STORE PURCHASE $83.48,,Shopping
PLAYSTATION STORE $22.73 Art show,,Entertainment
OB/GYN,COVID vaccine,Healthcare
WESTERN UNION $1.78,,Other
AMAZON.COM PURCHASE $377.75,,Shopping
Pay-per-view,Movie,Entertainment
Rite Aid,,Healthcare
La Taqueria,comestibles,Food & Drink
Sylvan Learning,Certification,Education
Burger King,Weekend brunch,Food & Drink
Newegg,Sunglasses,Shopping
SPOTIFY USA $59.93,,Entertainment
AT&T,Interest charge,Bills & Utilities
MAINTENANCE HomeAdvisor $819.90 Pest control,,Housing
Princeton Review,,Education
Capital Gains,,Income
Kate Spade,elektronik,Shopping
TJ Maxx,,Shopping
Carpet,Repair,Housing
GEICO PAYMENT $148.46,,Bills & Utilities
Certification Program,Registration fee,Education
Apple Music,,Bills & Utilities
Safeway,Family meal,Food & Drink
DENTAL ASSOCIATES $1107.47,,Healthcare
Mortgage,miete,Housing
Rite Aid,hospital,Healthcare
Intellectual Property,Rental income,Income
Golden Corral,Weekly groceries,Food & Drink
United Airlines,Metro pass,Transport
Royalty Payment,Side hustle,Income
Yard Sale,Refund,Income
UNIVERSITY TUITION $1522.01 Swimming lesson,,Education
Sweetgreen,,Food & Drink
Berlitz,Fellowship,Education
Car Wash,,Transport
Maid Brigade,zuhause,Housing
Cleveland Clinic,अस्पताल,Healthcare
Vivid Seats,Concert,Entertainment
Nike,,Shopping
Women's Health Center,Blood work,Healthcare
Baggage Fee,,Transport
Medical Center,Retainer,Healthcare
EVgo,Metro pass,Transport
Ring,,Bills & Utilities
Juice Bar,,Food & Drink
SHELL OIL BERLIN #9576,,Transport
Auto Insurance,Interest charge,Bills & Utilities
DIRECT DEBIT Health Insurance $161.53,,Bills & Utilities
GOVERNMENT PAYMENT $113.01,,Other
BP,Gas,Transport
Whole Foods,Groceries,Food & Drink
QUEST DIAGNOSTICS $545.63,,Healthcare
WALGREENS #9461 $961.32 Medical supplies,,Healthcare
AMC Theatres,DLC,Entertainment
XBOX LIVE $151.60,,Entertainment
Transit Pass,燃料,Transport
DIRECT DEBIT AT&T $315.46,,Bills & Utilities
WAL-MART SUPERCENTER #7234 Hiking,,Shopping
STATE FARM INS $63.07 Wireless service,,Bills & Utilities
WESTERN UNION $52.22 Retainer,,Other
GEICO PAYMENT $158.85,,Bills & Utilities
Apple TV+,Digital purchase,Entertainment
Metro Card,Daily commute,Transport
Retainer,Gig economy,Income
Pet Supplies Plus,Online shopping,Shopping
LOWES #9572 $2725.57 Flooring,,Housing
Panera Bread,Taco,Food & Drink
State Farm,,Bills & Utilities
LA Fitness,,Bills & Utilities
Funimation,,Entertainment
ONLINE ORDER Prada,,Shopping
Smart Home,घर,Housing
RECURRING PAYMENT Prepaid plan Electric bill,,Bills & Utilities
Lottery Ticket,Stamp,Other
Gucci,Holiday gift,Shopping
Bonus Payment,Capital gains,Income
FutureLearn,Degree program,Education
Fidelity,Part-time work,Income
Pet Store,general,Other
Metro,Express lane,Transport
Instacart Grocery,,Food & Drink
SNCF,EV charging,Transport
Bass Pro Shops,Sneakers,Shopping
Appliance Store,Plumber,Housing
iHeartRadio,Rental,Entertainment
Parking Garage,سفر,Transport
Myntra,Toddler,Shopping
Crypto Exchange,دفعة,Income
Walmart Pharmacy,,Healthcare
ONLINE PURCHASE IHOP.COM Burrito,,Food & Drink
Interest Payment,,Income
Church,,Other
NETFLIX.COM $33.59 Series,,Entertainment
Social Security,зарплата,Income
Dunkin',Drive-through,Food & Drink
PlayStation Store,In-game purchase,Entertainment
PLURALSIGHT $1701.03 Student loan,,Education
Reliant Energy,Standing order,Bills & Utilities
WAL-MART SUPERCENTER #3261,,Shopping
CVS PHARMACY #5457 $1337.90,,Healthcare
USPS POSTAGE $166.34,,Other
EXXON MOBIL #8282 Inspection,,Transport
Pet Boarding,Stamp,Other
FasTrak,旅行,Transport
Zaxby's,,Food & Drink
LYFT RIDES $526.61 First class,,Transport
Wetherspoons,ресторан,Food & Drink
Longhorn Steakhouse,Counter service,Food & Drink
Ace Hardware,,Housing
MoneyGram,Contribution,Other
USPS POSTAGE $131.11 Penalty,,Other
Molly Maid,Decor,Housing
BANK FEE $54.79 Bank fee,,Other
Panda Express,,Food & Drink
ASOS,Charger,Shopping
Blood test,,Healthcare
COURSERA PURCHASE $30.40,,Education
Jack in the Box,,Food & Drink
Service Charge,разное,Other
XBOX LIVE $68.29,,Entertainment
University,Data science course,Education
BANK FEE $10.75,,Other
MasterClass,学校,Education
Doctor,krankenhaus,Healthcare
FutureLearn,Guitar lesson,Education
PURCHASE AUTHORIZED Ramen Ichiran $36.98 Fresh produce,,Food & Drink
Ola,Brake pads,Transport
PLURALSIGHT $136.44 Financial aid,,Education
UBER *TRIP $164.50 Auto payment,,Transport
Mechanic,,Transport
Jack in the Box,Weekly groceries,Food & Drink
AUTOPAY VERIZON WIRELESS $106.58,,Bills & Utilities
Yoga,Karaoke night,Entertainment
STATE FARM INS $122.05,,Bills & Utilities
Blood test,Pet surgery,Healthcare
LIVE NATION $173.80,,Entertainment
Renters Insurance,Broadband,Bills & Utilities
MORTGAGE PAYMENT $1121.40 Security deposit,,Housing
Ashley Furniture,Outdoor gear,Shopping
Bath & Body Works,,Shopping
UNITED AIRLINES $538.94 Supercharger,,Transport
Trulia,,Housing
WAL-MART SUPERCENTER #5682 Keyboard,,Shopping
COMCAST CABLE $192.12,,Bills & Utilities
SimpliSafe,Fiber,Bills & Utilities
PLURALSIGHT $1530.37,,Education
TNT,,Other
El Pollo Loco,,Food & Drink
Deezer,Gallery exhibition,Entertainment
Wetherspoons,Quick bite,Food & Drink
DIRECT DEBIT Ring $174.58,,Bills & Utilities
Southwest Airlines,Gas,Transport
Ashley Furniture,,Shopping
Town Hall,diversos,Other
Kroger STORE #1456 PURCHASE,,Food & Drink
FEDEx SHIPPING $151.02,,Other
HP,Scarf,Shopping
Best Buy,geschäft,Shopping
Peet's Coffee,Ramen,Food & Drink
BANK FEE $188.72,,Other
United Airlines,Lyft,Transport
ONLINE PURCHASE Pret A Manger.COM,,Food & Drink
UBER EATS *Pizza Hut PURCHASE,,Food & Drink
UNITED AIRLINES $699.20 Gas,,Transport
Kumon,강좌,Education
Furniture Store,,Housing
Longhorn Steakhouse SUBSCRIPTION RENEWAL Catering order,,Food & Drink
Nationwide,Cable,Bills & Utilities
Qdoba,,Food & Drink
PLURALSIGHT $1104.62,,Education
SHELL OIL PARIS #6716,,Transport
Marco's Pizza,,Food & Drink
SCHOOL PAYMENT $1438.68,,Education
Electrical,Repair supplies,Housing
STOCK SALE BONU $1237.02 Paycheck,,Income
Orkin,Home insurance,Housing
freeCodeCamp,,Education
Dairy Queen,खाना,Food & Drink
SPOTIFY USA $136.08,,Entertainment
GameStop,,Shopping
Ambulance,Flu shot,Healthcare
Pet Emergency,مستشفى,Healthcare
Gift Card,,Other
Content subscription,E-book,Entertainment
STOCK SALE 401K $9732.04,,Income
DIVIDEND REWA $9765.08 Consulting,,Income
Cash Back,Gift card redemption,Income
Ticketmaster,Music,Entertainment
Camera equipment,娱乐,Entertainment
CARD 5867 PURCHASE Chipotle Lunch,,Food & Drink
MISC PURCHASE $188.09,,Other
REI,전자제품,Shopping
ONLINE PURCHASE Instacart Grocery.COM,,Food & Drink
STATE FARM INS $98.84 autopay,,Bills & Utilities
Mayo Clinic,Blood work,Healthcare
COMCAST CABLE $251.16,,Bills & Utilities
Red Lobster,Burger,Food & Drink
FEDEx SHIPPING $150.98,,Other
WAL-MART SUPERCENTER #7182 Hat,,Shopping
Mental Health,медицина,Healthcare
Lyft,Monthly transit,Transport
GOVERNMENT PAYMENT $185.50 Legal fee,,Other
EXXON MOBIL #6623 Long distance ride,,Transport
Casino,,Other
Lidl,Drive-through,Food & Drink
School Supplies,,Education
Pest Control,Home insurance,Housing
LeetCode,학교,Education
Medical equipment,Treatment,Healthcare
TICKETMASTER $79.93 Festival,,Entertainment
MinuteClinic,Follow-up,Healthcare
MetLife,Annual premium,Bills & Utilities
City Bus,,Transport
School,教育,Education
Goethe Institut,,Education
Smart Home,Property tax,Housing
FEDEx SHIPPING $25.96 Postage,,Other
Government,सामान्य,Other
MasterClass,,Education
Karaoke,流媒体,Entertainment
Marketplace Order,Clothes,Shopping
DEBIT PURCHASE Gucci,,Shopping
Health insurance copay,مستشفى,Healthcare
Seafood Market STORE #4661 PURCHASE,,Food & Drink
Phone plan,订阅,Bills & Utilities
PlayStation Store,Movie,Entertainment
PARKING DUBAI $495.11,,Transport
GEICO PAYMENT $161.16 Installation fee,,Bills & Utilities
Online Shopping,,Shopping
STATE FARM INS $170.93,,Bills & Utilities
STATE FARM INS $33.04 Monitoring fee,,Bills & Utilities
Rite Aid,santé,Healthcare
SPOTIFY USA $126.25,,Entertainment
DEBIT CARD PURCHASE Papa Murphy's,,Food & Drink
RENT PAYMENT $1027.96,,Housing
Rewards,Consulting,Income
Vocational Training,Books,Education
CPA,Boarding,Other
Grab,Bridge toll,Transport
PARKING PARIS $398.01,,Transport
PROPERTY TAX $2718.74,,Housing
PLURALSIGHT $1978.61,,Education
HOSPITAL BILL $1498.41 Physical exam,,Healthcare
Electrician,किराया,Housing
Poker Night,,Entertainment
Noodle Shop,Deli order,Food & Drink
Paintball,Series,Entertainment
Princeton Review,Textbook,Education
ONLINE PURCHASE Dishoom.COM,,Food & Drink
Family plan,Gas bill,Bills & Utilities
LIVE NATION $41.99 Live music,,Entertainment
XBOX LIVE $127.38,,Entertainment
QUEST DIAGNOSTICS $1317.96 Doctor visit,,Healthcare
UNIVERSITY TUITION $1512.77,,Education
BEST BUY #8798 HOUSTON,,Shopping
UNITED AIRLINES $207.20,,Transport
Severance,Gig economy,Income
Terminix,,Housing
Microsoft Store,Hardware,Shopping
Yellow Cab,,Transport
AMAZON.COM PURCHASE $271.93 Apparel,,Shopping
Freelance Client,ingresos,Income
DIRECT DEBIT Hulu $330.01 Direct debit,,Bills & Utilities
Pet Boarding,Certification,Other
Home Depot,,Housing
PARKING SYDNEY $754.57,,Transport
Renters Insurance,,Bills & Utilities
GRE Prep,Yoga class,Education
EVgo,교통,Transport
GameStop,Tools,Shopping
Condo Fees,Finance charge,Bills & Utilities
Curry House,Wrap,Food & Drink
BANK FEE $47.36,,Other
Penalty,Gift card purchase,Other
VENMO CASHOUT $8148.58,,Income
RENT PAYMENT $2888.56,,Housing
Neurologist,,Healthcare
MISC PURCHASE $69.70,,Other
Game pass,音乐,Entertainment
VENMO CASHOUT $1194.48,,Income
Amtrak,Annual pass,Transport
FedEx,Miscellaneous,Other
Department Store,Accessories,Shopping
Sonic,restaurant,Food & Drink
Hobby Lobby,कपड़े,Shopping
GEICO PAYMENT $175.16 Direct debit,,Bills & Utilities
Lowe's,Maintenance,Housing
Laser Tag,,Entertainment
PLAYSTATION STORE $149.37 Live music,,Entertainment
KAISER PERMANENTE $1011.25 Pet surgery,,Healthcare
AT&T,,Bills & Utilities
Apple,Keyboard,Shopping
Paycheck,,Income
MAINTENANCE Terminix $2700.60 Repair supplies,,Housing
UDEMY COURSE $1625.57 Grant,,Education
Penske,Handyman,Housing
Cleaning Service,Handyman,Housing
METRO TRANSIT $257.68,,Transport
Southwest Airlines,,Transport
Home Insurance,Cable,Bills & Utilities
HOA Dues,monthly charge,Bills & Utilities
Metro Card,Supercharger,Transport
SKILLSHARE $785.23 Swimming lesson,,Education
eBay,elektronik,Shopping
Dior,,Shopping
Duke Energy,Convenience fee,Bills & Utilities
PHARMACY PURCHASE $500.34 Dental checkup,,Healthcare
LabCorp,Follow-up,Healthcare
WALGREENS #7243 $937.64,,Healthcare
Airport,ईंधन,Transport
Apple Music,Installation fee,Bills & Utilities
ONLINE ORDER Pottery Barn,,Shopping
Panda Express,Snack,Food & Drink
Chick-fil-A,Wrap,Food & Drink
PAYPAL TRANSFER $1044.62 Overtime,,Income
Smart Lock,Electrician,Housing
Cleaning Service,,Housing
Consignment,Wire,Other
UPS SHIPPING $133.93 Monthly subscription,,Other
Travelers,seguro,Bills & Utilities
DIRECT DEPOSIT PAYROLL $2535.96 Stock dividend,,Income
Royalty Payment,ingresos,Income
Bloomingdale's,,Shopping
Life Coach,,Healthcare
HOA Payment,Hotel,Housing
Bond Maturity,給与,Income
D&D Session,Spa treatment,Entertainment
METRO TRANSIT $253.06 Flight ticket,,Transport
Ultrasound,Consultation,Healthcare
Animal Hospital,Doctor visit,Healthcare
APPLE STORE PURCHASE $190.10 Beauty products,,Shopping
Fiverr,Advisory,Income
NETFLIX.COM $151.63,,Entertainment
AT&T Store,Digital purchase,Shopping
VENMO CASHOUT $4780.23,,Income
Notary,Unit rental,Other
Gojek,,Transport
Instacart Grocery,Family meal,Food & Drink
TARGET T-3511 PURCHASE,,Shopping
BANK FEE $101.36 Shipping,,Other
Green Mountain Energy,,Bills & Utilities
YouTube Premium,Series,Entertainment
POS PURCHASE Walmart LONDON Takeout,,Food & Drink
Plumbing,Maintenance,Housing
GOVERNMENT PAYMENT $125.35,,Other
Best Buy,casa,Shopping
Papa Murphy's,обед,Food & Drink
Myntra,,Shopping
NETFLIX.COM $171.54,,Entertainment
Physical Therapy,Annual checkup,Healthcare
ONLINE PURCHASE Texas Roadhouse.COM Takeout,,Food & Drink
Rentokil,住宅,Housing
HOME DEPOT.COM $2793.56,,Housing
Renters Insurance,Overdue payment,Bills & Utilities
HOME DEPOT #7088 $1213.62 Landscaping,,Housing
FEDEx SHIPPING $93.92,,Other
College,كتب,Education
Sylvan Learning,كتب,Education
Jump Start,Uber,Transport
RENT PAYMENT $1618.20 Storage,,Housing
STATE FARM INS $97.18,,Bills & Utilities
PlayStation Store,,Entertainment
STOCK SALE AIRB $443.84,,Income
Dollar Tree,,Shopping
Facebook Marketplace Housing,किराया,Housing
PHARMACY PURCHASE $434.86,,Healthcare
PLURALSIGHT $111.45 Application fee,,Education
Flower Shop,Daycare,Other
HOA DUES $1960.95,,Housing
MISC PURCHASE $90.07 Daycare,,Other
Phone Bill,Subscription,Bills & Utilities
Women's Health Center,hôpital,Healthcare
Longhorn Steakhouse,Date night,Food & Drink
QUEST DIAGNOSTICS $440.29,,Healthcare
Nest,réparation,Housing
Rainforest Cafe,Cake,Food & Drink
TARGET T-1913 PURCHASE,,Shopping
Recycling,Administrative fee,Bills & Utilities
Cava,식료품,Food & Drink
POS PURCHASE Souplantation DUBAI Buffet,,Food & Drink
Surgery,फार्मेसी,Healthcare
Kroger,식료품,Food & Drink
T-Mobile,abonnement,Bills & Utilities
SHELL OIL DUBAI #9035,,Transport
Recycling,,Bills & Utilities
DIRECT DEPOSIT PAYROLL $4591.99 Bond interest,,Income
Gas Station,Daily commute,Transport
AUTOPAY VERIZON WIRELESS $198.69,,Bills & Utilities
SHELL OIL SEOUL #6438 Monthly transit,,Transport
Auto Repair,,Transport
AMAZON.COM PURCHASE $346.77 Office supplies,,Shopping
MRI,Medical supplies,Healthcare
Furniture Store,Utility deposit,Housing
WESTERN UNION $90.76 Certification,,Other
CARD 1641 PURCHASE Wetherspoons,,Food & Drink
Planet Fitness,Installation fee,Bills & Utilities
Wine Shop,Weekly groceries,Food & Drink
STOCK SALE FIDE $7804.43 Gift card redemption,,Income
Rehab Associates,LASIK,Healthcare
BANK FEE $86.62,,Other
FutureLearn,,Education
Mosque,Scanning,Other
Ride Share,,Transport
Craigslist Housing,Smart home,Housing
Salvation Army,Postage,Other
LOWES #7058 $1230.03,,Housing
County Tax,Insurance,Bills & Utilities
ATM Fee,,Other
Sports Event,Documentary,Entertainment
Chick-fil-A,,Food & Drink
Lab work,Therapy,Healthcare
Religious Organization,geral,Other
FedEx Office,Babysitting,Other
Vision Center,Crown,Healthcare
PURCHASE AUTHORIZED La Taqueria $84.48,,Food & Drink
ADT,,Bills & Utilities
Late Fee,Certification,Other
U-Haul,임대,Housing
CHEGG STUDY $1786.83,,Education
Sainsbury's,,Food & Drink
Lyft,Detailing,Transport
Vocational Training,Textbook,Education
EXXON MOBIL #9176,,Transport
Animal Hospital,أسنان,Healthcare
Books-A-Million,Hiking,Shopping
Childcare,общее,Other
UNIVERSITY TUITION $1762.10 Swimming lesson,,Education
Spectrum,Service fee,Bills & Utilities
CARD 5538 PURCHASE Naan Stop Counter service,,Food & Drink
Biryani Palace,Juice,Food & Drink
Sport Rehab,médico,Healthcare
Sports Event,Training session,Entertainment
Women's Health Center,saúde,Healthcare
iCloud,Water bill,Bills & Utilities
Pet Boarding,Consultation,Other
STATE FARM INS $77.51 Family plan,,Bills & Utilities
Book Store,Books,Education
Laser Tag,Digital purchase,Entertainment
AMAZON.COM PURCHASE $14.65 Speaker,,Shopping
Nando's,Sandwich,Food & Drink
Water Bill,فواتير,Bills & Utilities
Quest Diagnostics,Physical exam,Healthcare
Pluralsight,livros,Education
Shake Shack SUBSCRIPTION RENEWAL Iced Coffee,,Food & Drink
PAYPAL TRANSFER $3663.07,,Income
Azure Certification,Student loan,Education
PROPERTY TAX $2467.13 Repair,,Housing
QUEST DIAGNOSTICS $782.73 Vitamins,,Healthcare
Paramount+,Podcast,Entertainment
Dior,Shoes,Shopping
Chevron,gasolina,Transport
Habitat for Humanity,Postage,Other
DIRECT DEBIT Disney+ $114.86,,Bills & Utilities
Hard Rock Cafe,Late night snack,Food & Drink
Health insurance copay,Flu shot,Healthcare
Lawyer,Shipping,Other
Stationery,Course,Education
HOME DEPOT.COM $515.67,,Housing
Megabus,Uber,Transport
Greyhound,топливо,Transport
APPLE STORE PURCHASE $305.30,,Shopping
GEICO PAYMENT $32.24 Direct debit,,Bills & Utilities
PAYPAL TRANSFER $2853.37 Online sale,,Income
Bonus Payment,,Income
COURSERA PURCHASE $193.91 Online course,,Education
SCHOOL PAYMENT $1855.86,,Education
Life Coach,saúde,Healthcare
Chick-fil-A,Birthday cake,Food & Drink
Terminix,hipoteca,Housing
Mosquito Control,hipoteca,Housing
Property Management Co.,Airbnb stay,Housing
Sport Rehab,Emergency,Healthcare
Walmart,Milkshake,Food & Drink
DELTA AIR LINES $449.90,,Transport
Panda Express,Juice,Food & Drink
Greggs,,Food & Drink
TJ Maxx,Hardware,Shopping
Fiverr,einkommen,Income
Sewer District,Interest charge,Bills & Utilities
H-E-B,,Food & Drink
WESTERN UNION $23.43,,Other
Tesco,Burger,Food & Drink
FedEx,Boarding,Other
HOME DEPOT.COM $925.38,,Housing
Tonkotsu Ramen,Fries,Food & Drink
QUEST DIAGNOSTICS $197.81,,Healthcare
Duke Energy,تأمين,Bills & Utilities
TICKETMASTER $50.31,,Entertainment
Adidas,,Shopping
LIVE NATION $6.72,,Entertainment
Auto Insurance,EV charging,Transport
DELTA AIR LINES $95.62 Taxi,,Transport
Toll,,Transport
Vet Clinic,Medical bill,Healthcare
Papa John's,아침,Food & Drink
UNIVERSITY TUITION $723.90 Study material,,Education
HOME DEPOT #4081 $1310.57,,Housing
Neurologist,Contacts,Healthcare
UBER EATS *Coffee Shop PURCHASE,,Food & Drink
Wheelchair,Retainer,Healthcare
PG&E ELECTRIC $318.59,,Bills & Utilities
MoneyGram,متنوع,Other
MAINTENANCE Plumbing $1796.54,,Housing
Alliance Française,Degree program,Education
KAISER PERMANENTE $613.48,,Healthcare
New Balance,App purchase,Shopping
XBOX LIVE $119.22,,Entertainment
FedEx Office,Monthly subscription,Other
RENT PAYMENT $1498.07 Rent,,Housing
DELTA AIR LINES $357.88 Parking weekly,,Transport
Carl's Jr.,Afternoon tea,Food & Drink
Taco Bell,Delivery,Food & Drink
Cisco Learning,تعليم,Education
STEAM PURCHASE $101.07,,Entertainment
APPLE STORE PURCHASE $224.34 Shoes,,Shopping
Barnes & Noble,,Entertainment
Trash Pickup,,Bills & Utilities
Car Wash,Metro pass,Transport
ACH CREDIT Upwork Bonus,,Income
Thumbtack,,Housing
Denny's,café,Food & Drink
Disability,GoFundMe,Income
Kaiser Permanente,Orthodontist,Healthcare
Frontier Communications,,Bills & Utilities
Metro,Car rental,Transport
Amazon Music,,Entertainment
Go-Karts,게임,Entertainment
Nando's,,Food & Drink
KAISER PERMANENTE $819.36,,Healthcare
Skillshare,Grant,Education
HOME DEPOT.COM $2034.61 Property tax,,Housing
Physical Therapy,,Healthcare
Zalando,Furniture,Shopping
VENMO CASHOUT $6774.69,,Income
DEBIT CARD PURCHASE Bakery,,Food & Drink
Amazon,Electronics,Shopping
Radio Cab,Express lane,Transport
Zillow,수리,Housing
Pho Hoa,Pasta,Food & Drink
Condo Fees,,Bills & Utilities
NIKE.COM ORDER PURCHASE Kids clothing,,Shopping
Smoothie Bar,café da manhã,Food & Drink
UPS SHIPPING $182.17,,Other
Cooking Classes,Scholarship,Education
Samsung,Hiking,Shopping
Medical bill,Dental work,Healthcare
P.F. Chang's,Pizza,Food & Drink
Charity,,Other
ER visit,Physical exam,Healthcare
Home Depot,Paint,Housing
Disney+,Service fee,Bills & Utilities
Civic,Misc purchase,Other
WAL-MART SUPERCENTER #8122 Purchase,,Shopping
HOME DEPOT.COM $1770.64,,Housing
Temple,Printing,Other
Nightclub,流媒体,Entertainment
CARD 1198 PURCHASE Tonkotsu Ramen,,Food & Drink
Post Office,общее,Other
Ride Share,Seat upgrade,Transport
Airline Ticket,Uber,Transport
Public Storage,,Housing
UBER EATS *Wingstop PURCHASE,,Food & Drink
DoorDash Order,Frappuccino,Food & Drink
STOCK SALE ADP  $2305.52 Freelance payment,,Income
PROPERTY TAX $1201.04,,Housing
Streaming service,Concert,Entertainment
VENMO CASHOUT $9302.85,,Income
Alliance Française,университет,Education
STATE FARM INS $52.18,,Bills & Utilities
ADP Payroll,,Income
Paramount+,संगीत,Entertainment
STATE TREASURY REFUND Holiday pay,,Income
Miscellaneous,Stamp,Other
Apartments.com,주택담보대출,Housing
El Pollo Loco,Afternoon tea,Food & Drink
PHARMACY PURCHASE $1059.65,,Healthcare
Model building,cinéma,Entertainment
Sushi Bar,Coffee,Food & Drink
Urologist,,Healthcare
USPS POSTAGE $198.17,,Other
PG&E ELECTRIC $74.91 Service charge,,Bills & Utilities
Amazon,Game purchase,Shopping
DEBIT PURCHASE PetSmart,,Shopping
HOA DUES $1571.29 Maintenance,,Housing
Hardwood,मरम्मत,Housing
Xbox Game Pass,Theme park,Entertainment
freeCodeCamp,Technology fee,Education
Chanel,Sports equipment,Shopping
ACH CREDIT Lottery Winnings,,Income
PARKING LOS ANGELES $250.27 EV charging,,Transport
BP Pulse,Ride share,Transport
Babysitter,Wire,Other
Sweet Tomatoes,Quick bite,Food & Drink
LeetCode,universidade,Education
Babbel,Pay-per-view,Entertainment
National Car Rental,हवाई जहाज,Transport
POS PURCHASE Krispy Kreme CHICAGO,,Food & Drink
LIVE NATION $67.16,,Entertainment
Heartland Dental,Surgery,Healthcare
UNITED AIRLINES $46.12,,Transport
Pharmacy,Supplement,Healthcare
Sephora,전자제품,Shopping
IRS TREAS 310 TAX REF Commission,,Income
CVS PHARMACY #6122 $837.25 Pet vet visit,,Healthcare
PURCHASE AUTHORIZED Tandoori Nights $70.92,,Food & Drink
Babysitter,otros,Other
MAINTENANCE Property Management Co. $2442.74,,Housing
STEAM PURCHASE $74.71,,Entertainment
DIRECT DEBIT Auto Insurance $197.33,,Bills & Utilities
TNT, various,Other
PG&E ELECTRIC $47.65 Cable,,Bills & Utilities
ACH CREDIT Side Gig,,Income
COURSERA PURCHASE $1921.17,,Education
Settlement,収入,Income
VRV,,Entertainment
LSAT Prep,Application fee,Education
CVS PHARMACY #1506 $1002.89,,Healthcare
Optometrist,Orthodontist,Healthcare
PG&E ELECTRIC $133.95,,Bills & Utilities
Qdoba,dîner,Food & Drink
Therapy Session,Prescription,Healthcare
MRI,salud,Healthcare
FedEx Office,Infraction,Other
Reliant Energy,,Bills & Utilities
Retail Store,Grooming,Other
DEBIT PURCHASE GameStop Kitchenware,,Shopping
PG&E ELECTRIC $334.27 Insurance,,Bills & Utilities
PG&E ELECTRIC $158.24 Finance charge,,Bills & Utilities
GEICO PAYMENT $106.47 Software subscription,,Bills & Utilities
Microsoft 365,,Bills & Utilities
PURCHASE AUTHORIZED Chipotle Mexican Grill $51.76,,Food & Drink
UBER *TRIP $549.70 Vehicle lease,,Transport
Auto Insurance,Cloud storage,Bills & Utilities
Wheelchair,,Healthcare
Clinic,Supplement,Healthcare
Electrical,抵押贷款,Housing
EXXON MOBIL #1088,,Transport
LabCorp,Surgery,Healthcare
Community Center,geral,Other
RECURRING PAYMENT FiOS,,Bills & Utilities
AT&T,Internet,Bills & Utilities
DEBIT CARD PURCHASE Chipotle Ramen,,Food & Drink
Chipotle Mexican Grill,Grocery run,Food & Drink
Boohoo,Baby items,Shopping
STOCK SALE GRAT $1718.42 Bond interest,,Income
Greggs,Counter service,Food & Drink
Pho Hoa,음식,Food & Drink
Ride Share,One way,Transport
POS PURCHASE Curry House SINGAPORE,,Food & Drink
Molly Maid,Maintenance,Housing
Enterprise Rent-A-Car,EV charging,Transport
Charter,보험,Bills & Utilities
Redfin,住宅,Housing
USPS POSTAGE $63.90,,Other
VRV,映画,Entertainment
LensCrafters,hôpital,Healthcare
Service Charge,Unknown,Other
Discovery+,Open mic,Entertainment
City Tax,مرافق,Bills & Utilities
HOME DEPOT.COM $2303.82,,Housing
DEBIT PURCHASE Samsung,,Shopping
Retirement Distribution,Freelance work,Income
HOME DEPOT.COM $2566.67 Maid service,,Housing
P.F. Chang's,Snack,Food & Drink
Republic Services,,Bills & Utilities
Pottery Barn,одежда,Shopping
HOME DEPOT.COM $1151.95,,Housing
Valet Parking,Registration,Transport
Rentokil,Property tax,Housing
Lufthansa,飞机,Transport
Stand-up Show,,Entertainment
Amtrak,,Transport
Ramen Ichiran,déjeuner,Food & Drink
Salvation Army,Printing,Other
RECURRING PAYMENT Trash Pickup,,Bills & Utilities
PLURALSIGHT $1544.85,,Education
Amtrak,Gas,Transport
LeetCode,,Education
Kindle,streaming,Entertainment
DIRECT DEPOSIT PAYROLL $3052.56,,Income
Airbnb,Donation received,Income
DIRECT DEBIT Allstate $239.40 Broadband,,Bills & Utilities
CARD 2084 PURCHASE Outback,,Food & Drink
Spectrum,구독,Bills & Utilities
WALGREENS #8631 $451.56,,Healthcare
RENT PAYMENT $2945.58 Lease payment,,Housing
LYFT RIDES $212.55 Flight,,Transport
ONLINE PURCHASE Pad Thai Kitchen.COM Fries,,Food & Drink
Termite Treatment,Home warranty,Housing
Micro Center,ropa,Shopping
Treehouse,,Education
Chevron,Cab fare,Transport
EXXON MOBIL #8325,,Transport
Target,Coat,Shopping
Planet Fitness,サブスクリプション,Bills & Utilities
T-MOBILE AUTOPAY $311.80,,Bills & Utilities
Pet Store,Handling,Other
The Halal Guys,kaffee,Food & Drink
DIVIDEND REWA $2117.98,,Income
College,Tuition fee,Education
Bloomingdale's,Jacket,Shopping
MISC PURCHASE $17.98,,Other
Cooking Classes,Swimming lesson,Education
LA Fitness,Annual premium,Bills & Utilities
Plant Store,Storage rental,Other
Fry's Electronics,Sunglasses,Shopping
Dollar General,,Shopping
AT&T Store,कपड़े,Shopping
Taco Bell,almuerzo,Food & Drink
Veterinarian,Surgery,Healthcare
STOCK SALE 401K $510.36 Paycheck,,Income
Rail Europe,Parking fee,Transport
Notebooks,Art class,Education
Costa Coffee,,Food & Drink
Whole Foods,All-you-can-eat,Food & Drink
LabCorp,santé,Healthcare
Warehouse,其他,Other
AMC THEATRES PHOENIX $136.78,,Entertainment
P.O. Box,,Other
Home Security,Administrative fee,Bills & Utilities
Pawn Shop,Charity,Other
Disability,支払い,Income
Tax Payment,Monthly premium,Bills & Utilities
Transit Authority,essence,Transport
Metro Card,Inspection,Transport
Movie rental,Premium subscription,Entertainment
UNIVERSITY TUITION $1440.54 Student fee,,Education
Freelance Client,Claim settlement,Income
DEBIT CARD PURCHASE Deli Lunch,,Food & Drink
Electrician,reparo,Housing
PayPal,GoFundMe,Income
Toptal,Refund,Income
HOA DUES $2156.20,,Housing
BEST BUY #2302 HOUSTON,,Shopping
LinkedIn Learning,Online learning,Education
Steam,Bowling night,Entertainment
COMCAST CABLE $105.36 Recurring charge,,Bills & Utilities
Prize Money,Airbnb income,Income
Voucher,,Other
Electrical,,Housing
Gusto Payroll,支払い,Income
Brinks,suscripción,Bills & Utilities
Curry House,,Food & Drink
T-MOBILE AUTOPAY $40.67,,Bills & Utilities
UPS SHIPPING $31.18,,Other
ACH CREDIT Federal Refund,,Income
COURSERA PURCHASE $810.71 Registration fee,,Education
UNIVERSITY TUITION $1870.36,,Education
HOSPITAL BILL $469.35,,Healthcare
Service Charge,,Other
Mechanic,Business class,Transport
Crate & Barrel,Garden supplies,Shopping
NETFLIX.COM $26.45,,Entertainment
HOME DEPOT #8916 $1610.54 Shipping,,Housing
AUTOPAY VERIZON WIRELESS $168.82,,Bills & Utilities
COURSERA PURCHASE $198.27 Study material,,Education
Puma,전자제품,Shopping
STOCK SALE 401K $8235.86 Insurance payout,,Income
UNIVERSITY TUITION $1462.49 English class,,Education
DEBIT PURCHASE Half Price Books Baby items,,Shopping
SPOTIFY USA $176.84,,Entertainment
Planet Fitness,Broadband,Bills & Utilities
AMAZON.COM PURCHASE $222.94 Baby items,,Shopping
Mechanic,Uber,Transport
Upwork,Freelance payment,Income
CVS Pharmacy,hospital,Healthcare
Professional Development,bildung,Education
TICKETMASTER $94.91,,Entertainment
MAINTENANCE Mosquito Control $2088.49,,Housing
GOVERNMENT PAYMENT $10.37,,Other
Royalty Payment,Investment return,Income
BANK FEE $123.28 Fine payment,,Other
Go-Karts,E-book,Entertainment
National Car Rental,One way,Transport
NIKE.COM ORDER PURCHASE Hat,,Shopping
Direct Energy,seguro,Bills & Utilities
Coursera,curso,Education
Gambling,सामान्य,Other
Grab,,Transport
Transit Pass,,Transport
Conference,Swimming lesson,Education
Smoothie King,Ramen,Food & Drink
West End,Game purchase,Entertainment
Home Insurance,فواتير,Bills & Utilities
Raising Cane's,,Food & Drink
Green Mountain Energy,Processing fee,Bills & Utilities
RECURRING PAYMENT Vivint Monthly premium,,Bills & Utilities
Insurance Premium,autopay,Bills & Utilities
Pawn Shop,各種,Other
Audible,Pay-per-view,Entertainment
Angi,ипотека,Housing
RECURRING PAYMENT Vivint,,Bills & Utilities
HOME DEPOT #2007 $1736.01,,Housing
Shein,Sandals,Shopping
Udemy,Language class,Education
SimpliSafe,공과금,Bills & Utilities
LOWES #8772 $1556.64 Roofing,,Housing
License Fee,,Income
AMC THEATRES TOKYO $152.07,,Entertainment
LIVE NATION $72.93 Theatre,,Entertainment
Chevron,,Transport
DEBIT CARD PURCHASE Tropical Smoothie,,Food & Drink
Cox Communications,,Bills & Utilities
UBER EATS *Food Market PURCHASE,,Food & Drink
BEST BUY #4590 CHICAGO,,Shopping
License Renewal,Piano lesson,Education
UDEMY COURSE $515.21,,Education
HOSPITAL BILL $688.84 Medical visit,,Healthcare
FEDEx SHIPPING $132.55 Storage rental,,Other
Nando's STORE #2819 PURCHASE Espresso,,Food & Drink
DEBIT PURCHASE Samsung Store Adapter,,Shopping
HOME DEPOT #6749 $1456.92 Maid service,,Housing
Vivid Seats,娱乐,Entertainment
Best Buy,Jewelry,Shopping
FedEx Office,,Other
DENTAL ASSOCIATES $1027.41,,Healthcare
AMC THEATRES CHICAGO $12.10,,Entertainment
PG&E ELECTRIC $335.32,,Bills & Utilities
Netflix,Processing fee,Bills & Utilities
SPOTIFY USA $122.05,,Entertainment
Hospital,Medical bill,Healthcare
GOVERNMENT PAYMENT $24.16,,Other
Rail Europe,Supercharger,Transport
CHEGG STUDY $868.94 Course,,Education
AMAZON.COM PURCHASE $409.19,,Shopping
Vet Clinic,медицина,Healthcare
Training Course,Guitar lesson,Education
DENTAL ASSOCIATES $250.59,,Healthcare
Walgreens,покупки,Shopping
Paycheck,Annual tax refund,Income
Electrician,Maintenance,Housing
Sephora,商店,Shopping
QUEST DIAGNOSTICS $543.73 Retainer,,Healthcare
YouTube TV,,Entertainment
GoFundMe,,Other
Tidal,영화,Entertainment
Genki Sushi,Quick bite,Food & Drink
Mini Golf,Art show,Entertainment
Cava,Brunch,Food & Drink
Recycling,Standing order,Bills & Utilities
LYFT RIDES $635.49 Checked bag,,Transport
ACH CREDIT Zelle State refund,,Income
SKILLSHARE $1713.14,,Education
Bakery,Pastries,Food & Drink
FEDEx SHIPPING $166.15,,Other
UDEMY COURSE $1858.73,,Education
T-MOBILE AUTOPAY $231.11 Monthly fee,,Bills & Utilities
GEICO PAYMENT $196.12,,Bills & Utilities
Xbox Game Pass,音乐,Entertainment
Lowe's,,Shopping
ATM WITHDRAWAL FEE Contribution,,Other
PROPERTY TAX $1481.11,,Housing
LOWES #9598 $1448.38,,Housing
The Halal Guys,咖啡,Food & Drink
Adidas,衣類,Shopping
SPOTIFY USA $75.77,,Entertainment
PayPal,Online sale,Income
Trade School,Spanish class,Education
Texas Roadhouse SUBSCRIPTION RENEWAL,,Food & Drink
Western Union,その他,Other
Hardee's,فطور,Food & Drink
FEDEx SHIPPING $90.53 Infraction,,Other
ONLINE ORDER Online Shopping,,Shopping
DEBIT PURCHASE Michael Kors,,Shopping
Treehouse,教育,Education
Charity,Copying,Other
FasTrak,,Transport
Disability,,Income
Coding Bootcamp,शिक्षा,Education
PAYPAL TRANSFER $2303.82,,Income
Furniture Store,Hotel,Housing
DIVIDEND INTE $8006.38 Crowdfunding,,Income
STEAM PURCHASE $11.48,,Entertainment
Shake Shack,레스토랑,Food & Drink
METRO TRANSIT $410.80 Airport transfer,,Transport
LOWES #4074 $2917.89,,Housing
LIVE NATION $160.17,,Entertainment
PARKING SINGAPORE $768.98,,Transport
AWS Training,Swimming lesson,Education
CrossFit,Auto-pay,Bills & Utilities
Mini Golf,Premium subscription,Entertainment
ONLINE PURCHASE Pizza Hut.COM,,Food & Drink
ONLINE PURCHASE Chick-fil-A.COM Buffet,,Food & Drink
DOORDASH *Walmart PURCHASE,,Food & Drink
FEDEx SHIPPING $41.51,,Other
Broadway,Theme park,Entertainment
Habitat for Humanity,Unknown,Other
NETFLIX.COM $152.16,,Entertainment
Brilliant,,Education
USPS POSTAGE $17.50 Contribution,,Other
PG&E ELECTRIC $315.54,,Bills & Utilities
Festival pass,Museum visit,Entertainment
RENT PAYMENT $552.96 Roofing,,Housing
Deutsche Bahn,Car wash,Transport
Condo Fees,Utility bill,Bills & Utilities
CenturyLink,,Bills & Utilities
United Way,Copying,Other
Pandora,Theatre,Entertainment
Voucher,雑多,Other
Language School,,Education
Tutoring Center,,Education
401k Distribution,Donation received,Income
EVgo,Flight ticket,Transport
School,Cooking class,Education
Retainer,erstattung,Income
ChargePoint,gasolina,Transport
Fry's Electronics,Phone case,Shopping
Printing,,Other
Pizza Place,Ice cream,Food & Drink
Shell Recharge,Business class,Transport
Dior,Makeup,Shopping
City Tax,,Bills & Utilities
Ramen Ichiran,किराने का सामान,Food & Drink
HOSPITAL BILL $1054.41 Psychiatry,,Healthcare
POS PURCHASE KFC TOKYO,,Food & Drink
Hobby Lobby,Sports equipment,Shopping
Termite Treatment,Maid service,Housing
UBER *TRIP $476.39,,Transport
iHeartRadio,jogos,Entertainment
iCloud,Mobile plan,Bills & Utilities
Car Rental,Regular gas,Transport
edX,курс,Education
VOD,Movie ticket,Entertainment
Freelance Payment,Licensing,Income
Psychologist,apotheke,Healthcare
Harvard Extension,Registration fee,Education
XBOX LIVE $71.16,,Entertainment
DOORDASH *Food Market PURCHASE,,Food & Drink
NETFLIX.COM $19.30,,Entertainment
ChargePoint,Parking fee,Transport
UPS,,Other
PLAYSTATION STORE $133.57,,Entertainment
GEICO PAYMENT $172.27,,Bills & Utilities
Jack in the Box,Milkshake,Food & Drink
Game Ticket,Podcast,Entertainment
Smart Home,家,Housing
Guitar Lessons,Books,Education
Pet Hospital,医院,Healthcare
SoundCloud,,Entertainment
Vision Center,Treatment,Healthcare
WAL-MART SUPERCENTER #7525,,Shopping
Ambulance,Medical,Healthcare
Service Charge,Storage rental,Other
Starbucks,Coffee,Food & Drink
SCHOOL PAYMENT $1407.32 Guitar lesson,,Education
E-ZPass,飞机,Transport
Health Center,طبي,Healthcare
Jump Start,Airline ticket,Transport
Sears Optical,牙科,Healthcare
QUEST DIAGNOSTICS $847.74 Doctor visit,,Healthcare
LIVE NATION $82.99,,Entertainment
Google Workspace,Fiber,Bills & Utilities
Employer Payroll,Capital gains,Income
Severance,,Income
T-MOBILE AUTOPAY $21.82 Gas bill,,Bills & Utilities
Insurance Premium,Fiber,Bills & Utilities
Alliance Française,पाठ्यक्रम,Education
Plumber,Security,Housing
Grocery Store,dîner,Food & Drink
CompTIA,Martial arts,Education
Crutches,LASIK,Healthcare
Wheelchair,Medicine,Healthcare
WAL-MART SUPERCENTER #1832 Shoes,,Shopping
QUEST DIAGNOSTICS $839.88,,Healthcare
COMCAST CABLE $173.88,,Bills & Utilities
Opera,Meditation app,Entertainment
MIT OpenCourseWare,,Education
freeCodeCamp,Piano lesson,Education
Yoga Studio,nebenkosten,Bills & Utilities
DEBIT CARD PURCHASE KFC Smoothie,,Food & Drink
Moving Company,,Housing
McDonald's SUBSCRIPTION RENEWAL,,Food & Drink
Pediatrician,Medical supplies,Healthcare
Barnes & Noble,ストリーミング,Entertainment
MoneyGram,잡다,Other
WESTERN UNION $5.97,,Other
Storage Unit,임대,Housing
Drugstore,dentiste,Healthcare
SCHOOL PAYMENT $892.40,,Education
Chili's,Family meal,Food & Drink
Fiverr,支払い,Income
POS PURCHASE El Pollo Loco SEOUL Lunch,,Food & Drink
Thai Basil STORE #6789 PURCHASE,,Food & Drink
Maid Brigade,Security,Housing
UNIVERSITY TUITION $1721.12,,Education
Ticketmaster,,Entertainment
Settlement,Side hustle,Income
BOOK STORE $745.69,,Education
University,,Education
RECURRING PAYMENT Nationwide,,Bills & Utilities
MORTGAGE PAYMENT $677.06 Furniture,,Housing
NETFLIX.COM $78.38 Documentary,,Entertainment
Udemy,강좌,Education
NETFLIX.COM $158.35 Season pass,,Entertainment
Hack Reactor,Certification,Education
HOME DEPOT #3880 $2117.44,,Housing
RECURRING PAYMENT Phone Bill Late fee,,Bills & Utilities
SunPass,transporte,Transport
Tax Return,reembolso,Income
STATE FARM INS $262.99 Late fee,,Bills & Utilities
Home Warranty,Home insurance,Housing
UNITED AIRLINES $499.29,,Transport
Refund,,Income
PlayStation Plus,Digital purchase,Entertainment
Five Below,Skincare,Shopping
USPS POSTAGE $103.80,,Other
Tax Preparer,Pressing,Other
MORTGAGE PAYMENT $1431.04,,Housing
HOSPITAL BILL $1013.17,,Healthcare
LSAT Prep,curso,Education
SHELL OIL SAO PAULO #7299,,Transport
Mercado Libre,,Shopping
CVS PHARMACY #5130 $1496.66 Pet medication,,Healthcare
Pandora,Training session,Entertainment
Piano Lessons,教育,Education
Lease,बंधक,Housing
Pluralsight,Tuition fee,Education
Udemy,대학교,Education
KAISER PERMANENTE $572.46,,Healthcare
BOOK STORE $69.75,,Education
SHELL OIL CHICAGO #8877,,Transport
DataCamp,,Education
Toll,ATM,Other
FEDEx SHIPPING $122.29,,Other
Urgent Care,стоматология,Healthcare
Intellectual Property,erstattung,Income
Ring Doorbell,Airbnb stay,Housing
HOME DEPOT.COM $2226.59,,Housing
Southwest Airlines,Annual pass,Transport
HOME DEPOT #9365 $1460.12 Move-in fee,,Housing
Disney+,Late fee,Bills & Utilities
CVS PHARMACY #9887 $540.13 Procedure,,Healthcare
TNT,Handling,Other
STOCK SALE ROYA $5355.88,,Income
Late Fee,autres,Other
Broadway,खेल,Entertainment
UDEMY COURSE $697.49,,Education
Spa Day,Rental,Entertainment
BOOK STORE $214.78,,Education
Conference,Certificate program,Education
AUTOPAY VERIZON WIRELESS $274.07,,Bills & Utilities
Steam,kleidung,Shopping
Deezer,Live show,Entertainment
EVgo,voyage,Transport
Air France,,Transport
Texas Roadhouse,Quick bite,Food & Drink
Rail Europe,Highway toll,Transport
Veterinarian,X-ray,Healthcare
PetCare,,Healthcare
AUTOPAY VERIZON WIRELESS $106.83 Recurring charge,,Bills & Utilities
Zoo,jeux,Entertainment
Property Tax,,Bills & Utilities
BEST BUY #7657 PARIS T-shirt,,Shopping
POS PURCHASE Hard Rock Cafe MUMBAI Delivery,,Food & Drink
Vitamins,CPAP supplies,Healthcare
Smoothie King,Counter service,Food & Drink
DIVIDEND CHAR $8543.74,,Income
AMC THEATRES LOS ANGELES $176.38 Series,,Entertainment
SCHOOL PAYMENT $906.40 Diploma,,Education
ACH CREDIT Trust Distribution,,Income
Subscription Service,misceláneos,Other
HOA DUES $2764.92,,Housing
Rent Payment,,Housing
Electrical,Pest control,Housing
Zoo,Art show,Entertainment
TARGET T-1883 PURCHASE Gift,,Shopping
MISC PURCHASE $44.75,,Other
IRS TREAS 310 TAX REF IRS refund,,Income
Penske,reparo,Housing
PHARMACY PURCHASE $1052.17,,Healthcare
SSDI,Settlement check,Income
DEBIT CARD PURCHASE Nando's All-you-can-eat,,Food & Drink
Dermatologist,Hospital stay,Healthcare
STEAM PURCHASE $13.42,,Entertainment
Intellectual Property,भुगतान,Income
Coffee Shop,Tea,Food & Drink
Appliance Store,Cleaning,Housing
RECURRING PAYMENT Child Support Gas bill,,Bills & Utilities
Lime,,Transport
Medical bill,स्वास्थ्य,Healthcare
Walmart,Clothing,Shopping
Sushi Bar,merceria,Food & Drink
Dance Club,Premium subscription,Entertainment
Walmart Pharmacy,Pet vet visit,Healthcare
Clinic,Emergency,Healthcare
Nordstrom,Clothes,Shopping
Orkin,Pest control,Housing
METRO TRANSIT $789.31 Gas,,Transport
Prepaid plan,Family plan,Bills & Utilities
PHARMACY PURCHASE $163.27 Imaging,,Healthcare
UNIVERSITY TUITION $576.02 Student fee,,Education
PROPERTY TAX $2209.98,,Housing
BEST BUY #1761 DUBAI,,Shopping
Retail Store,,Other
Taco Bell,,Food & Drink
T-MOBILE AUTOPAY $73.91 Phone bill,,Bills & Utilities
AMC THEATRES SEOUL $143.39 Facial,,Entertainment
USPS POSTAGE $185.36 Printing,,Other
Louis Vuitton,дом,Shopping
Childcare,Various,Other
Sewer Bill,Cloud storage,Bills & Utilities
UBER EATS *Nando's PURCHASE Espresso,,Food & Drink
AUTOPAY VERIZON WIRELESS $79.72 Software subscription,,Bills & Utilities
HOME DEPOT #5526 $851.72,,Housing
ONLINE ORDER Bath & Body Works,,Shopping
Subway,Sandwich,Food & Drink
Freenow,飞机,Transport
Lowe's,Moving,Housing
UPS SHIPPING $14.14 Pet care,,Other
HBO Max,,Bills & Utilities
Smart Lock,Roofing,Housing
DIVIDEND VANG $9816.72 Rebate check,,Income
New Balance,,Shopping
National Car Rental,Tire rotation,Transport
WALGREENS #6097 $488.17 Vaccination,,Healthcare
Flower Shop,Accounting,Other
Audible,스트리밍,Entertainment
Craigslist,,Housing
MAINTENANCE Moving Company $1437.44 Storage,,Housing
Imaging Center,pharmacie,Healthcare
ONLINE PURCHASE Little Caesars.COM,,Food & Drink
Bonus,IRS refund,Income
Green Mountain Energy,Broadband,Bills & Utilities
Microsoft Learn,Student loan,Education
Exxon,,Transport
Bolt,,Transport
WAL-MART SUPERCENTER #2290,,Shopping
AUTOPAY VERIZON WIRELESS $123.18,,Bills & Utilities
Medical equipment,hôpital,Healthcare
Five Below,إلكترونيات,Shopping
GCP Training,विद्यालय,Education
Gift Money,Monthly salary,Income
Renters Insurance,abonnement,Bills & Utilities
Rental Income,State refund,Income
XBOX LIVE $5.32,,Entertainment
Alamo,Airport transfer,Transport
PHARMACY PURCHASE $567.11,,Healthcare
Facebook Marketplace,Paint,Housing
LinkedIn Learning,bücher,Education
Tutoring Center,강좌,Education
Urgent Care,médico,Healthcare
ONLINE ORDER Apple Retail,,Shopping
Doctor,медицина,Healthcare
Temu,Phone case,Shopping
Sauna,Family plan,Entertainment
XBOX LIVE $94.21,,Entertainment
Karaoke,Fair,Entertainment
Storage Unit,,Housing
ChargePoint,Airline ticket,Transport
Sweetgreen,Salad,Food & Drink
SPOTIFY USA $158.39 Battle pass,,Entertainment
PHARMACY PURCHASE $1101.65,,Healthcare
Psychiatrist,Medicine,Healthcare
Taco Stand,Late night snack,Food & Drink
Smoothie King STORE #9225 PURCHASE,,Food & Drink
SPOTIFY USA $147.69 Documentary,,Entertainment
Netflix,Monthly subscription,Entertainment
Airport Parking,,Transport
CVS PHARMACY #1573 $262.92,,Healthcare
RENT PAYMENT $1969.98,,Housing
Workshop,universität,Education
Geico,,Bills & Utilities
Charles Schwab,,Income
Retainer,Gift card redemption,Income
Settlement,付款,Income
edX,Student loan,Education
Game pass,unterhaltung,Entertainment
Google Career Certificates,Language class,Education
Apartments.com,,Housing
Ophthalmologist,Dental work,Healthcare
FEDEx SHIPPING $82.25,,Other
METRO TRANSIT $457.91 Train ticket,,Transport
COURSERA PURCHASE $493.67,,Education
STATE FARM INS $222.80,,Bills & Utilities
AMC THEATRES HOUSTON $63.34 Premium subscription,,Entertainment
Lawn Care,Renovation,Housing
WAL-MART SUPERCENTER #5342 Sunglasses,,Shopping
Netflix,Theme park,Entertainment
USPS,雑多,Other
Sam's Club,Microtransaction,Shopping
Health Center,牙科,Healthcare
Retail Store,Daycare,Other
Insomnia Cookies,Late night snack,Food & Drink
Thrift Store,,Other
MAINTENANCE Flooring $1804.15 Monthly rent,,Housing
ACH CREDIT Royalty Payment Consulting,,Income
DIRECT DEPOSIT PAYROLL $5924.55,,Income
Smart Lock,Pest control,Housing
Uber,Daily commute,Transport
DIRECT DEPOSIT PAYROLL $5493.82,,Income
LOWES #6757 $824.84,,Housing
PHARMACY PURCHASE $361.75,,Healthcare
Disney+,Family plan,Bills & Utilities
LA Fitness,サブスクリプション,Bills & Utilities
Cardiologist,صحة,Healthcare
Penske,,Housing
CHEGG STUDY $782.11 Diploma,,Education
Clothing,Apparel,Shopping
Flooring,住房,Housing
Photography,मनोरंजन,Entertainment
Cava,Breakfast,Food & Drink
United Way,सामान्य,Other
HOME DEPOT.COM $2089.98,,Housing
DEBIT CARD PURCHASE La Taqueria,,Food & Drink
Facebook Marketplace Housing,,Housing
Sale Proceeds,,Income
Kroger,Espresso,Food & Drink
GameStop,Skincare,Shopping
Chipotle,Cake,Food & Drink
HOSPITAL BILL $610.36,,Healthcare
Auto Repair,самолет,Transport
TICKETMASTER $21.39,,Entertainment
MORTGAGE PAYMENT $2310.77 Maid service,,Housing
TARGET T-2646 PURCHASE,,Shopping
DELTA AIR LINES $230.17 Tire rotation,,Transport
Landscaping,,Housing
Shein,DLC,Shopping
Vitamins,Diabetic supplies,Healthcare
UDEMY COURSE $397.59 Coding bootcamp,,Education
Nike,In-app purchase,Shopping
CARD 6248 PURCHASE Chipotle Taco,,Food & Drink
OB/GYN,약국,Healthcare
Amazon Music,cinéma,Entertainment
Barnes & Noble,Gift,Shopping
Duke Energy,公用事业,Bills & Utilities
HVAC,Monthly rent,Housing
PHARMACY PURCHASE $1004.77,,Healthcare
UBER EATS *The Cheesecake Factory PURCHASE,,Food & Drink
Radiology Associates,Hospital stay,Healthcare
NETFLIX.COM $187.45,,Entertainment
WooCommerce,,Income
TICKETMASTER $8.33,,Entertainment
DEBIT CARD PURCHASE El Pollo Loco Counter service,,Food & Drink
Xbox Game Pass,Pay-per-view,Entertainment
AMC THEATRES TOKYO $60.98 Music,,Entertainment
QUEST DIAGNOSTICS $1476.97 Braces,,Healthcare
AUTOPAY VERIZON WIRELESS $108.00,,Bills & Utilities
Printing,Pet care,Other
STEAM PURCHASE $197.56,,Entertainment
RENT PAYMENT $881.66 HOA fee,,Housing
DEBIT PURCHASE Steam,,Shopping
LinkedIn Learning,Fellowship,Education
Starbucks,Cocktail,Food & Drink
VENMO CASHOUT $9239.23 Award,,Income
Tax Payment,Monitoring fee,Bills & Utilities
STEAM PURCHASE $62.90 Game purchase,,Entertainment
JOANN,متجر,Shopping
Burger King,Iced Coffee,Food & Drink
BP Pulse,,Transport
SeatGeek,Music streaming,Entertainment
Tailor,Wire,Other
Ecobee,,Housing
Circus,Karaoke night,Entertainment
Yard Sale,Capital gains,Income
Southwest Airlines,Vehicle lease,Transport
AMC THEATRES LONDON $80.35,,Entertainment
Bank Fee,عام,Other
The Cheesecake Factory SUBSCRIPTION RENEWAL Cocktail,,Food & Drink
Frontier Communications,Wireless service,Bills & Utilities
Retirement Distribution,Patent income,Income
Duke Energy,,Bills & Utilities
Blood test,फार्मेसी,Healthcare
PLURALSIGHT $1404.57 Yoga class,,Education
Airport,,Transport
Apple Music,Monthly fee,Bills & Utilities
Bass Pro Shops,Makeup,Shopping
GOVERNMENT PAYMENT $139.70,,Other
Hertz,Carry-on,Transport
Gucci,Adapter,Shopping
Costa Coffee,All-you-can-eat,Food & Drink
UPS SHIPPING $120.36 Replacement,,Other
Planet Fitness,Cloud storage,Bills & Utilities
SCHOOL PAYMENT $1308.07,,Education
GOVERNMENT PAYMENT $31.94,,Other
Lowe's,修理,Housing
Inheritance,Freelance work,Income
WESTERN UNION $25.37,,Other
Papa John's,Burrito,Food & Drink
Singapore Airlines,Carry-on,Transport
PG&E ELECTRIC $38.60,,Bills & Utilities
Bank of America,,Income
Spotify,Recurring charge,Bills & Utilities
EXXON MOBIL #7442,,Transport
HOSPITAL BILL $1014.05,,Healthcare
CubeSmart,,Housing
SCHOOL PAYMENT $919.40 Study guide,,Education
Regal Cinemas,,Entertainment
Stationery,,Education
Art Gallery,Museum visit,Entertainment
Drone,Movie ticket,Entertainment
WESTERN UNION $87.59,,Other
Nintendo eShop,Spa treatment,Entertainment
JetBlue,Carry-on,Transport
Khan Academy,Learning,Education
Medical bill,Vitamins,Healthcare
Temu,Sandals,Shopping
TICKETMASTER $149.37,,Entertainment
VENMO CASHOUT $6536.40,,Income
Cleveland Clinic,saúde,Healthcare
Attorney,Donation,Other
QUEST DIAGNOSTICS $554.84,,Healthcare
Hospital,医药,Healthcare
LOWES #1077 $2225.02 Monthly mortgage,,Housing
Lowe's,,Housing
JOANN,इलेक्ट्रॉनिक्स,Shopping
PLAYSTATION STORE $118.93 Live music,,Entertainment
Bonus,erstattung,Income
Pandora,,Entertainment
SHELL OIL SEOUL #9293,,Transport
Plumbing,,Housing
Freelancer.com,reembolso,Income
In-N-Out Burger,Cocktail,Food & Drink
Wire Transfer Fee,divers,Other
Investment,Capital gains,Income
Pet Store,Unit rental,Other
HOME DEPOT.COM $1311.10 Windows,,Housing
Shake Shack,Ice cream,Food & Drink
Greyhound,टैक्सी,Transport
Planet Fitness,seguro,Bills & Utilities
Craft supplies,स्ट्रीमिंग,Entertainment
CHEGG STUDY $1715.73,,Education
Mosquito Control,주택담보대출,Housing
Mortgage,Monthly mortgage,Housing
Trainline,,Transport
SPOTIFY USA $52.83 Gym membership,,Entertainment
IRS TREAS 310 TAX REF Points redemption,,Income
DIRECT DEPOSIT PAYROLL $1500.33 Bonus,,Income
Coding Bootcamp,Yoga class,Education
PLURALSIGHT $1828.98,,Education
Apple,kleidung,Shopping
CVS,покупки,Shopping
ONLINE ORDER Pet Supplies Plus Toddler,,Shopping
CHEGG STUDY $958.26,,Education
Chevron,Fuel,Transport
Del Taco,Meal,Food & Drink
ONLINE PURCHASE Wendy's.COM,,Food & Drink
T-MOBILE AUTOPAY $227.78 Annual premium,,Bills & Utilities
Pet Hospital,salud,Healthcare
GRE Prep,Course,Education
Mattress Store,Airbnb stay,Housing
Lime,Bus fare,Transport
UPS SHIPPING $164.68,,Other
AXS,streaming,Entertainment
Roadside Assistance,First class,Transport
PLAYSTATION STORE $9.99,,Entertainment
Airbnb,GoFundMe,Income
Lowe's,Skincare,Shopping
AMAZON.COM PURCHASE $256.57 In-app purchase,,Shopping
ATM Fee,杂项,Other
ACH CREDIT Lottery Winnings Tax refund,,Income
Gaming subscription,Museum visit,Entertainment
UDEMY COURSE $1977.89 Certificate program,,Education
UPS SHIPPING $102.03,,Other
Lottery Ticket,Childcare,Other
Psychologist,Consultation,Healthcare
HOME DEPOT.COM $2692.55 Maintenance,,Housing
USPS,Accounting,Other
UBER EATS *Insomnia Cookies PURCHASE Ice cream,,Food & Drink
Fuel,transporte,Transport
P.O. Box,разное,Other
AT&T,公用事业,Bills & Utilities
POS PURCHASE Golden Corral LOS ANGELES,,Food & Drink
Roadside Assistance,,Transport
TICKETMASTER $55.77,,Entertainment
Maid Brigade,,Housing
PURCHASE AUTHORIZED Bakery $69.80,,Food & Drink
Property Tax,hogar,Housing
ACH CREDIT Toptal Investment return,,Income
UNIVERSITY TUITION $1514.32,,Education
Wagamama,,Food & Drink
IHOP,épicerie,Food & Drink
EXXON MOBIL #3167,,Transport
SimpliSafe,,Bills & Utilities
PROPERTY TAX $593.99,,Housing
Prescription,Extraction,Healthcare
Transit Authority,flugzeug,Transport
Thrift Store,Other,Other
UBER EATS *Baskin-Robbins PURCHASE Bowl,,Food & Drink
Barnes & Noble,jogos,Entertainment
Prescription,Wellness visit,Healthcare
XBOX LIVE $94.26,,Entertainment
Handyman,,Housing
Water Bill,Subscription,Bills & Utilities
Radio Cab,avião,Transport
RECURRING PAYMENT Prepaid plan,,Bills & Utilities
PHARMACY PURCHASE $814.40 Crown,,Healthcare
Baggage Fee,One way,Transport
Chipotle,Snack,Food & Drink
Dental Associates,Dental checkup,Healthcare
Booking.com,किराया,Housing
NETFLIX.COM $111.14,,Entertainment
DHL,Shipping,Other
UBER *TRIP $324.80,,Transport
Insomnia Cookies SUBSCRIPTION RENEWAL,,Food & Drink
CVS PHARMACY #1314 $37.99 Crown,,Healthcare
UPS,Shipping,Other
AXS,,Entertainment
T-MOBILE AUTOPAY $38.12 Subscription,,Bills & Utilities
POS PURCHASE Buffalo Wild Wings MUMBAI Date night,,Food & Drink
Prada,Toys,Shopping
COMCAST CABLE $247.13,,Bills & Utilities
POS PURCHASE Tea House CHICAGO,,Food & Drink
Mechanic,택시,Transport
Sewer District,Electric bill,Bills & Utilities
AUTOPAY VERIZON WIRELESS $175.16,,Bills & Utilities
USPS,,Other
UNIVERSITY TUITION $1693.03 Application fee,,Education
GOVERNMENT PAYMENT $53.05 Delivery,,Other
Cable Bill,Electric bill,Bills & Utilities
QUEST DIAGNOSTICS $54.46,,Healthcare
Grocery Store,,Food & Drink
Psychiatrist,,Healthcare
HOA DUES $2239.75 Home warranty,,Housing
Sylvan Learning,Diploma,Education
SCHOOL PAYMENT $403.55 Monthly subscription,,Education
Certification Program,Degree program,Education
Dentist,Pet surgery,Healthcare
E*Trade,pagamento,Income
Thrift Store,Delivery,Other
RENT PAYMENT $801.03,,Housing
GameStop,Charger,Shopping
Tesla Supercharger,Diesel,Transport
Gift Card,diversos,Other
MAINTENANCE Handyman $1224.86 Maid service,,Housing
Bond Maturity,返金,Income
Nykaa,ショッピング,Shopping
CARD 8892 PURCHASE Sushi Bar Frappuccino,,Food & Drink
Tandoori Nights,,Food & Drink
Pharmacy,,Healthcare
Airbnb,,Housing
Animal Hospital,,Healthcare
ONLINE ORDER TJ Maxx,,Shopping
Tax Return,Cash back reward,Income
UPS SHIPPING $131.37 Miscellaneous,,Other
Budget,Airport lounge,Transport
Best Buy,Accessories,Shopping
PROPERTY TAX $1946.36 Smart home,,Housing
Grill,Lunch,Food & Drink
Peloton,seguro,Bills & Utilities
TICKETMASTER $49.63,,Entertainment
KAISER PERMANENTE $1449.17 Specialist visit,,Healthcare
Insurance Premium,公共料金,Bills & Utilities
Textbook Store,université,Education
DIRECT DEBIT Home Security $265.12 Security system,,Bills & Utilities
Craigslist,Camera system,Housing
SCHOOL PAYMENT $463.08,,Education
WALGREENS #3681 $453.90 Filling,,Healthcare
PAYPAL TRANSFER $6397.64,,Income
Neurologist,COVID vaccine,Healthcare
MISC PURCHASE $83.37,,Other
MORTGAGE PAYMENT $923.21,,Housing
PG&E ELECTRIC $24.21,,Bills & Utilities
Ride Share,Airport transfer,Transport
Codecademy,Course,Education
Micro Center,shopping,Shopping
Garage Door,,Housing
Zillow,vivienda,Housing
Coding Bootcamp,,Education
LOWES #7072 $1420.11,,Housing
PROPERTY TAX $614.46,,Housing
Indian Railways,Carry-on,Transport
RECURRING PAYMENT Alimony Auto-pay,,Bills & Utilities
CompTIA,школа,Education
DOORDASH *Moe's Southwest Grill PURCHASE Chicken,,Food & Drink
Freelance Payment,devolución,Income
METRO TRANSIT $319.27 Cab fare,,Transport
Gold's Gym,,Bills & Utilities
SunPass,택시,Transport
Upwork,Contract work,Income
T-Mobile Store,Office supplies,Shopping
Animal Hospital,歯科,Healthcare
HBO Max,Training session,Entertainment
Lowe's,سكن,Housing
Frontier Communications,تأمين,Bills & Utilities
Spotify,Electric bill,Bills & Utilities
Parking Garage,,Transport
State Farm,Maintenance fee,Bills & Utilities
Tandoori Nights,Weekend brunch,Food & Drink
Grubhub Order,Dessert,Food & Drink
Subscription Service,,Other
Dunkin',Iced Coffee,Food & Drink
GEICO PAYMENT $164.78,,Bills & Utilities
CHEGG STUDY $249.48,,Education
Refund,Freelance work,Income
Moving Company,réparation,Housing
Freelance Payment,환급,Income
Hack Reactor,Tuition fee,Education
Condo Fees,Service fee,Bills & Utilities
Casino,सिनेमा,Entertainment
Craigslist,Electrician,Housing
HOSPITAL BILL $1198.36,,Healthcare
UNITED AIRLINES $430.00 Airport transfer,,Transport
POS PURCHASE Food Market TOKYO,,Food & Drink
DELTA AIR LINES $140.74,,Transport
Mayo Clinic,Therapy,Healthcare
Skillshare,课程,Education
LOWES #6789 $833.44 Landscaping,,Housing
BlaBlaCar,táxi,Transport
WAL-MART SUPERCENTER #2611 Outdoor gear,,Shopping
Walmart Pharmacy,больница,Healthcare
Box,Insurance,Bills & Utilities
Self Storage,Grooming,Other
Home Depot,Furniture,Shopping
MISC PURCHASE $127.84 Grooming,,Other
Avis,燃料,Transport
Skillsoft,книги,Education
KAISER PERMANENTE $1432.39,,Healthcare
Gusto Payroll,Freelance work,Income
Verizon,公共料金,Bills & Utilities
Netflix,Open mic,Entertainment
Disability,Donation received,Income
Venmo,Interest payment,Income
Ace Hardware,إيجار,Housing
DEBIT CARD PURCHASE Tea House,,Food & Drink
DENTAL ASSOCIATES $1019.02 Diabetic supplies,,Healthcare
Ben & Jerry's,comida,Food & Drink
GCP Training,,Education
PAYPAL TRANSFER $3570.64 IRS refund,,Income
Tile,,Housing
STATE FARM INS $285.20 Service fee,,Bills & Utilities
Freelance Client,Bonus,Income
EXXON MOBIL #5428 Checked bag,,Transport
QUEST DIAGNOSTICS $1007.89 Extraction,,Healthcare
Painting,,Housing
DOORDASH *TGI Friday's PURCHASE,,Food & Drink
Pest Control,Hotel,Housing
Babysitter,Monthly subscription,Other
UBER *TRIP $667.70 Airport transfer,,Transport
QUEST DIAGNOSTICS $1469.49,,Healthcare
Cleaning Service,Decor,Housing
Grubhub Order,Fresh produce,Food & Drink
QUEST DIAGNOSTICS $800.13,,Healthcare
Zalando,,Shopping
APPLE STORE PURCHASE $135.38,,Shopping
Coursera,Application fee,Education
Dental Associates,Flu shot,Healthcare
Art School,Monthly subscription,Education
Facebook Marketplace,Landscaping,Housing
PG&E,servicios,Bills & Utilities
RENT PAYMENT $858.87,,Housing
Vivid Seats,Spa treatment,Entertainment
CVS PHARMACY #3195 $1407.49,,Healthcare
TNT,その他,Other
HOME DEPOT.COM $878.23 Cleaning,,Housing
STOCK SALE WOOC $973.70 Claim settlement,,Income
GoFundMe,Daily purchase,Other
Air France,وقود,Transport
Cava STORE #9521 PURCHASE,,Food & Drink
GEICO PAYMENT $132.33,,Bills & Utilities
VENMO CASHOUT $3564.07,,Income
Republic Services,Security system,Bills & Utilities
SPOTIFY USA $68.03,,Entertainment
USPS POSTAGE $147.18,,Other
Shell,Daily commute,Transport
RECURRING PAYMENT Life Insurance,,Bills & Utilities
CVS PHARMACY #8421 $1168.77,,Healthcare
Rite Aid,,Shopping
Peacock,Podcast,Entertainment
PAYPAL TRANSFER $8144.75 Insurance payout,,Income
Social Security,Overtime,Income
Health insurance copay,दंत चिकित्सक,Healthcare
TXU Energy,تأمين,Bills & Utilities
Etsy,Freelance payment,Income
Roofing,Maintenance,Housing
Raising Cane's STORE #7511 PURCHASE,,Food & Drink
401k Distribution,지급,Income
USPS POSTAGE $151.45,,Other
GOVERNMENT PAYMENT $60.49,,Other
Convenience Fee,,Other
TXU Energy,Mobile plan,Bills & Utilities
VRBO,reparación,Housing
Pizza Hut,عشاء,Food & Drink
Dishoom,Holiday dinner,Food & Drink
Postmates Order,Late night snack,Food & Drink
STATE FARM INS $181.41 Processing fee,,Bills & Utilities
Water Bill,,Bills & Utilities
AUTOPAY VERIZON WIRELESS $63.08,,Bills & Utilities
TXU Energy,Service fee,Bills & Utilities
Babysitter,,Other
UNIVERSITY TUITION $835.14,,Education
Animal Hospital,CPAP supplies,Healthcare
POS PURCHASE KFC SYDNEY Chicken,,Food & Drink
Alamo,飞机,Transport
X-ray,,Healthcare
Louis Vuitton,Adapter,Shopping
Community Center,Kennel,Other
Capital Gains,Award,Income
CVS,Keyboard,Shopping
Popeyes STORE #1582 PURCHASE Burrito,,Food & Drink
METRO TRANSIT $754.71 Flight ticket,,Transport
MEDICAL CENTER $1251.79 Medical visit,,Healthcare
Child Support,Service charge,Bills & Utilities
Grooming,,Other
Pawn Shop,Copying,Other
Crutches,,Healthcare
ONLINE PURCHASE Starbucks.COM Cappuccino,,Food & Drink
Psychiatrist,farmácia,Healthcare
Bet,杂项,Other
WESTERN UNION $37.34 ATM,,Other
Investment,Licensing,Income
CrossFit,seguro,Bills & Utilities
Model building,,Entertainment
Ultrasound,,Healthcare
FEDEx SHIPPING $140.97,,Other
EXXON MOBIL #4638,,Transport
PHARMACY PURCHASE $1107.84,,Healthcare
Con Edison,,Bills & Utilities
Penalty,,Other
UBER *TRIP $120.96,,Transport
Google Store,Outdoor gear,Shopping
Garage Sale,,Income
Carpool,,Transport
MISC PURCHASE $32.64 Fine payment,,Other
WESTERN UNION $168.93,,Other
CVS,Jeans,Shopping
Drone,,Entertainment
LIVE NATION $160.24 Gym membership,,Entertainment
Electrify America,여행,Transport
EXXON MOBIL #5397 Metro pass,,Transport
Property Tax,Windows,Housing
Fuel,Parking weekly,Transport
UBER EATS *Lidl PURCHASE,,Food & Drink
PHARMACY PURCHASE $75.12,,Healthcare
Qatar Airways,Oil change,Transport
DIRECT DEBIT Ring $57.59,,Bills & Utilities
COURSERA PURCHASE $1716.21,,Education
HBO Max,公用事业,Bills & Utilities
STEAM PURCHASE $82.35 Game night,,Entertainment
Prepaid plan,serviços,Bills & Utilities
TXU Energy,サブスクリプション,Bills & Utilities
SHELL OIL HOUSTON #3496 Highway toll,,Transport
SCHOOL PAYMENT $1812.06,,Education
Craigslist,Airbnb stay,Housing
DEBIT PURCHASE Marketplace Order Sneakers,,Shopping
First American,修理,Housing
QUEST DIAGNOSTICS $1017.06 Glasses,,Healthcare
Ulta Beauty,Maternity,Shopping
Plumber,Monthly mortgage,Housing
Mosque,Faxing,Other
Arby's,Holiday dinner,Food & Drink
Hack Reactor,,Education
Therapy Session,,Healthcare
Bet,Tithe,Other
Zelle,راتب,Income
MRI,,Healthcare
Radio Cab,,Transport
CVS PHARMACY #5022 $1022.84 Treatment,,Healthcare
UNIVERSITY TUITION $452.18 Study guide,,Education
ParkWhiz,,Transport
METRO TRANSIT $247.87,,Transport
Deductible payment,Pharmacy,Healthcare
Wine Shop,déjeuner,Food & Drink
Gas Station,Fuel,Transport
Chipotle Mexican Grill,,Food & Drink
Laundromat,ATM,Other
UDEMY COURSE $1222.33 Tuition fee,,Education
Avis,Cab fare,Transport
Oil Change,Checked bag,Transport
American Home Shield,,Housing
Bank Fee,otros,Other
UNITED AIRLINES $50.73,,Transport
UBER EATS *Jack in the Box PURCHASE,,Food & Drink
Greyhound,Train ticket,Transport
KAISER PERMANENTE $1393.60,,Healthcare
Nanny,Kennel,Other
Retail Store,sonstiges,Other
Fitness Class,Meditation app,Entertainment
Sweetgreen,Latte,Food & Drink
Thai Basil,Counter service,Food & Drink
Brilliant,Textbook,Education
Cathay Pacific,Round trip,Transport
Auto Insurance,,Bills & Utilities
Family plan,Processing fee,Bills & Utilities
CHEGG STUDY $1739.18 Loan payment,,Education
Trainline,Inspection,Transport
LIVE NATION $142.89,,Entertainment
PAYPAL TRANSFER $8168.40,,Income
CHEGG STUDY $923.50 English class,,Education
Box,订阅,Bills & Utilities
VENMO CASHOUT $4266.21,,Income
Airbnb,Rebate check,Income
Town Hall,अन्य,Other
SKILLSHARE $898.57,,Education
Apartment,رهن عقاري,Housing
Parking,Consultation,Other
Imaging Center,dentiste,Healthcare
Game Ticket,Meditation app,Entertainment
STATE FARM INS $101.88,,Bills & Utilities
Amazon Locker,Filing fee,Other
DoorDash Order,Buffet,Food & Drink
Spin,Gas fill-up,Transport
MEDICAL CENTER $984.67 Pet medication,,Healthcare
Bond Maturity,Airbnb income,Income
BJ's Wholesale,Online shopping,Shopping
CVS PHARMACY #7149 $527.06 Root canal,,Healthcare
Personal Trainer,musik,Entertainment
Buffalo Wild Wings,Cake,Food & Drink
Etsy,Crowdfunding,Income
Paychex,급여,Income
Pottery Barn,Clothes,Shopping
GMAT Prep,本,Education
Wine Shop,Morning coffee,Food & Drink
Auto Insurance,Wireless service,Bills & Utilities
STATE FARM INS $217.41,,Bills & Utilities
Tax Return,Refund,Income
Funimation,Rental,Entertainment
Retail Store,Charity,Other
Direct Deposit,Stock dividend,Income
BJ's Wholesale,服装,Shopping
BP Pulse,交通,Transport
Auto Repair,avião,Transport
Yard Sale,erstattung,Income
TaskRabbit,Maid service,Housing
Painting,Repair,Housing
Ride Share,Vehicle lease,Transport
COMCAST CABLE $197.21,,Bills & Utilities
PLURALSIGHT $324.78 Tuition payment,,Education
LOWES #2253 $1837.22,,Housing
WAL-MART SUPERCENTER #1870,,Shopping
MEDICAL CENTER $504.20 Medical,,Healthcare
CHEGG STUDY $1754.09 Learning,,Education
HOME DEPOT.COM $1446.56 Lease payment,,Housing
Dairy Queen,nourriture,Food & Drink
Live Nation,,Entertainment
Walgreens,Crown,Healthcare
APPLE STORE PURCHASE $451.67 Wedding gift,,Shopping
BP,поездка,Transport
GCP Training,Art class,Education
Tire Shop,Bus fare,Transport
Dance Classes,Online learning,Education
FutureLearn,SAT prep,Education
VRBO,Lawn mowing,Housing
FlixBus,비행기,Transport
UBER *TRIP $616.66 Bus fare,,Transport
Etsy,Apparel,Shopping
WESTERN UNION $40.57 Damage payment,,Other
Toll,One way,Transport
Rebate,Patent income,Income
Bass Pro Shops,Kitchenware,Shopping
HOME DEPOT.COM $1270.98,,Housing
Dance Classes,大学,Education
WALGREENS #7237 $156.30,,Healthcare
CVS Pharmacy,Prescription,Healthcare
Adobe Creative Cloud,فواتير,Bills & Utilities
UBER EATS *Texas Roadhouse PURCHASE,,Food & Drink
Wagamama,Morning coffee,Food & Drink
SCHOOL PAYMENT $195.91,,Education
Guitar Lessons,Enrollment,Education
Bank Fee,Gift card purchase,Other
LIVE NATION $117.77 Spa treatment,,Entertainment
Vision Center,Eye exam,Healthcare
ATM WITHDRAWAL FEE Uncategorized,,Other
Con Edison,Wireless service,Bills & Utilities
TNT,General expense,Other
D&D Session,,Entertainment
Auto Insurance,Parking fee,Transport
METRO TRANSIT $625.79,,Transport
RENT PAYMENT $2646.75 Maintenance,,Housing
Costco,Iced Coffee,Food & Drink
MEDICAL CENTER $1100.57,,Healthcare
CVS PHARMACY #2073 $1333.20,,Healthcare
Aldi STORE #9478 PURCHASE,,Food & Drink
Applebee's SUBSCRIPTION RENEWAL Counter service,,Food & Drink
Xbox Game Pass,Family plan,Entertainment
Hack Reactor,Spanish class,Education
Ride Share,Monthly transit,Transport
Subway STORE #1126 PURCHASE,,Food & Drink
Spotify,Mobile plan,Bills & Utilities
Gratuity,salário,Income
MORTGAGE PAYMENT $1608.26,,Housing
NETFLIX.COM $137.66,,Entertainment
Walmart Pharmacy,Wellness visit,Healthcare
PLAYSTATION STORE $102.05 Museum visit,,Entertainment
METRO TRANSIT $183.84 Tire rotation,,Transport
Dog Walking,Scanning,Other
FEDEx SHIPPING $184.03,,Other
LOWES #2932 $2197.74,,Housing
Storage Unit,Tax payment,Housing
HOA DUES $2938.02 Airbnb stay,,Housing
KAISER PERMANENTE $909.07 Glasses,,Healthcare
Direct Energy,Utility bill,Bills & Utilities
PROPERTY TAX $1301.64,,Housing
PlayStation Store,게임,Entertainment
UBER *TRIP $378.65,,Transport
Central Computer,Headphones,Shopping
Nando's,Holiday dinner,Food & Drink
Car Wash,Highway toll,Transport
Tailor,Daycare,Other
Binance,Stock dividend,Income
KAISER PERMANENTE $319.27,,Healthcare
Chegg,Student fee,Education
Red Cross,Laundry,Other
Deutsche Bahn,비행기,Transport
Burlington,,Shopping
Best Buy,إلكترونيات,Shopping
Emirates,voyage,Transport
Government,,Other
ONLINE PURCHASE Deli.COM Brunch,,Food & Drink
PLURALSIGHT $759.48,,Education
VENMO CASHOUT $3191.46,,Income
Udemy,Online course,Education
Bolt,Charging,Transport
Rewards,remboursement,Income
Bob Evans,Taco,Food & Drink
Lawn Care,,Housing
AUTOPAY VERIZON WIRELESS $300.91 Annual premium,,Bills & Utilities
Veterinarian,Pet medication,Healthcare
DEBIT PURCHASE Marketplace Order,,Shopping
State Tax Refund,Tax refund,Income
WESTERN UNION $12.96 Dry cleaning,,Other
Goethe Institut,Annual plan,Education
Redfin,Contractor,Housing
Community College,Certification,Education
Dividend Payment,Rental income,Income
Reebok,Accessories,Shopping
FedEx Office,Contribution,Other
WALGREENS #1500 $364.46,,Healthcare
ONLINE ORDER Newegg,,Shopping
Dividend Payment,devolución,Income
LYFT RIDES $561.48 Lyft,,Transport
Book Store,schule,Education
STEAM PURCHASE $21.34,,Entertainment
Peet's Coffee,ресторан,Food & Drink
AWS Training,Data science course,Education
Wendy's,,Food & Drink
Medical bill,Flu shot,Healthcare
Best Buy,School supplies,Shopping
Angi,Home insurance,Housing
Deutsche Bahn,Parking fee,Transport
PHARMACY PURCHASE $1201.27,,Healthcare
WAL-MART SUPERCENTER #7333 Printer,,Shopping
DELTA AIR LINES $429.08,,Transport
BANK FEE $109.95 Prepaid load,,Other
STATE FARM INS $105.99,,Bills & Utilities
Disney+,Convenience fee,Bills & Utilities
DIRECT DEPOSIT PAYROLL $8589.33,,Income
VENMO CASHOUT $295.12 Claim settlement,,Income
Surgery,صيدلية,Healthcare
SCHOOL PAYMENT $1351.06,,Education
Skillsoft,universidad,Education
Omio,,Transport
MORTGAGE PAYMENT $2971.58,,Housing
Employer Inc.,Investment return,Income
Boohoo,Coat,Shopping
Health insurance copay,薬局,Healthcare
CPA,misceláneos,Other
Craigslist Housing,miete,Housing
ATM WITHDRAWAL FEE Laundry,,Other
Hobby Lobby,Gloves,Shopping
Car Rental,燃料,Transport
ATM WITHDRAWAL FEE ATM,,Other
Public Storage,Remodel,Housing
HOSPITAL BILL $1075.30 Vitamins,,Healthcare
Dermatologist,hôpital,Healthcare
USPS POSTAGE $65.59,,Other
AMAZON.COM PURCHASE $101.59,,Shopping
UNITED AIRLINES $379.19,,Transport
Ace Hardware,Repair supplies,Housing
HOME DEPOT.COM $853.25 Deep clean,,Housing
SCHOOL PAYMENT $1604.27,,Education
PG&E ELECTRIC $122.40,,Bills & Utilities
Carl's Jr.,,Food & Drink
Pluralsight,,Education
DIVIDEND RENT $5191.04,,Income
Instituto Cervantes,Lifetime access,Education
Art School,,Education
HOME DEPOT #6138 $1397.32,,Housing
NETFLIX.COM $110.61 Meditation app,,Entertainment
Wingstop,Groceries,Food & Drink
Lease Payment,Bus fare,Transport
SHELL OIL SYDNEY #4708,,Transport
DMV,разное,Other
Comixology,Season pass,Entertainment
Certification Program,Certificate program,Education
APPLE STORE PURCHASE $125.35,,Shopping
Baskin-Robbins,café,Food & Drink
SKILLSHARE $741.82 Martial arts,,Education
DEBIT PURCHASE TJ Maxx,,Shopping
DIVIDEND REBA $8519.31 Licensing,,Income
USPS,Other expense,Other
LOWES #3656 $2918.48 Moving,,Housing
Costco SUBSCRIPTION RENEWAL Weekend brunch,,Food & Drink
Target,Garden supplies,Shopping
PLAYSTATION STORE $196.97 Pay-per-view,,Entertainment
PLAYSTATION STORE $167.91 Rental,,Entertainment
BEST BUY #5449 CHICAGO,,Shopping
GOVERNMENT PAYMENT $5.54 Other,,Other
IRS,доход,Income
UNITED AIRLINES $105.12,,Transport
Spectrum,Annual premium,Bills & Utilities
USPS,Unknown,Other
Lenovo,,Shopping
CHEGG STUDY $578.66,,Education
XBOX LIVE $162.52,,Entertainment
Squarespace,зарплата,Income
Side Gig,devolución,Income
Alliance Française,,Education
PLURALSIGHT $322.15,,Education
STEAM PURCHASE $148.01,,Entertainment
Robinhood,返金,Income
XBOX LIVE $119.67,,Entertainment
PLURALSIGHT $1094.36,,Education
Fiverr,Royalties,Income
Bass Pro Shops,電子機器,Shopping
Medicine,,Healthcare
PLURALSIGHT $1026.43 Martial arts,,Education
Coffee Shop,Ramen,Food & Drink
West End,Fair,Entertainment
Lufthansa,,Transport
Goethe Institut,Student fee,Education
Donation,Copying,Other
LensCrafters,dentista,Healthcare
Applebee's,,Food & Drink
UNIVERSITY TUITION $238.42,,Education
SCHOOL PAYMENT $38.56,,Education
Rent Payment,Monthly rent,Housing
UBER EATS *Noodle Shop PURCHASE Date night,,Food & Drink
NIKE.COM ORDER PURCHASE Books,,Shopping
Landscaping,Electrician,Housing
Burlington,घर,Shopping
COMCAST CABLE $48.87 Service fee,,Bills & Utilities
Lowe's,Home improvement,Shopping
BEST BUY #9093 PARIS Hiking,,Shopping
QUEST DIAGNOSTICS $1282.54,,Healthcare
HOME DEPOT.COM $2454.96 Smart home,,Housing
T-MOBILE AUTOPAY $125.41 Software subscription,,Bills & Utilities
Freelance Payment,Consulting,Income
PARKING TOKYO $762.41,,Transport
Crutches,Pet vet visit,Healthcare
Fiverr,Gig payment,Income
METRO TRANSIT $91.94,,Transport
TARGET T-2311 PURCHASE Sunglasses,,Shopping
AWS Training,Grant,Education
Property Tax,Internet,Bills & Utilities
ONLINE ORDER Hobby Lobby,,Shopping
E-commerce Purchase,Jewelry,Shopping
Surgery,병원,Healthcare
MAINTENANCE TaskRabbit $1218.94 Storage,,Housing
Live Nation,Bowling night,Entertainment
Tax Preparer,Other expense,Other
TJX,ملابس,Shopping
ASUS,,Shopping
FEDEx SHIPPING $116.82,,Other
AMC Theatres,エンターテイメント,Entertainment
Zipcar,,Transport
Gojek,Parking fee,Transport
UBER EATS *Pret A Manger PURCHASE Snack,,Food & Drink
COMCAST CABLE $205.74,,Bills & Utilities
AAA,交通,Transport
BOOK STORE $1107.69,,Education
Saks Fifth Avenue,,Shopping
Wendy's,कॉफी,Food & Drink
FEDEx SHIPPING $90.38 Stamp,,Other
Instituto Cervantes,,Education
MEDICAL CENTER $1023.27,,Healthcare
Electric Bill,Late fee,Bills & Utilities
CPA,vários,Other
Dermatologist,Extraction,Healthcare
DEBIT CARD PURCHASE Panda Express,,Food & Drink
SPOTIFY USA $125.91,,Entertainment
EXXON MOBIL #4191 EV charging,,Transport
NETFLIX.COM $172.87,,Entertainment
UBER *TRIP $506.13,,Transport
BEST BUY #1366 BERLIN Keyboard,,Shopping
Singapore Airlines,combustível,Transport
Smoothie King,Soda,Food & Drink
EXXON MOBIL #4388 Gas,,Transport
QUEST DIAGNOSTICS $754.41,,Healthcare
SKILLSHARE $941.82,,Education
UPS SHIPPING $146.06,,Other
CVS,Baby items,Shopping
BEST BUY #1345 TOKYO,,Shopping
GEICO PAYMENT $183.26 Monitoring fee,,Bills & Utilities
MORTGAGE PAYMENT $1550.67,,Housing
PAYPAL TRANSFER $3156.43,,Income
DEBIT CARD PURCHASE El Pollo Loco,,Food & Drink
MISC PURCHASE $105.22 Laundry,,Other
Princeton Review,コース,Education
Jump Start,viagem,Transport
CreativeLive,,Education
VENMO CASHOUT $2968.72 Freelance work,,Income
IRS,,Income
MISC PURCHASE $172.85,,Other
Direct Deposit,Dividend payment,Income
First Aid,Psychiatry,Healthcare
BEST BUY #7225 DUBAI,,Shopping
Hulu,Security system,Bills & Utilities
Republic Services,autopay,Bills & Utilities
SPOTIFY USA $20.13 Live show,,Entertainment
Pet Store,Copying,Other
Museum,Podcast,Entertainment
Interest Payment,Gig economy,Income
Remittance,Gift card purchase,Other
FEDEx SHIPPING $59.41,,Other
PURCHASE AUTHORIZED Qdoba $9.39 Water,,Food & Drink
PHARMACY PURCHASE $858.86,,Healthcare
Art School,Test preparation,Education
Trainline,Parking weekly,Transport
YouTube Premium,Monthly fee,Bills & Utilities
Squarespace,Overtime,Income
Butcher Shop,Burrito,Food & Drink
UDEMY COURSE $1336.53 Data science course,,Education
Cabela's,Slippers,Shopping
Intellectual Property,Side hustle,Income
Netflix,保険,Bills & Utilities
DMV,Scanning,Other
Sephora,Kitchenware,Shopping
UPS SHIPPING $20.97 Wire,,Other
STATE TREASURY REFUND Paycheck,,Income
Hertz,Parking weekly,Transport
Five Guys,Dinner,Food & Drink
TICKETMASTER $84.12,,Entertainment
USPS,Donation,Other
Severance,Stock dividend,Income
Box,factures,Bills & Utilities
UPS SHIPPING $165.84,,Other
PG&E ELECTRIC $198.20,,Bills & Utilities
Azure Certification,Certificate program,Education
AUTOPAY VERIZON WIRELESS $246.64 Auto-pay,,Bills & Utilities
Bond Maturity,revenu,Income
UBER *TRIP $232.13 Brake pads,,Transport
Golden Corral,almuerzo,Food & Drink
Prada,электроника,Shopping
Interest Payment,Monthly salary,Income
Garage Sale,Part-time work,Income
Gratuity,Gift card redemption,Income
ONLINE PURCHASE Ramen Ichiran.COM Catering order,,Food & Drink
Vitamins,zahnarzt,Healthcare
Museum,,Entertainment
In-N-Out Burger,,Food & Drink
Nanny,,Other
ACH CREDIT Investment Interest payment,,Income
Krispy Kreme,ランチ,Food & Drink
HOA DUES $1638.01,,Housing
Nordstrom,Birthday gift,Shopping
Kroger,Dessert,Food & Drink
PLAYSTATION STORE $68.63 Music streaming,,Entertainment
SPOTIFY USA $35.31,,Entertainment
Metro Card,,Transport
Vitamins,,Healthcare
Comcast,,Bills & Utilities
YouTube TV,Concert,Entertainment
Nightclub,Streaming subscription,Entertainment
AMAZON.COM PURCHASE $375.05,,Shopping
Language School,Cooking class,Education
CARD 5907 PURCHASE Curry House Morning coffee,,Food & Drink
Toptal,Gift card redemption,Income
KAISER PERMANENTE $1340.89,,Healthcare
MAINTENANCE Molly Maid $943.97,,Housing
PLURALSIGHT $423.99,,Education
Outback,Late night snack,Food & Drink
Bolt,Express lane,Transport
Junk Removal,Security,Housing
Family plan,請求書,Bills & Utilities
BOOK STORE $1904.17,,Education
Tidal,संगीत,Entertainment
Deezer,Documentary,Entertainment
Kaiser Permanente,医院,Healthcare
Cava,Seafood,Food & Drink
Bolt,самолет,Transport
CPA,Postage,Other
Physical Therapy,Vaccination,Healthcare
Wayfair,,Shopping
Rental Car,Airline ticket,Transport
Golden Corral,,Food & Drink
IRS TREAS 310 TAX REF Stock dividend,,Income
WAL-MART SUPERCENTER #5784,,Shopping
Plumbing,किराया,Housing
HOME DEPOT.COM $2867.34,,Housing
Wire Transfer Fee,,Other
Realtor.com,ремонт,Housing
DEBIT PURCHASE Reebok,,Shopping
RECURRING PAYMENT Netflix Finance charge,,Bills & Utilities
SHELL OIL BERLIN #9488 Daily commute,,Transport
SeatGeek,,Entertainment
UDEMY COURSE $1954.40,,Education
RENT PAYMENT $741.76 Maid service,,Housing
Tire Shop,Gas fill-up,Transport
DIVIDEND UPWO $5582.17,,Income
Continuing Education,Study material,Education
Dentist,Urgent care,Healthcare
HOSPITAL BILL $164.47 Dental checkup,,Healthcare
XBOX LIVE $55.43,,Entertainment
GCP Training,Registration fee,Education
Carpool,combustível,Transport
Toptal,Patent income,Income
Crutches,больница,Healthcare
GoFundMe,Prepaid load,Other
National Car Rental,Parking fee,Transport
TICKETMASTER $199.25,,Entertainment
EXXON MOBIL #6103 Monthly transit,,Transport
Alimony,коммунальные,Bills & Utilities
Building Maintenance,,Housing
CARD 8330 PURCHASE Whole Foods Ramen,,Food & Drink
Lowe's,casa,Shopping
Guitar Lessons,Data science course,Education
SCHOOL PAYMENT $1546.03 Swimming lesson,,Education
UNIVERSITY TUITION $1572.97,,Education
ACH CREDIT Garage Sale Gift card redemption,,Income
Cox Communications,Interest charge,Bills & Utilities
HOSPITAL BILL $1219.21 Filling,,Healthcare
Toll,نقل,Transport
Tutor,éducation,Education
Termite Treatment,Vacation rental,Housing
SKILLSHARE $312.93 Lifetime access,,Education
CHEGG STUDY $1706.00,,Education
Plumbing,Plumber,Housing
Continuing Education,Learning,Education
Taco Stand SUBSCRIPTION RENEWAL,,Food & Drink
Side Gig,راتب,Income
METRO TRANSIT $756.69,,Transport
DENTAL ASSOCIATES $740.08 Wellness visit,,Healthcare
Aldi,Weekend brunch,Food & Drink
Airbnb,Airbnb income,Income
KFC SUBSCRIPTION RENEWAL Taco,,Food & Drink
AMC THEATRES SAO PAULO $102.27,,Entertainment
TJX,Digital purchase,Shopping
JioMart,电子产品,Shopping
Shell Recharge,燃料,Transport
GOVERNMENT PAYMENT $14.33 Prepaid load,,Other
PLAYSTATION STORE $90.99 Fitness class,,Entertainment
Lawn Care,Packing,Housing
BEST BUY #8960 HOUSTON Ring,,Shopping
UPS SHIPPING $5.35 Monthly subscription,,Other
Outback,comida,Food & Drink
Ashley Furniture,Gloves,Shopping
Chick-fil-A,食事,Food & Drink
Pet Emergency,,Healthcare
Alamo,Detailing,Transport
National Car Rental,,Transport
PARKING SAO PAULO $549.16 Round trip,,Transport
TXU Energy,Security system,Bills & Utilities
Boohoo,Birthday gift,Shopping
BOOK STORE $124.59 Online course,,Education
Sainsbury's STORE #7137 PURCHASE,,Food & Drink
PROPERTY TAX $2327.40,,Housing
Cash Back,Capital gains,Income
Red Cross,,Other
PAYPAL TRANSFER $7463.79,,Income
Optometrist,医疗,Healthcare
Apprenticeship,पुस्तकें,Education
CVS PHARMACY #9647 $815.58,,Healthcare
DEBIT CARD PURCHASE Papa Murphy's Alcohol,,Food & Drink
HomeAdvisor,,Housing
DOORDASH *Domino's PURCHASE Bowl,,Food & Drink
PARKING CHICAGO $27.26,,Transport
Town Hall,一般,Other
Freelancer.com,Freelance payment,Income
Museum,streaming,Entertainment
Target,Home decor,Shopping
QUEST DIAGNOSTICS $894.56 Follow-up,,Healthcare
SCHOOL PAYMENT $864.70 Art class,,Education
Mattress Store,Plumber,Housing
USPS,Boarding,Other
Whole Foods,,Food & Drink
Zalando,Charger,Shopping
SPOTIFY USA $5.71,,Entertainment
APPLE STORE PURCHASE $490.58,,Shopping
Drone,영화,Entertainment
Apple Music,Live show,Entertainment
APPLE STORE PURCHASE $442.08,,Shopping
United Way,,Other
State Farm,Electric bill,Bills & Utilities
WAL-MART SUPERCENTER #4007,,Shopping
NETFLIX.COM $95.17,,Entertainment
Cash App,remboursement,Income
Progressive,बीमा,Bills & Utilities
Nintendo eShop,Comedy show,Entertainment
CARD 1243 PURCHASE El Pollo Loco,,Food & Drink
App Academy,Tech course,Education
PARKING TOKYO $376.01,,Transport
QUEST DIAGNOSTICS $1098.82 Retainer,,Healthcare
T-MOBILE AUTOPAY $99.24 Recurring charge,,Bills & Utilities
WAL-MART SUPERCENTER #3732 Microtransaction,,Shopping
Fry's Electronics,दुकान,Shopping
AMAZON.COM PURCHASE $207.93,,Shopping
Little Caesars,Cappuccino,Food & Drink
LOWES #2568 $2491.40 Lease payment,,Housing
POS PURCHASE Curry House LOS ANGELES Lunch,,Food & Drink
Attorney,,Other
Frontier Communications,Interest charge,Bills & Utilities
Pizza Place,Late night snack,Food & Drink
Sainsbury's,Tea,Food & Drink
DEBIT PURCHASE Zara Quarterly box,,Shopping
HOSPITAL BILL $18.32 Medical visit,,Healthcare
Bass Pro Shops,,Shopping
United Airlines,Monthly transit,Transport
Alimony,공과금,Bills & Utilities
Junk Removal,,Housing
Hospital,Dental checkup,Healthcare
STATE FARM INS $49.53 Water bill,,Bills & Utilities
PHARMACY PURCHASE $610.63,,Healthcare
TARGET T-1402 PURCHASE Clothing,,Shopping
Robinhood,भुगतान,Income
Google Career Certificates,Practice exam,Education
Arby's,Cake,Food & Drink
Progressive,,Bills & Utilities
E-ZPass,,Transport
CARD 4827 PURCHASE Safeway,,Food & Drink
AMAZON.COM PURCHASE $301.13,,Shopping
Appliance Store,Monthly mortgage,Housing
UNIVERSITY TUITION $292.03 Degree program,,Education
First Aid,,Healthcare
SHELL OIL LOS ANGELES #4134,,Transport
Barnes & Noble,Audiobook,Entertainment
eBay,Online shopping,Shopping
DENTAL ASSOCIATES $1467.73 Medical,,Healthcare
Content subscription,Streaming subscription,Entertainment
County Tax,Monthly premium,Bills & Utilities
Data plan,factures,Bills & Utilities
UDEMY COURSE $157.33,,Education
UNIVERSITY TUITION $1762.40 Application fee,,Education
GOVERNMENT PAYMENT $153.29 Various,,Other
Rainforest Cafe,Takeout,Food & Drink
Vivid Seats,,Entertainment
Investment,دخل,Income
Smart Lock,Paint,Housing
Disability,수입,Income
Training Course,Course,Education
Rental Car,,Transport
DELTA AIR LINES $690.73 Airport lounge,,Transport
BOOK STORE $125.49 Online course,,Education
Vocational Training,教育,Education
RENT PAYMENT $621.56 Repair,,Housing
Lab work,,Healthcare
Electrical,Lease payment,Housing
AMC THEATRES CHICAGO $123.03,,Entertainment
Shein,Ring,Shopping
Capital Gains,Stock dividend,Income
Red Cross,Gift card purchase,Other
ACH CREDIT Bank of America Stock dividend,,Income
Piano Lessons,,Education
DENTAL ASSOCIATES $1059.27,,Healthcare
KAISER PERMANENTE $880.19,,Healthcare
AUTOPAY VERIZON WIRELESS $280.17 Auto-pay,,Bills & Utilities
Casino, various,Other
Air France,flugzeug,Transport
Counseling Center,Extraction,Healthcare
QUEST DIAGNOSTICS $739.29,,Healthcare
SHELL OIL SINGAPORE #6884,,Transport
Vitamins,医院,Healthcare
PG&E ELECTRIC $73.50,,Bills & Utilities
Target,,Shopping
Fidelity,,Income
Smart Lock,Smart home,Housing
Souplantation STORE #3366 PURCHASE Seafood,,Food & Drink
SCHOOL PAYMENT $812.68 Workshop,,Education
Pret A Manger,Buffet,Food & Drink
Kaiser Permanente,Vitamins,Healthcare
Prize Money,Online sale,Income
Etsy,Wedding gift,Shopping
Restoration Hardware,商店,Shopping
Rental Car,Parking daily,Transport
Biryani Palace,Family meal,Food & Drink
Azure Certification,escola,Education
USPS POSTAGE $78.27,,Other
Arby's STORE #9043 PURCHASE Food,,Food & Drink
Caffe Nero SUBSCRIPTION RENEWAL,,Food & Drink
WAL-MART SUPERCENTER #5587 Ring,,Shopping
Etsy,Handmade items,Shopping
Craft supplies,Series,Entertainment
DataCamp,книги,Education
HOME DEPOT.COM $1990.67,,Housing
Vivint,Annual premium,Bills & Utilities
PARKING TOKYO $687.02,,Transport
PG&E ELECTRIC $98.48,,Bills & Utilities
Therapy Session,चिकित्सा,Healthcare
Escape Room,Pedicure,Entertainment
DIVIDEND SQUA $9347.22 Licensing,,Income
LOWES #8810 $2632.23,,Housing
Card Game,Live music,Entertainment
CVS PHARMACY #2867 $320.41,,Healthcare
POS PURCHASE Noodle Shop SAO PAULO,,Food & Drink
Cleveland Clinic,Dental work,Healthcare
Chili's,Iced Coffee,Food & Drink
COMCAST CABLE $29.58,,Bills & Utilities
Macy's,roupas,Shopping
METRO TRANSIT $189.94 Parking daily,,Transport
KAISER PERMANENTE $247.60 Supplement,,Healthcare
PLURALSIGHT $455.20 Coding bootcamp,,Education
Realtor.com,Property tax,Housing
Extra Space,,Housing
Federal Refund,Points redemption,Income
Popeyes,Delivery,Food & Drink
Apple,Gift,Shopping
QUEST DIAGNOSTICS $886.37,,Healthcare
Burlington,कपड़े,Shopping
Discovery+,,Entertainment
IRS TREAS 310 TAX REF Rental property,,Income
NIKE.COM ORDER PURCHASE Sports equipment,,Shopping
PLAYSTATION STORE $58.66,,Entertainment
Allstate,Broadband,Bills & Utilities
CompTIA,Data science course,Education
Roadside Assistance,Parking daily,Transport
UPS SHIPPING $6.41,,Other
Doctor,Counseling,Healthcare
Comcast,Family plan,Bills & Utilities
Western Union,,Other
SoundCloud,DLC,Entertainment
Board Game Cafe,음악,Entertainment
Etsy,Donation received,Income
RECURRING PAYMENT State Farm Installation fee,,Bills & Utilities
USPS POSTAGE $152.21 Consultation,,Other
Puma,Speaker,Shopping
Bath & Body Works,가게,Shopping
GOVERNMENT PAYMENT $5.13 ATM,,Other
HOA Payment,Property tax,Housing
GMAT Prep,,Education
Ola,,Transport
PURCHASE AUTHORIZED Coffee Shop $62.07,,Food & Drink
Marketplace Order,Retail,Shopping
DEBIT PURCHASE Etsy Cable,,Shopping
Nightclub,jogos,Entertainment
DEBIT CARD PURCHASE Longhorn Steakhouse Wine,,Food & Drink
Cleaning Service,Home insurance,Housing
Charity,その他,Other
COMCAST CABLE $137.10,,Bills & Utilities
Waste Management,Electric bill,Bills & Utilities
HOSPITAL BILL $155.41,,Healthcare
DEBIT PURCHASE Dollar General,,Shopping
Mental Health,,Healthcare
Coffee Shop,,Food & Drink
DIVIDEND FREE $4751.79 Gig payment,,Income
Thai Basil,Snack,Food & Drink
PHARMACY PURCHASE $784.46,,Healthcare
Phone Bill,,Bills & Utilities
METRO TRANSIT $699.33,,Transport
Childcare,Other,Other
Coursera,Lab fee,Education
Late Fee,Unknown,Other
DIRECT DEBIT Duke Energy $124.58,,Bills & Utilities
KAISER PERMANENTE $841.41,,Healthcare
LabCorp,Dental checkup,Healthcare
UDEMY COURSE $1193.63,,Education
Republic Services,बीमा,Bills & Utilities
Nykaa,Headphones,Shopping
School Supplies,Martial arts,Education
Del Taco,,Food & Drink
SKILLSHARE $237.03 Language class,,Education
TARGET T-3157 PURCHASE,,Shopping
HOA DUES $2285.93,,Housing
Mount Sinai,Medical,Healthcare
Card Game,entretenimiento,Entertainment
XBOX LIVE $17.76 Art show,,Entertainment
MEDICAL CENTER $815.03,,Healthcare
Test Prep,,Education
Cabela's,In-app purchase,Shopping
Black Cab,交通,Transport
DIRECT DEPOSIT PAYROLL $2622.49,,Income
Painting,घर,Housing
United Airlines,,Transport
GEICO PAYMENT $269.45 Installation fee,,Bills & Utilities
DEBIT PURCHASE Walmart Sandals,,Shopping
PG&E ELECTRIC $290.52 Service charge,,Bills & Utilities
Rental Income,Prize,Income
Zipcar,燃料,Transport
Cinemark,,Entertainment
Rainforest Cafe,Fries,Food & Drink
Diner,Breakfast,Food & Drink
Rental Income,,Income
DELTA AIR LINES $507.05,,Transport
Spin,Vehicle lease,Transport
Condo Fees,monthly charge,Bills & Utilities
POS PURCHASE The Cheesecake Factory LONDON Soda,,Food & Drink
BEST BUY #3504 HOUSTON,,Shopping
Extra Space,Monthly mortgage,Housing
PLURALSIGHT $1778.90,,Education
Bank Fee,ATM,Other
Upwork,,Income
Wayfair,geschäft,Shopping
SPOTIFY USA $114.73,,Entertainment
STEAM PURCHASE $40.29 Video games,,Entertainment
Extra Space,alquiler,Housing
American Airlines,,Transport
HOSPITAL BILL $687.38,,Healthcare
UNITED AIRLINES $678.94,,Transport
PURCHASE AUTHORIZED KFC $60.81 Dinner,,Food & Drink
Frontier Communications,Annual premium,Bills & Utilities
Side Gig,reembolso,Income
RECURRING PAYMENT Ring,,Bills & Utilities
PG&E ELECTRIC $317.02,,Bills & Utilities
KAISER PERMANENTE $1268.08 Eye exam,,Healthcare
Zalando,Headphones,Shopping
FEDEx SHIPPING $69.65,,Other
Apartment,Repair supplies,Housing
Chipotle Mexican Grill STORE #4960 PURCHASE Snack,,Food & Drink
Dentist,hospital,Healthcare
WESTERN UNION $41.09 Penalty,,Other
Radiology Associates,Root canal,Healthcare
FedEx Office,その他,Other
RENT PAYMENT $2476.07 Property tax,,Housing
TARGET T-9364 PURCHASE,,Shopping
Etsy,Direct deposit,Income
Nanny,Accounting,Other
Hulu,assinatura,Bills & Utilities
Raising Cane's,Afternoon tea,Food & Drink
Duolingo,Online course,Education
Biryani Palace SUBSCRIPTION RENEWAL Iced Coffee,,Food & Drink
Board Game Cafe,musik,Entertainment
Pluralsight,पाठ्यक्रम,Education
Car Wash,سفر,Transport
Megabus,,Transport
HOME DEPOT #7557 $2207.28 Handyman,,Housing
EXXON MOBIL #6153,,Transport
AT&T,Phone bill,Bills & Utilities
HP,,Shopping
Hulu,Film,Entertainment
VRBO,,Housing
LinkedIn Learning,,Education
RECURRING PAYMENT Frontier Communications,,Bills & Utilities
MinuteClinic,Consultation,Healthcare
PAYPAL TRANSFER $7603.82 Annual tax refund,,Income
COURSERA PURCHASE $602.00,,Education
CompTIA,Art class,Education
Snow Removal,жилье,Housing
Flipkart,전자제품,Shopping
Trader Joe's,Deli order,Food & Drink
ONLINE PURCHASE Biryani Palace.COM Beer,,Food & Drink
Car Rental,Toll,Transport
Barron's,Certification,Education
IRS TREAS 310 TAX REF State refund,,Income
AUTOPAY VERIZON WIRELESS $310.11,,Bills & Utilities
Broadway,música,Entertainment
COMCAST CABLE $249.27 Cloud storage,,Bills & Utilities
Pottery Barn,Apparel,Shopping
GameStop,Makeup,Shopping
DIRECT DEBIT Home Insurance $183.19,,Bills & Utilities
MIT OpenCourseWare,Art class,Education
Amtrak,Airport lounge,Transport
Bloomingdale's,전자제품,Shopping
Transit Pass,Flight ticket,Transport
CARD 8113 PURCHASE Wingstop Smoothie,,Food & Drink
SHELL OIL LOS ANGELES #4822 Express lane,,Transport
LOWES #8457 $2367.37,,Housing
Supplement,Vaccination,Healthcare
Yo! Sushi,Drive-through,Food & Drink
Drugstore,,Healthcare
COURSERA PURCHASE $1493.59,,Education
MORTGAGE PAYMENT $2194.44 Cleaning,,Housing
DENTAL ASSOCIATES $780.58 Follow-up,,Healthcare
BANK FEE $8.81,,Other
T-Mobile,Processing fee,Bills & Utilities
McDonald's,,Food & Drink
MISC PURCHASE $11.92 Daycare,,Other
CubeSmart,reparo,Housing
Investment,,Income
WESTERN UNION $11.92,,Other
Amazon Locker,Pressing,Other
New Balance,Home decor,Shopping
NETFLIX.COM $96.63,,Entertainment
Retainer,Cash back reward,Income
Deutsche Bahn,,Transport
Udemy,éducation,Education
Property Tax,Administrative fee,Bills & Utilities
Wish,Printer,Shopping
Lease Payment,,Transport
Dollar Rental,タクシー,Transport
Freelancer.com,Paycheck,Income
Pharmacy,Extraction,Healthcare
SimpliSafe,구독,Bills & Utilities
BOOK STORE $620.87,,Education
MEDICAL CENTER $973.07,,Healthcare
Pawn Shop,General expense,Other
LIVE NATION $78.75,,Entertainment
PLURALSIGHT $841.03,,Education
VENMO CASHOUT $7195.30,,Income
Restoration Hardware,खरीदारी,Shopping
ONLINE PURCHASE Domino's.COM All-you-can-eat,,Food & Drink
BEST BUY #8701 BERLIN,,Shopping
CHEGG STUDY $1025.15,,Education
TARGET T-1869 PURCHASE,,Shopping
Fiverr,,Income
Binance,reembolso,Income
Starbucks Reserve,,Food & Drink
T-MOBILE AUTOPAY $161.68,,Bills & Utilities
UBER EATS *Chick-fil-A PURCHASE,,Food & Drink
Pet Boarding,andere,Other
Gym Membership,Broadband,Bills & Utilities
ACH CREDIT Retainer Paycheck,,Income
Disney+,assurance,Bills & Utilities
MEDICAL CENTER $508.64 Root canal,,Healthcare
Extra Space,Handyman,Housing
Community Center,,Other
Miscellaneous,Contribution,Other
MORTGAGE PAYMENT $2431.48,,Housing
Cedars-Sinai,,Healthcare
Miscellaneous,Daycare,Other
Cox Communications,Standing order,Bills & Utilities
National Grid,Broadband,Bills & Utilities
UBER EATS *Burger King PURCHASE,,Food & Drink
ASUS,Hat,Shopping
U-Haul,maison,Housing
KAISER PERMANENTE $1083.96 Pet medication,,Healthcare
Xfinity,versorgung,Bills & Utilities
PURCHASE AUTHORIZED Costco $70.31,,Food & Drink
PLAYSTATION STORE $151.53 Museum visit,,Entertainment
DOORDASH *Pizza Place PURCHASE Espresso,,Food & Drink
Microsoft Learn,,Education
Apple TV+,Theme park,Entertainment
AMC THEATRES LOS ANGELES $29.47,,Entertainment
DIVIDEND SQUA $3157.97,,Income
Bun Bo Hue,,Food & Drink
Tutor,bildung,Education
Direct Deposit,Consulting,Income
In-N-Out Burger,Date night,Food & Drink
Air France,Vehicle lease,Transport
Deli,Alcohol,Food & Drink
The Halal Guys,Water,Food & Drink
State Tax Refund,Contract work,Income
Game Ticket,ألعاب,Entertainment
Employer Payroll,Commission,Income
DEBIT CARD PURCHASE Chili's Wine,,Food & Drink
Notebooks,Language learning,Education
Lawyer,,Other
Tropical Smoothie,,Food & Drink
PROPERTY TAX $2304.70 Remodel,,Housing
TICKETMASTER $128.48 Music streaming,,Entertainment
Vivint,Finance charge,Bills & Utilities
HOSPITAL BILL $859.02 Blood work,,Healthcare
Cracker Barrel,Late night snack,Food & Drink
HOA DUES $2349.80,,Housing
Neiman Marcus,Fragrance,Shopping
General Assembly,도서,Education
UPS SHIPPING $114.28,,Other
Merry Maids,Pest control,Housing
UNIVERSITY TUITION $640.14 Practice exam,,Education
Curry House,Taco,Food & Drink
Micro Center,Office supplies,Shopping
Aspen Dental,Lab results,Healthcare
Tropical Smoothie,café,Food & Drink
BEST BUY #5949 PARIS Toddler,,Shopping
Pluralsight,Voice lesson,Education
TICKETMASTER $186.14,,Entertainment
DEBIT PURCHASE Rite Aid,,Shopping
STATE TREASURY REFUND State refund,,Income
LYFT RIDES $282.42,,Transport
COMCAST CABLE $213.20 Auto-pay,,Bills & Utilities
Bass Pro Shops,hogar,Shopping
Settlement,भुगतान,Income
COURSERA PURCHASE $1316.48 Dance class,,Education
Sewer Bill,公用事业,Bills & Utilities
LIVE NATION $85.42 Expansion,,Entertainment
AMAZON.COM PURCHASE $388.17 Keyboard,,Shopping
Zillow,Flooring,Housing
STATE TREASURY REFUND Prize,,Income
UPS,Monthly subscription,Other
WALGREENS #8903 $43.47 Supplement,,Healthcare
HOSPITAL BILL $243.89,,Healthcare
Mental Health,Physical exam,Healthcare
STEAM PURCHASE $80.84,,Entertainment
ChargePoint,,Transport
Fitness Class,Audiobook,Entertainment
Government,Daily purchase,Other
CARD 1773 PURCHASE Greggs Burger,,Food & Drink
General Assembly,Learning,Education
MORTGAGE PAYMENT $1638.66 Maid service,,Housing
DENTAL ASSOCIATES $1315.73,,Healthcare
NIKE.COM ORDER PURCHASE School supplies,,Shopping
Community College,Application fee,Education
Thai Basil,فطور,Food & Drink
Nintendo Online,DLC,Entertainment
Valet Parking,Taxi,Transport
LeetCode,Art class,Education
Side Gig,Freelance work,Income
Roadside Assistance,avión,Transport
Dollar General,购物,Shopping
Subscription Service,Monthly subscription,Other
Outback SUBSCRIPTION RENEWAL,,Food & Drink
Wetherspoons STORE #2642 PURCHASE,,Food & Drink
HOME DEPOT.COM $2841.79,,Housing
Sweetgreen,Dinner,Food & Drink
Reliant Energy,services,Bills & Utilities
POS PURCHASE Chipotle LONDON Late night snack,,Food & Drink
LYFT RIDES $206.48,,Transport
BP,Charging,Transport
MAINTENANCE Pool Service $2875.47,,Housing
Outback,petit-déjeuner,Food & Drink
Sprint,,Bills & Utilities
LSAT Prep,大学,Education
Donation,Filing fee,Other
HOME DEPOT #7030 $2307.01,,Housing
CHEGG STUDY $1916.92,,Education
Shake Shack,レストラン,Food & Drink
Youtube,Premium subscription,Entertainment
AMC THEATRES LONDON $183.29 Movie,,Entertainment
TXU Energy,Standing order,Bills & Utilities
FEDEx SHIPPING $187.12 Replacement,,Other
Supplement,,Healthcare
Therapy Session,Contacts,Healthcare
Child Support,,Bills & Utilities
AMC Theatres,,Entertainment
LYFT RIDES $524.51,,Transport
Monthly Pass,Long distance ride,Transport
NETFLIX.COM $106.37,,Entertainment
JOANN,eletrônicos,Shopping
UDEMY COURSE $1888.65 Scholarship,,Education
Employer Payroll,Investment return,Income
PetSmart,Subscription box,Shopping
HOME DEPOT.COM $2431.39,,Housing
ONLINE PURCHASE Outback.COM Business lunch,,Food & Drink
DOORDASH *Olive Garden PURCHASE Birthday cake,,Food & Drink
National Car Rental,Bus fare,Transport
PLURALSIGHT $1150.73,,Education
GEICO PAYMENT $107.04 Finance charge,,Bills & Utilities
Dentist,,Healthcare
Oil Change,Premium gas,Transport
STATE TREASURY REFUND Award,,Income
CVS PHARMACY #4456 $340.95 Procedure,,Healthcare
STOCK SALE FEDE $2526.36 Bond interest,,Income
USPS POSTAGE $128.40 Storage rental,,Other
Nightclub,Museum visit,Entertainment
UBER EATS *In-N-Out PURCHASE,,Food & Drink
UBER EATS *Subway PURCHASE,,Food & Drink
Stock Sale,,Income
Veterinarian,,Healthcare
Bank of America,revenu,Income
Printing,Stamp,Other
T-MOBILE AUTOPAY $196.21 Monitoring fee,,Bills & Utilities
Medicine,Imaging,Healthcare
Subway SUBSCRIPTION RENEWAL Lunch,,Food & Drink
Sylvan Learning,Books,Education
ATM Fee,잡다,Other
Toll,,Other
GEICO PAYMENT $264.41 Administrative fee,,Bills & Utilities
PARKING PARIS $712.42,,Transport
Season Pass,,Entertainment
Daycare,Lost item,Other
YouTube Premium,Live music,Entertainment
Yard Sale,Royalties,Income
UNITED AIRLINES $727.50,,Transport
Brilliant,大学,Education
POS PURCHASE McDonald's DUBAI,,Food & Drink
ONLINE ORDER eBay Office supplies,,Shopping
MIT OpenCourseWare,学校,Education
WAL-MART SUPERCENTER #6720,,Shopping
PHARMACY PURCHASE $661.39,,Healthcare
Vanpool,,Transport
USPS POSTAGE $194.06,,Other
Big Lots,geschäft,Shopping
ACH CREDIT Consulting Fee Rental property,,Income
Greyhound,Round trip,Transport
PG&E ELECTRIC $335.14 Administrative fee,,Bills & Utilities
H-E-B,朝食,Food & Drink
Publix,Happy hour,Food & Drink
QUEST DIAGNOSTICS $510.25,,Healthcare
Ring Doorbell,,Housing
Dropbox,,Bills & Utilities
PHARMACY PURCHASE $252.79 Blood work,,Healthcare
BANK FEE $27.63,,Other
Settlement,راتب,Income
Legal Services,기타,Other
HOME DEPOT #8279 $1694.77 Furniture,,Housing
UDEMY COURSE $1249.36 Study material,,Education
UBER *TRIP $452.11 Street parking,,Transport
Car Wash,飞机,Transport
QUEST DIAGNOSTICS $528.19,,Healthcare
Intellectual Property,Insurance payout,Income
LOWES #8153 $1970.34,,Housing
Adobe Creative Cloud,,Bills & Utilities
STEAM PURCHASE $49.97 Rental,,Entertainment
HOSPITAL BILL $1188.77 Medicine,,Healthcare
Cleveland Clinic,pharmacie,Healthcare
UBER EATS *Souplantation PURCHASE,,Food & Drink
Peloton,Wireless service,Bills & Utilities
PLURALSIGHT $98.21,,Education
RECURRING PAYMENT USAA,,Bills & Utilities
Angi,Flooring,Housing
Marshalls,Sunglasses,Shopping
LYFT RIDES $492.71,,Transport
AUTOPAY VERIZON WIRELESS $30.05 Installation fee,,Bills & Utilities
SCHOOL PAYMENT $1057.75 Annual plan,,Education
Gucci,,Shopping
Yoga,,Entertainment
Dentist,Dental cleaning,Healthcare
Internet Bill,公共料金,Bills & Utilities
Starbucks STORE #2275 PURCHASE Taco,,Food & Drink
Toptal,Interest payment,Income
Caffe Nero,Takeout,Food & Drink
MasterClass,Technology fee,Education
QUEST DIAGNOSTICS $1141.32,,Healthcare
Direct Energy,Late fee,Bills & Utilities
Steam,商店,Shopping
Art Gallery,Facial,Entertainment
Yellow Cab,燃料,Transport
Gaming subscription,,Entertainment
Dell,Watch,Shopping
Printing,Other,Other
Baggage Fee,essence,Transport
StubHub,Game night,Entertainment
Side Gig,,Income
Charles Schwab,Patent income,Income
Supplement,Urgent care,Healthcare
United Way,Infraction,Other
Lambda School,Diploma,Education
STOCK SALE SOCI $9705.48,,Income
Government,general,Other
Medicine,Therapy,Healthcare
Pizza Place,comestibles,Food & Drink
Microsoft Store,,Shopping
HOA DUES $2983.35,,Housing
ONLINE ORDER Flipkart,,Shopping
GEICO PAYMENT $308.71,,Bills & Utilities
Del Taco,Grocery run,Food & Drink
WALGREENS #4357 $300.10 Pharmacy,,Healthcare
Pottery Barn,Retail,Shopping
STEAM PURCHASE $165.09,,Entertainment
Continuing Education,Certificate program,Education
Nando's,Soda,Food & Drink
ONLINE ORDER Retail Purchase Quarterly box,,Shopping
ONLINE PURCHASE Smoothie Bar.COM,,Food & Drink
TICKETMASTER $75.82,,Entertainment
AMC THEATRES LONDON $158.81 Comedy show,,Entertainment
TARGET T-6727 PURCHASE Adapter,,Shopping
AMAZON.COM PURCHASE $125.28,,Shopping
Mayo Clinic,Medical,Healthcare
Pet Hospital,Doctor visit,Healthcare
Late Fee,Wire,Other
Retail Purchase,Kids clothing,Shopping
UNITED AIRLINES $608.73,,Transport
FutureLearn,Fellowship,Education
Accountant,Lost item,Other
WESTERN UNION $41.27 ATM,,Other
UBER EATS *Sushi Zanmai PURCHASE Pizza,,Food & Drink
Comixology,게임,Entertainment
Furniture Store,家,Housing
Trulia,Lease payment,Housing
Smoothie Bar,Catering order,Food & Drink
Property Tax,Plumber,Housing
Tim Hortons,Birthday cake,Food & Drink
Comedy Club,,Entertainment
Dropbox,Monthly premium,Bills & Utilities
COURSERA PURCHASE $654.24 English class,,Education
Nationwide,Family plan,Bills & Utilities
Sport Rehab,medizinisch,Healthcare
CrossFit,,Bills & Utilities
T-MOBILE AUTOPAY $34.40,,Bills & Utilities
Gold's Gym,autopay,Bills & Utilities
Notebooks,educación,Education
GMAT Prep,SAT prep,Education
Goethe Institut,Dance class,Education
EA Play,jogos,Entertainment
SKILLSHARE $1175.37,,Education
HOA DUES $2594.50,,Housing
Gym,Pay-per-view,Entertainment
UDEMY COURSE $57.80,,Education
Rental Income,退款,Income
Safeway,Frappuccino,Food & Drink
DOORDASH *Subway PURCHASE Wine,,Food & Drink
WALGREENS #6154 $1143.16 Urgent care,,Healthcare
Sonic,Espresso,Food & Drink
RECURRING PAYMENT Insurance Premium Service charge,,Bills & Utilities
Church,общее,Other
PURCHASE AUTHORIZED Buffalo Wild Wings $41.18,,Food & Drink
UPS SHIPPING $103.97 Faxing,,Other
Flooring,,Housing
Social Security,Rebate check,Income
Late Fee,Laundry,Other
TICKETMASTER $37.72,,Entertainment
Costco,किराने का सामान,Food & Drink
Women's Health Center,,Healthcare
Dog Walking,Gift card purchase,Other
WALGREENS #3659 $1456.81 Hospital stay,,Healthcare
Home Warranty,Decor,Housing
PLAYSTATION STORE $160.23,,Entertainment
Realtor.com,Windows,Housing
Netflix,Direct debit,Bills & Utilities
Cafe,Coffee,Food & Drink
Transit,Metro pass,Transport
Codecademy,Grant,Education
Laundromat,Legal fee,Other
NETFLIX.COM $170.02,,Entertainment
Fine,,Other
Zillow,ремонт,Housing
Ross Stores,Kitchenware,Shopping
ACH CREDIT Inheritance,,Income
Broadway,Battle pass,Entertainment
Apprenticeship,educação,Education
UBER *TRIP $534.27,,Transport
Amazon Locker, various,Other
Udemy,Fellowship,Education
TARGET T-1449 PURCHASE,,Shopping
LYFT RIDES $174.71 Premium gas,,Transport
Photography,Season pass,Entertainment
AT&T,assurance,Bills & Utilities
Karaoke,ストリーミング,Entertainment
Property Tax,Vacation rental,Housing
AMC THEATRES BERLIN $66.67,,Entertainment
IRCTC,Alignment,Transport
USPS POSTAGE $142.11,,Other
DENTAL ASSOCIATES $14.12,,Healthcare
Salvation Army,Laundry,Other
Various,Prepaid load,Other
HOME DEPOT.COM $1331.91,,Housing
CHEGG STUDY $1389.97 Practice exam,,Education
CARD 8246 PURCHASE Little Caesars Taco,,Food & Drink
PHARMACY PURCHASE $849.97,,Healthcare
DELTA AIR LINES $599.02 Flight ticket,,Transport
Sephora,,Shopping
DEBIT PURCHASE New Balance,,Shopping
UBER *TRIP $128.41 Car wash,,Transport
Furniture Store,Decor,Housing
Craft supplies,Game purchase,Entertainment
PROPERTY TAX $1204.28,,Housing
WALGREENS #8979 $64.06 Pharmacy,,Healthcare
Interest Payment,수입,Income
Amazon Prime,,Bills & Utilities
Stationery,книги,Education
Life Coach,krankenhaus,Healthcare
Bolt,Train ticket,Transport
Harvard Extension,Dance class,Education
HOME DEPOT.COM $2400.77,,Housing
Pool Service,,Housing
BOOK STORE $901.11,,Education
Theme Park,Spa treatment,Entertainment
Water Park,музыка,Entertainment
UNITED AIRLINES $410.28,,Transport
Biryani Palace,Burger,Food & Drink
Alliance Française,Fellowship,Education
VOD,Documentary,Entertainment
HOME DEPOT #8923 $985.47,,Housing
Yoga Studio,Standing order,Bills & Utilities
GEICO PAYMENT $292.89 Recurring charge,,Bills & Utilities
Barron's,Annual plan,Education
Ambulance,Doctor visit,Healthcare
Trade School,جامعة,Education
UNITED AIRLINES $585.51,,Transport
DIRECT DEPOSIT PAYROLL $972.41 Interest payment,,Income
Etsy,Shop earnings,Income
Language School,学校,Education
CVS PHARMACY #8069 $144.15,,Healthcare
Card Game,,Entertainment
HOME DEPOT.COM $749.53 Roofing,,Housing
MEDICAL CENTER $358.09,,Healthcare
Johns Hopkins,Flu shot,Healthcare
KFC,Dessert,Food & Drink
DEBIT CARD PURCHASE Sweetgreen Groceries,,Food & Drink
Ola,EV charging,Transport
BANK FEE $170.28 Top-up,,Other
PURCHASE AUTHORIZED Starbucks Reserve $22.74,,Food & Drink
Vanguard,Freelance payment,Income
WALGREENS #1554 $522.92 Wellness visit,,Healthcare
HOME DEPOT #1504 $2348.09,,Housing
Sushi Bar,обед,Food & Drink
NETFLIX.COM $42.09 DLC,,Entertainment
Federal Refund,доход,Income
Amazon Prime,Direct debit,Bills & Utilities
Alliance Française,Dance class,Education
Liberty Mutual,Phone bill,Bills & Utilities
IHOP,Afternoon tea,Food & Drink
Food Market,Coffee,Food & Drink
West Elm,,Shopping
Discovery+,Family plan,Entertainment
APPLE STORE PURCHASE $272.63 Printer,,Shopping
COMCAST CABLE $62.88,,Bills & Utilities
Fidelity,Contract work,Income
Naan Stop,नाश्ता,Food & Drink
Gaming subscription,Play,Entertainment
PARKING SINGAPORE $74.42,,Transport
Nintendo eShop,musik,Entertainment
AMC THEATRES PHOENIX $195.12 Pay-per-view,,Entertainment
STATE TREASURY REFUND Sublease,,Income
Sears Optical,Wellness visit,Healthcare
Life Insurance,Standing order,Bills & Utilities
Insomnia Cookies,Meal,Food & Drink
CVS PHARMACY #3970 $738.54,,Healthcare
Accountant,Prepaid load,Other
HOSPITAL BILL $693.70 Imaging,,Healthcare
Bet,General expense,Other
SKILLSHARE $1017.03,,Education
Pret A Manger,,Food & Drink
PLURALSIGHT $1169.66 Tech course,,Education
Legal Services,Miscellaneous,Other
QUEST DIAGNOSTICS $615.16,,Healthcare
METRO TRANSIT $196.34 Charging,,Transport
PROPERTY TAX $1618.13,,Housing
Phone Bill,rechnungen,Bills & Utilities
Papa John's,comestibles,Food & Drink
Chipotle Mexican Grill,Dessert,Food & Drink
PLURALSIGHT $1742.54 Certification,,Education
BEST BUY #6037 SEOUL,,Shopping
TARGET T-2030 PURCHASE Beauty products,,Shopping
T-Mobile,Phone bill,Bills & Utilities
CARD 5154 PURCHASE Domino's,,Food & Drink
Home Depot,,Shopping
SCHOOL PAYMENT $1693.18,,Education
MEDICAL CENTER $1036.02,,Healthcare
DMV,Daily purchase,Other
USPS POSTAGE $105.15,,Other
GEICO PAYMENT $247.70,,Bills & Utilities
Childcare,,Other
SKILLSHARE $54.59 Lab fee,,Education
SHELL OIL CHICAGO #5461,,Transport
Plant Store,ATM,Other
Dutch Bros STORE #7281 PURCHASE Pasta,,Food & Drink
HOA DUES $2887.55 Security,,Housing
Garage Door,alquiler,Housing
Music School,Learning,Education
Various,一般,Other
AMC THEATRES TOKYO $35.11 Expansion,,Entertainment
MEDICAL CENTER $427.12 Counseling,,Healthcare
Town Hall,Miscellaneous,Other
PLURALSIGHT $1397.83,,Education
Parking,Bridge toll,Transport
Cabela's,,Shopping
SHELL OIL PHOENIX #3722,,Transport
PetCare,Medical supplies,Healthcare
Goethe Institut,Lifetime access,Education
MORTGAGE PAYMENT $2939.24,,Housing
CPA,Various,Other
DHL,Damage payment,Other
Home Warranty,ипотека,Housing
MISC PURCHASE $113.97 Tax prep,,Other
Hack Reactor,Martial arts,Education
AWS Training,교육,Education
SPOTIFY USA $29.84,,Entertainment
Goethe Institut,पुस्तकें,Education
LYFT RIDES $219.32,,Transport
Daycare,Dry cleaning,Other
Hawaiian Airlines,여행,Transport
RECURRING PAYMENT Hulu,,Bills & Utilities
Venmo,,Income
LIVE NATION $180.79 Expansion,,Entertainment
Ramen Ichiran SUBSCRIPTION RENEWAL Pizza,,Food & Drink
Circus,Movie ticket,Entertainment
Facebook Marketplace Housing,Home warranty,Housing
PHARMACY PURCHASE $829.09 Therapy,,Healthcare
Safeway,Pizza,Food & Drink
Books-A-Million,Keyboard,Shopping
HOA DUES $1583.94,,Housing
Plant Store,Postage,Other
LOWES #8692 $926.25,,Housing
IRS,einkommen,Income
MAINTENANCE Mortgage $2261.17 Camera system,,Housing
Terminix,Plumber,Housing
STATE TREASURY REFUND Commission,,Income
AUTOPAY VERIZON WIRELESS $132.86,,Bills & Utilities
QUEST DIAGNOSTICS $628.13,,Healthcare
Stanford Online,Voice lesson,Education
Painting,Move-in fee,Housing
Samsung Store,Footwear,Shopping
Supplement,Dental checkup,Healthcare
SKILLSHARE $1179.82 Cooking class,,Education
DIRECT DEBIT Google Workspace $349.62,,Bills & Utilities
Capital Gains,استرداد,Income
Medical equipment,Crown,Healthcare
LYFT RIDES $654.90,,Transport
Smart Lock,Decor,Housing
AMC THEATRES NEW YORK $76.19,,Entertainment
Realtor.com,Electrician,Housing
WALGREENS #2179 $1276.96 Root canal,,Healthcare
Codecademy,Textbook,Education
Tile,Tax payment,Housing
DIVIDEND EMPL $5082.37,,Income
County Tax,autopay,Bills & Utilities
Royalty Payment,환급,Income
Pizza Place STORE #1392 PURCHASE Water,,Food & Drink
CHEGG STUDY $810.00 Certificate program,,Education
TARGET T-3160 PURCHASE School supplies,,Shopping
Lottery Ticket,varios,Other
SHELL OIL HOUSTON #2672,,Transport
WALGREENS #9648 $161.77 Pet vet visit,,Healthcare
Board Game Cafe,Wellness subscription,Entertainment
PG&E ELECTRIC $296.01 Service fee,,Bills & Utilities
Side Gig,Award,Income
Trash Pickup,請求書,Bills & Utilities
TARGET T-1430 PURCHASE,,Shopping
STATE TREASURY REFUND Tax refund,,Income
DELTA AIR LINES $61.38 Taxi,,Transport
DIRECT DEBIT Gmail $85.30,,Bills & Utilities
UNITED AIRLINES $573.73 Car wash,,Transport
Microsoft 365,Phone bill,Bills & Utilities
COURSERA PURCHASE $1181.82,,Education
AAA,燃料,Transport
Republic Services,Subscription,Bills & Utilities
Pad Thai Kitchen,,Food & Drink
DENTAL ASSOCIATES $107.14,,Healthcare
COURSERA PURCHASE $288.22,,Education
Apartment,Home warranty,Housing
BANK FEE $58.33,,Other
LeetCode,Study guide,Education
RENT PAYMENT $908.40,,Housing
AMC THEATRES TORONTO $183.40 Game night,,Entertainment
PROPERTY TAX $2511.92,,Housing
Property Management Co.,ипотека,Housing
DIRECT DEPOSIT PAYROLL $9947.67,,Income
Concert,Facial,Entertainment
Skillsoft,学校,Education
Workshop,Voice lesson,Education
Camera equipment,Movie,Entertainment
ACH CREDIT Dividend Payment,,Income
Lease Payment,Parking fee,Transport
GEICO PAYMENT $200.68 Processing fee,,Bills & Utilities
Trulia,Smart home,Housing
PURCHASE AUTHORIZED Starbucks $74.97,,Food & Drink
MISC PURCHASE $59.13 Dry cleaning,,Other
D&D Session,Game purchase,Entertainment
West Elm,vêtements,Shopping
Greyhound,taxi,Transport
Crypto Exchange,gehalt,Income
HOSPITAL BILL $1257.11,,Healthcare
Sushi Zanmai,,Food & Drink
Xfinity,Software subscription,Bills & Utilities
Town Hall,Unit rental,Other
Concert,Podcast,Entertainment
DOORDASH *Butcher Shop PURCHASE Dessert,,Food & Drink
Gas Bill,Processing fee,Bills & Utilities
SPOTIFY USA $185.31,,Entertainment
Wish,,Shopping
Bath & Body Works,Home decor,Shopping
USPS,otros,Other
Peet's Coffee STORE #2452 PURCHASE,,Food & Drink
Bloomingdale's,magasin,Shopping
MEDICAL CENTER $1373.84,,Healthcare
Facebook Marketplace,,Housing
National Grid,Finance charge,Bills & Utilities
Taxi,,Transport
XBOX LIVE $109.14 Annual plan,,Entertainment
Sam's Club,casa,Shopping
ATM Fee,Other expense,Other
FEDEx SHIPPING $197.61 Notary,,Other
Therapy Session,pharmacie,Healthcare
Smoothie King,Beer,Food & Drink
Airbnb,Dividend payment,Income
Broadway,,Entertainment
Cardiologist,Crown,Healthcare
Donation,,Other
Taxi,Parking fee,Transport
PROPERTY TAX $2123.34,,Housing
Wagamama,Late night snack,Food & Drink
QUEST DIAGNOSTICS $369.10,,Healthcare
DIRECT DEPOSIT PAYROLL $7116.03,,Income
Live Nation,音乐,Entertainment
Tonkotsu Ramen,Burrito,Food & Drink
POS PURCHASE In-N-Out Burger SAO PAULO,,Food & Drink
STATE FARM INS $59.29 Deductible,,Bills & Utilities
CVS PHARMACY #4524 $832.17 LASIK,,Healthcare
PURCHASE AUTHORIZED Tea House $22.42 All-you-can-eat,,Food & Drink
UBER EATS *Whole Foods PURCHASE,,Food & Drink
Cardiologist,,Healthcare
LOWES #1785 $2204.20,,Housing
NETFLIX.COM $194.92 Gallery exhibition,,Entertainment
TICKETMASTER $100.08 Audiobook,,Entertainment
Sweet Tomatoes STORE #9636 PURCHASE,,Food & Drink
SHELL OIL TOKYO #7648,,Transport
Shell,avión,Transport
Mechanic,Annual pass,Transport
Bank of America,Interest payment,Income
Republic Services,Monitoring fee,Bills & Utilities
Bet,Delivery,Other
Burger King,продукты,Food & Drink
Crunchyroll,,Entertainment
Town Hall,Notary,Other
AMC THEATRES SYDNEY $64.95,,Entertainment
Gambling,,Other
Dermatologist,Pharmacy,Healthcare
Skillshare,大学,Education
Marketplace Order,购物,Shopping
Airbnb,Monthly rent,Housing
COURSERA PURCHASE $255.45 Dance class,,Education
Amazon,衣類,Shopping
PG&E ELECTRIC $32.56,,Bills & Utilities
Laundromat,,Other
Puma,,Shopping
Central Computer,Holiday gift,Shopping
Property Tax,Standing order,Bills & Utilities
OB/GYN,,Healthcare
BJ's Wholesale,,Shopping
DIVIDEND FIDE $8767.24 Interest payment,,Income
FiOS,サブスクリプション,Bills & Utilities
DMV,Grooming,Other
Pet Emergency,аптека,Healthcare
PAYPAL TRANSFER $3451.68 Annual tax refund,,Income
AUTOPAY VERIZON WIRELESS $342.84 Annual premium,,Bills & Utilities
D&D Session,Audiobook,Entertainment
Attorney,أخرى,Other
PLURALSIGHT $1837.37,,Education
Gas Bill,services,Bills & Utilities
Prescription,CPAP supplies,Healthcare
DEBIT PURCHASE Macy's,,Shopping
WAL-MART SUPERCENTER #9330,,Shopping
Blood test,Imaging,Healthcare
School Supplies,образование,Education
UBER EATS *Dunkin' PURCHASE,,Food & Drink
UNITED AIRLINES $466.70,,Transport
ATM WITHDRAWAL FEE Daily purchase,,Other
Employer Payroll,Consulting,Income
Cooking Classes,Books,Education
In-N-Out,merceria,Food & Drink
Starbucks,Espresso,Food & Drink
Dividend Payment,,Income
Ring,подписка,Bills & Utilities
Content subscription,Bowling night,Entertainment
Mechanic,Flight,Transport
AMC THEATRES SINGAPORE $198.33 E-book,,Entertainment
Refund,Side hustle,Income
Zelle,GoFundMe,Income
Netflix,Play,Entertainment
eBay,,Shopping
BOOK STORE $927.16,,Education
ATM WITHDRAWAL FEE Delivery,,Other
USPS POSTAGE $134.10 Consultation,,Other
Coursera,Voice lesson,Education
LYFT RIDES $156.09,,Transport
Waste Management,Gas bill,Bills & Utilities
UPS SHIPPING $161.39,,Other
FEDEx SHIPPING $170.08,,Other
DELTA AIR LINES $735.02 Fuel,,Transport
Art Gallery,ストリーミング,Entertainment
Paycheck,Patent income,Income
BP,voyage,Transport
Jump Start,transporte,Transport
Amtrak,연료,Transport
ADP Payroll,Stock dividend,Income
Thrift Store,Filing fee,Other
WALGREENS #8265 $1391.25 Medical supplies,,Healthcare
Movie rental,,Entertainment
Wish,Books,Shopping
Planned Parenthood,Pet vet visit,Healthcare
Spectrum,versicherung,Bills & Utilities
Sport Rehab,चिकित्सा,Healthcare
RECURRING PAYMENT AT&T Utility bill,,Bills & Utilities
SCHOOL PAYMENT $395.58,,Education
Ross Stores,loja,Shopping
Temple,各種,Other
Comixology,Documentary,Entertainment
Michael Kors,,Shopping
Outback,Juice,Food & Drink
Hobby,,Entertainment
COMCAST CABLE $87.93,,Bills & Utilities
Gas Bill,подписка,Bills & Utilities
STEAM PURCHASE $5.20 Family plan,,Entertainment
AT&T,تأمين,Bills & Utilities
Snapchat,,Entertainment
TARGET T-2108 PURCHASE Wedding gift,,Shopping
Sport Rehab,医院,Healthcare
At Home,Outdoor gear,Shopping
Sears Optical,médical,Healthcare
Udemy,Scholarship,Education
STATE FARM INS $347.61 Auto-pay,,Bills & Utilities
Salvation Army,,Other
Biryani Palace,,Food & Drink
Nike,roupas,Shopping
Dividend Payment,reembolso,Income
ATM WITHDRAWAL FEE Charity,,Other
Bonus,Overtime,Income
Amazon Locker,Transfer,Other
Louis Vuitton,Makeup,Shopping
Postmates Order,Weekend brunch,Food & Drink
Airbnb,HOA fee,Housing
Storage Unit,Monthly mortgage,Housing
Overtime Pay,دفعة,Income
STATE FARM INS $39.68,,Bills & Utilities
JOANN,Pet supplies,Shopping
GOVERNMENT PAYMENT $159.58,,Other
Trash Pickup,Overdue payment,Bills & Utilities
Women's Health Center,dentista,Healthcare
MAINTENANCE Rentokil $854.84 Utility deposit,,Housing
LOWES #3616 $1083.45,,Housing
TARGET T-7449 PURCHASE,,Shopping
Alaska Airlines,Round trip,Transport
COMCAST CABLE $340.64,,Bills & Utilities
Shake Shack,dîner,Food & Drink
Half Price Books,Necklace,Shopping
Air France,Regular gas,Transport
Petco,Retail,Shopping
Zelle,Monthly salary,Income
Drugstore,歯科,Healthcare
HOME DEPOT.COM $2477.25 Monthly rent,,Housing
Tutor,大学,Education
AMC THEATRES CHICAGO $166.74,,Entertainment
Retainer,renda,Income
Crutches,Contacts,Healthcare
UBER *TRIP $561.70,,Transport
DOORDASH *Dunkin' PURCHASE Fries,,Food & Drink
QUEST DIAGNOSTICS $24.63,,Healthcare
XBOX LIVE $151.27,,Entertainment
WooCommerce,Part-time work,Income
Zelle,Online sale,Income
Medicine,医药,Healthcare
Rewards,Commission,Income
Professional Development,Language class,Education
AMC THEATRES PHOENIX $122.79,,Entertainment
UNITED AIRLINES $658.45 Highway toll,,Transport
Con Edison,Broadband,Bills & Utilities
UNITED AIRLINES $161.77 One way,,Transport
Rent Payment,Electrician,Housing
Geico,Subscription,Bills & Utilities
Instituto Cervantes,コース,Education
FEDEx SHIPPING $34.47 Legal fee,,Other
TARGET T-7496 PURCHASE Retail,,Shopping
Facebook Marketplace,Packing,Housing
Applebee's,杂货,Food & Drink
SHELL OIL TORONTO #4295,,Transport
AUTOPAY VERIZON WIRELESS $196.25 Direct debit,,Bills & Utilities
Adidas,घर,Shopping
The Cheesecake Factory,Pizza,Food & Drink
NETFLIX.COM $164.74,,Entertainment
Various,Childcare,Other
Duolingo,Language learning,Education
Locksmith,Handyman,Housing
LYFT RIDES $21.38,,Transport
Dollar Tree,쇼핑,Shopping
Pad Thai Kitchen,Dessert,Food & Drink
QUEST DIAGNOSTICS $62.86,,Healthcare
Gift Card,Replacement,Other
COMCAST CABLE $108.05,,Bills & Utilities
AMAZON.COM PURCHASE $379.00 Printer,,Shopping
T-MOBILE AUTOPAY $33.44,,Bills & Utilities
Deductible payment,Wellness visit,Healthcare
DIVIDEND AIRB $8902.42,,Income
Paycheck,einkommen,Income
Charity,Babysitting,Other
Direct Deposit,Contract work,Income
Wheelchair,LASIK,Healthcare
RENT PAYMENT $2064.65,,Housing
Camera equipment,映画,Entertainment
Bonus,,Income
AMAZON.COM PURCHASE $383.89,,Shopping
Aquarium,cine,Entertainment
STOCK SALE SOCI $9653.21 Gift card redemption,,Income
Arby's,غداء,Food & Drink
First American,Property tax,Housing
General Assembly,,Education
ONLINE ORDER Adidas,,Shopping
Parking,Registration,Transport
Coinbase,Stock dividend,Income
XBOX LIVE $125.79,,Entertainment
Merry Maids,住房,Housing
Micro Center,maison,Shopping
Therapy Session,Pet medication,Healthcare
PetCare,Blood work,Healthcare
SAT Prep,Certification,Education
Orthopedist,X-ray,Healthcare
Robinhood,оплата,Income
SKILLSHARE $1949.90,,Education
ACH CREDIT Rewards Refund,,Income
CubeSmart,홈,Housing
XBOX LIVE $163.71,,Entertainment
HOA DUES $1401.42 Handyman,,Housing
Habitat for Humanity,Filing fee,Other
MAINTENANCE Nest $1343.60,,Housing
Dividend Payment,Consulting,Income
PLURALSIGHT $1243.74,,Education
Tiffany & Co,,Shopping
HBO Max,,Entertainment
DIRECT DEBIT Recycling $311.96 Internet,,Bills & Utilities
Lyft,avión,Transport
TGI Friday's,завтрак,Food & Drink
RENT PAYMENT $1297.94 Utility deposit,,Housing
Red Cross,Replacement,Other
Greyhound,Ride share,Transport
Cabela's,Bracelet,Shopping
OB/GYN,dentiste,Healthcare
Crutches,farmacia,Healthcare
IRS,Freelance payment,Income
Commission,Monthly salary,Income
DIVIDEND SQUA $921.26,,Income
Quest Diagnostics,Blood work,Healthcare
ONLINE ORDER Sephora Cable,,Shopping
Taco Bell,Catering order,Food & Drink
BOOK STORE $1621.65 Scholarship,,Education
Conference,,Education
WAL-MART SUPERCENTER #8310 Subscription box,,Shopping
Oil Change,транспорт,Transport
Prize Money,Shop earnings,Income
SCHOOL PAYMENT $1311.99,,Education
Federal Refund,Overtime,Income
MAINTENANCE Airbnb $2275.78 Security deposit,,Housing
ATM Fee,sonstiges,Other
T-Mobile,Wireless bill,Bills & Utilities
Psychiatrist,медицина,Healthcare
Petco,App purchase,Shopping
LIVE NATION $107.25 Bowling night,,Entertainment
Window Repair,बंधक,Housing
Jamba Juice SUBSCRIPTION RENEWAL,,Food & Drink
PLAYSTATION STORE $84.82 Music,,Entertainment
STOCK SALE FREE $7576.83 Dividend payment,,Income
The Halal Guys,Seafood,Food & Drink
Marco's Pizza,Burger,Food & Drink
Uber,旅行,Transport
DOORDASH *Papa Murphy's PURCHASE Lunch,,Food & Drink
JOANN,electrónica,Shopping
Pest Control,Smart home,Housing
Cedars-Sinai,COVID vaccine,Healthcare
T-MOBILE AUTOPAY $217.75,,Bills & Utilities
Reliant Energy,Phone bill,Bills & Utilities
Rosetta Stone,Spa treatment,Entertainment
Binance,Airbnb income,Income
SoundCloud,Festival,Entertainment
Bank of America,renda,Income
Auto Repair,Flight ticket,Transport
Urgent Care,Annual checkup,Healthcare
UNIVERSITY TUITION $1479.62,,Education
ONLINE ORDER JioMart Clothes,,Shopping
SPOTIFY USA $111.47,,Entertainment
Crutches,медицина,Healthcare
Uber,ईंधन,Transport
T-MOBILE AUTOPAY $203.47,,Bills & Utilities
PHARMACY PURCHASE $1030.01 Flu shot,,Healthcare
DEBIT PURCHASE Adidas,,Shopping
Auto Insurance,تأمين,Bills & Utilities
DHL,,Other
GEICO PAYMENT $171.39,,Bills & Utilities
PARKING BERLIN $664.29,,Transport
UPS SHIPPING $149.95,,Other
AUTOPAY VERIZON WIRELESS $302.86 monthly charge,,Bills & Utilities
KFC,almoço,Food & Drink
HOA Dues,,Bills & Utilities
CHEGG STUDY $631.00,,Education
RENT PAYMENT $2715.11 Appliance,,Housing
Megabus,Detailing,Transport
STATE FARM INS $22.91,,Bills & Utilities
Smoothie King,杂货,Food & Drink
HOA DUES $1911.52,,Housing
Trulia,Electrician,Housing
ONLINE ORDER Big Lots,,Shopping
Notary,sonstiges,Other
Red Lobster,,Food & Drink
Olive Garden,Dinner,Food & Drink
Fine,Prepaid load,Other
POS PURCHASE Jack in the Box TORONTO,,Food & Drink
MEDICAL CENTER $1015.81 Eye exam,,Healthcare
Spin,топливо,Transport
Upwork,返金,Income
CARD 6873 PURCHASE Sonic,,Food & Drink
Accountant,عام,Other
MISC PURCHASE $174.27,,Other
Furniture Store,Maintenance,Housing
AWS Training,Spanish class,Education
Spotify,cinema,Entertainment
ONLINE ORDER Michael Kors,,Shopping
Freelance Payment,استرداد,Income
Nothing Bundt Cakes,,Food & Drink
GOVERNMENT PAYMENT $166.50,,Other
Netflix,,Entertainment
RECURRING PAYMENT Tax Payment,,Bills & Utilities
OneDrive,Monthly fee,Bills & Utilities
Big Lots,elektronik,Shopping
Department Store,,Shopping
Lawn Care,Smart home,Housing
DEBIT CARD PURCHASE Jack in the Box Sandwich,,Food & Drink
LIVE NATION $82.06,,Entertainment
Travelers,सदस्यता,Bills & Utilities
Berlitz,,Education
Ambulance,Emergency,Healthcare
Disney+,facturas,Bills & Utilities
ONLINE ORDER Bloomingdale's,,Shopping
Spotify,Maintenance fee,Bills & Utilities
County Tax,Broadband,Bills & Utilities
Social Security,,Income
Convenience Fee,Damage payment,Other
ATM Fee,diversos,Other
MinuteClinic,Pet surgery,Healthcare
SpotHero,avión,Transport
LYFT RIDES $406.97,,Transport
DIRECT DEBIT Sprint $80.95 Monitoring fee,,Bills & Utilities
TICKETMASTER $157.94 Family plan,,Entertainment
CVS PHARMACY #5732 $319.39,,Healthcare
AUTOPAY VERIZON WIRELESS $299.44 Convenience fee,,Bills & Utilities
METRO TRANSIT $326.04 Gas fill-up,,Transport
Starbucks,Tea,Food & Drink
T-MOBILE AUTOPAY $211.77,,Bills & Utilities
SHELL OIL SAO PAULO #1138,,Transport
Souplantation,Weekend brunch,Food & Drink
MORTGAGE PAYMENT $2164.55 Cleaning,,Housing
ACH CREDIT Stock Sale Interest payment,,Income
EVgo,Parking fee,Transport
Skillshare,Cooking class,Education
DIRECT DEBIT Con Edison $181.94 Insurance,,Bills & Utilities
Parking,,Transport
PG&E ELECTRIC $111.68 Convenience fee,,Bills & Utilities
School,Voice lesson,Education
Flipkart,électronique,Shopping
CHEGG STUDY $101.40 Martial arts,,Education
MISC PURCHASE $64.60,,Other
SCHOOL PAYMENT $1550.94,,Education
MAINTENANCE Realtor.com $793.16,,Housing
PHARMACY PURCHASE $1049.66,,Healthcare
SPOTIFY USA $9.32,,Entertainment
RECURRING PAYMENT LA Fitness Interest charge,,Bills & Utilities
Rentokil,casa,Housing
Remittance,общее,Other
IRS TREAS 310 TAX REF Bond interest,,Income
T-MOBILE AUTOPAY $229.14 autopay,,Bills & Utilities
Alaska Airlines,Inspection,Transport
App Academy,Piano lesson,Education
PURCHASE AUTHORIZED Wagamama $61.32 Delivery,,Food & Drink
Taco Bell,Holiday dinner,Food & Drink
SCHOOL PAYMENT $1575.38 Voice lesson,,Education
Texas Roadhouse,merceria,Food & Drink
Emergency room,,Healthcare
ONLINE ORDER Prada Hardware,,Shopping
UBER *TRIP $597.45,,Transport
License Renewal,SAT prep,Education
Treehouse,Language learning,Education
MISC PURCHASE $63.71,,Other
SpotHero,In-flight meal,Transport
HOME DEPOT.COM $2194.92 Security deposit,,Housing
Game pass,Music,Entertainment
DENTAL ASSOCIATES $677.44 Contacts,,Healthcare
ONLINE ORDER Tiffany & Co,,Shopping
Emirates,,Transport
PAYPAL TRANSFER $5678.28,,Income
DIRECT DEPOSIT PAYROLL $595.35 Tax refund,,Income
Royalty Payment,退款,Income
Alaska Airlines,Business class,Transport
Inheritance,Bonus,Income
Cleveland Clinic,стоматология,Healthcare
Cash App,einkommen,Income
Golden Corral,Drive-through,Food & Drink
Ashley Furniture,Sports equipment,Shopping
Health Insurance,,Bills & Utilities
Biryani Palace,Catering order,Food & Drink
Ambulance,Orthodontist,Healthcare
Comedy Club,Bowling night,Entertainment
Verizon Store,Phone case,Shopping
H&M,Clothing,Shopping
PHARMACY PURCHASE $182.08 Hospital stay,,Healthcare
QUEST DIAGNOSTICS $374.58 Braces,,Healthcare
ER visit,salud,Healthcare
UBER EATS *Del Taco PURCHASE Food,,Food & Drink
PetSmart,Birthday gift,Shopping
Tidal,,Entertainment
KAISER PERMANENTE $976.07 Retainer,,Healthcare
Ashley Furniture,App purchase,Shopping
Painting,Repair supplies,Housing
BANK FEE $63.97 Delivery,,Other
Little Caesars,杂货,Food & Drink
MAINTENANCE Zillow $2914.49,,Housing
Refund,reembolso,Income
AMAZON.COM PURCHASE $448.69 Digital purchase,,Shopping
UBER EATS *Yo! Sushi PURCHASE Pizza,,Food & Drink
STOCK SALE GIFT $8063.74 Part-time work,,Income
Apple Music,Maintenance fee,Bills & Utilities
Denny's,Beer,Food & Drink
HOSPITAL BILL $339.51,,Healthcare
STATE FARM INS $338.62 Monitoring fee,,Bills & Utilities
BANK FEE $38.57,,Other
Apple Music,versorgung,Bills & Utilities
USPS POSTAGE $103.12 Locker,,Other
MORTGAGE PAYMENT $1754.13,,Housing
Wetherspoons,Alcohol,Food & Drink
Chipotle Mexican Grill,레스토랑,Food & Drink
MasterClass,Student fee,Education
Penalty,Storage rental,Other
Toll,Unit rental,Other
Bet,Misc purchase,Other
Wetherspoons STORE #6867 PURCHASE,,Food & Drink
Federal Refund,Investment return,Income
Property Management Co.,,Housing
Circus,Family plan,Entertainment
DIVIDEND LOTT $1431.20,,Income
HOA DUES $1562.89,,Housing
Trulia,Decor,Housing
ATM WITHDRAWAL FEE Accounting,,Other
Travelers,فواتير,Bills & Utilities
SCHOOL PAYMENT $597.42,,Education
Town Hall,,Other
Painting,réparation,Housing
Dutch Bros,Buffet,Food & Drink
Pandora,Expansion,Entertainment
QUEST DIAGNOSTICS $272.89,,Healthcare
Yoga Studio,اشتراك,Bills & Utilities
Yard Sale,Tax refund,Income
Xbox Store,音楽,Entertainment
QUEST DIAGNOSTICS $1354.54 Prescription,,Healthcare
Building Maintenance,आवास,Housing
Baskin-Robbins SUBSCRIPTION RENEWAL Family meal,,Food & Drink
Transit Pass,Charging,Transport
Trade School,Study material,Education
University,Books,Education
Freelance Client,Dividend payment,Income
E-ZPass,Registration,Transport
Rewards,Refund,Income
Retail Purchase,Hiking,Shopping
Cabela's,買い物,Shopping
Game pass,Wellness subscription,Entertainment
DENTAL ASSOCIATES $353.23 Prescription,,Healthcare
Tax Return,Rebate check,Income
DIRECT DEPOSIT PAYROLL $4278.97,,Income
PetSmart,电子产品,Shopping
VENMO CASHOUT $830.99,,Income
Dog Walking,विभिन्न,Other
QUEST DIAGNOSTICS $840.03,,Healthcare
Trust Distribution,Sublease,Income
CHEGG STUDY $587.79,,Education
Surgery,Braces,Healthcare
Zillow,Windows,Housing
Adobe Creative Cloud,Internet,Bills & Utilities
HVAC,Hotel,Housing
SPOTIFY USA $54.30,,Entertainment
Social Security,付款,Income
RENT PAYMENT $2686.44 Garden,,Housing
PARKING PARIS $305.71,,Transport
Psychiatrist,santé,Healthcare
QUEST DIAGNOSTICS $963.39 Dental work,,Healthcare
Gas Station,,Transport
Notebooks,Tech course,Education
Skillsoft,escuela,Education
College,Language class,Education
DELTA AIR LINES $267.19,,Transport
Lyft,Ride share,Transport
SimpliSafe,Installation fee,Bills & Utilities
STEAM PURCHASE $36.71,,Entertainment
Lowe's,Home warranty,Housing
Ecobee,抵押贷款,Housing
STEAM PURCHASE $138.50 Movie ticket,,Entertainment
VENMO CASHOUT $5890.31,,Income
PLAYSTATION STORE $162.49 Streaming subscription,,Entertainment
Retail Purchase,magasin,Shopping
IKEA,Beauty products,Shopping
McDonald's,아침,Food & Drink
Court Payment,Maintenance fee,Bills & Utilities
Applebee's,Brunch,Food & Drink
PLURALSIGHT $1944.19 Lifetime access,,Education
MEDICAL CENTER $221.22,,Healthcare
Clinic,,Healthcare
edX,Degree program,Education
LYFT RIDES $459.19 Uber,,Transport
Nest,आवास,Housing
Overdraft Fee,Pressing,Other
Bonus Payment,Settlement check,Income
Recycling,サブスクリプション,Bills & Utilities
Refund,salaire,Income
Treehouse,universität,Education
AUTOPAY VERIZON WIRELESS $322.07,,Bills & Utilities
Insurance Premium,,Bills & Utilities
Continuing Education,,Education
Public Storage,Paint,Housing
Newegg,,Shopping
State Tax Refund,Consulting,Income
ONLINE PURCHASE Papa Murphy's.COM,,Food & Drink
GEICO PAYMENT $98.35,,Bills & Utilities
PAYPAL TRANSFER $1993.14 Paycheck,,Income
Inheritance,State refund,Income
Liberty Mutual,Finance charge,Bills & Utilities
PHARMACY PURCHASE $672.21 Psychiatry,,Healthcare
Charles Schwab,Side hustle,Income
Continuing Education,Coding bootcamp,Education
MRI,Medical,Healthcare
USPS POSTAGE $12.47,,Other
USPS POSTAGE $37.37 Uncategorized,,Other
HOME DEPOT.COM $1267.69 Home improvement,,Housing
T-MOBILE AUTOPAY $257.74 Internet,,Bills & Utilities
Florist,verschiedenes,Other
Maid Brigade,抵押贷款,Housing
LOWES #8470 $784.20,,Housing
Nothing Bundt Cakes,Fresh produce,Food & Drink
Dollar Tree,Books,Shopping
T-MOBILE AUTOPAY $279.66 Electric bill,,Bills & Utilities
Baggage Fee,Economy class,Transport
PLURALSIGHT $384.56 Martial arts,,Education
KAISER PERMANENTE $113.82 Root canal,,Healthcare
Doctor,больница,Healthcare
UNITED AIRLINES $228.26 Gas,,Transport
Sylvan Learning,Student fee,Education
COMCAST CABLE $189.99,,Bills & Utilities
DOORDASH *Buffalo Wild Wings PURCHASE Catering order,,Food & Drink
PAYPAL TRANSFER $4901.96 Holiday pay,,Income
RENT PAYMENT $1944.19,,Housing
AMAZON.COM PURCHASE $159.96 Birthday gift,,Shopping
Geico,Insurance,Bills & Utilities
STOCK SALE COIN $5786.73,,Income
DMV,,Other
POS PURCHASE Shake Shack SINGAPORE,,Food & Drink
Town Hall,Consultation,Other
AUTOPAY VERIZON WIRELESS $21.42,,Bills & Utilities
Bank of America,دفعة,Income
LA Fitness,उपयोगिताएँ,Bills & Utilities
POS PURCHASE Safeway TORONTO,,Food & Drink
Cava,Counter service,Food & Drink
RECURRING PAYMENT Comcast,,Bills & Utilities
STOCK SALE ROBI $2898.63,,Income
Etsy,,Shopping
UNITED AIRLINES $681.67,,Transport
Tea House,Water,Food & Drink
Yo! Sushi,,Food & Drink
Mount Sinai,Dental cleaning,Healthcare
RECURRING PAYMENT TXU Energy,,Bills & Utilities
BOOK STORE $701.60,,Education
GOVERNMENT PAYMENT $87.66 Shipping,,Other
TGI Friday's,Pizza,Food & Drink
Princeton Review,Spanish class,Education
Game pass,musique,Entertainment
DIVIDEND AIRB $4531.42,,Income
Freenow,EV charging,Transport
Peloton,,Bills & Utilities
BEST BUY #3952 TOKYO Sports equipment,,Shopping
SKILLSHARE $889.00 Practice exam,,Education
Popeyes,食料品,Food & Drink
Hardwood,ローン,Housing
Direct Energy,autopay,Bills & Utilities
DELTA AIR LINES $337.95 Charging,,Transport
Self Storage,,Other
Penalty,Legal fee,Other
Notebooks,Grant,Education
Arcade,Museum visit,Entertainment
Pool Service,reparo,Housing
SCHOOL PAYMENT $548.27 Martial arts,,Education
Urgent Care,Glasses,Healthcare
Airbnb,Licensing,Income
METRO TRANSIT $74.78,,Transport
Netflix,구독,Bills & Utilities
HOME DEPOT.COM $1878.49,,Housing
MISC PURCHASE $129.83,,Other
HOA DUES $1489.50 Security,,Housing
UNITED AIRLINES $579.95 Long distance ride,,Transport
Bass Pro Shops,Phone case,Shopping
GOVERNMENT PAYMENT $122.69 Scanning,,Other
VENMO CASHOUT $6557.10 Capital gains,,Income
Google Store,,Shopping
Goethe Institut,Study material,Education
CompTIA,Practice exam,Education
UBER *TRIP $427.61 Oil change,,Transport
ATM WITHDRAWAL FEE Gift card purchase,,Other
Hobby Lobby,दुकान,Shopping
License Fee,Royalties,Income
Wire Transfer Fee,Kennel,Other
OB/GYN,X-ray,Healthcare
DEBIT PURCHASE T-Mobile Store Cable,,Shopping
Church,Damage payment,Other
PHARMACY PURCHASE $507.23,,Healthcare
LIVE NATION $122.18,,Entertainment
Vitamins,Dental cleaning,Healthcare
Thrifty,Oil change,Transport
Concert,Festival,Entertainment
JioMart,ملابس,Shopping
Jump Start,Street parking,Transport
Shake Shack,食料品,Food & Drink
Hardee's,Family meal,Food & Drink
Amazon Locker,,Other
PetSmart,,Shopping
CHEGG STUDY $128.04,,Education
CHEGG STUDY $507.17,,Education
Game Ticket,,Entertainment
SSDI,Capital gains,Income
LinkedIn Learning,大学,Education
Retail Purchase,Retail,Shopping
DIVIDEND BONU $3096.58 Consulting,,Income
ChargePoint,Gas,Transport
DIRECT DEPOSIT PAYROLL $6339.62,,Income
Upwork,Gig economy,Income
UNITED AIRLINES $368.61 Diesel,,Transport
Aldi,रेस्तरां,Food & Drink
Angi,आवास,Housing
STATE FARM INS $263.39,,Bills & Utilities
Post Office,Consultation,Other
AUTOPAY VERIZON WIRELESS $349.13,,Bills & Utilities
DEBIT CARD PURCHASE Bun Bo Hue Afternoon tea,,Food & Drink
ATM WITHDRAWAL FEE Printing,,Other
Grocery Store,Cappuccino,Food & Drink
CARD 6105 PURCHASE Jack in the Box Takeout,,Food & Drink
CARD 1752 PURCHASE Walmart,,Food & Drink
WAL-MART SUPERCENTER #7562,,Shopping
PARKING CHICAGO $524.70,,Transport
Overtime Pay,Bonus,Income
Wheelchair,طبي,Healthcare
CVS PHARMACY #5643 $61.23,,Healthcare
Genki Sushi,Snack,Food & Drink
Plumber,Home improvement,Housing
Cooking Classes,Tuition payment,Education
Microsoft Store,zuhause,Shopping
Walgreens,Supplement,Healthcare
JetBlue,Round trip,Transport
AMC THEATRES SEOUL $118.87,,Entertainment
STOCK SALE TRUS $4002.12,,Income
QUEST DIAGNOSTICS $399.88,,Healthcare
School Supplies,Lab fee,Education
DIRECT DEPOSIT PAYROLL $5920.32 Overtime,,Income
Wetherspoons,Pasta,Food & Drink
LIVE NATION $21.03 Film,,Entertainment
SCHOOL PAYMENT $1813.84,,Education
Tropical Smoothie,Taco,Food & Drink
Hulu,,Bills & Utilities
UNITED AIRLINES $319.47 EV charging,,Transport
USPS POSTAGE $84.38,,Other
Crunchyroll,Digital purchase,Entertainment
Taxi,EV charging,Transport
Crypto Exchange,Overtime,Income
Pet Store,잡다,Other
Intellectual Property,Tax refund,Income
Dairy Queen,Burger,Food & Drink
Betting,unterhaltung,Entertainment
CompTIA,bildung,Education
Naan Stop,Dinner,Food & Drink
KAISER PERMANENTE $1018.20,,Healthcare
PG&E ELECTRIC $76.04 Broadband,,Bills & Utilities
Game pass,सिनेमा,Entertainment
AUTOPAY VERIZON WIRELESS $167.48,,Bills & Utilities
Myntra,Quarterly box,Shopping
Trash Pickup,Convenience fee,Bills & Utilities
EXXON MOBIL #5177,,Transport
WooCommerce,Gig economy,Income
LIVE NATION $192.62 Live show,,Entertainment
WESTERN UNION $47.82,,Other
Ophthalmologist,,Healthcare
VENMO CASHOUT $3142.03,,Income
Pet Store,verschiedenes,Other
PHARMACY PURCHASE $1230.10,,Healthcare
SPOTIFY USA $178.66 Add-on content,,Entertainment
Amazon,Online shopping,Shopping
SPOTIFY USA $109.98 Movie,,Entertainment
Locksmith,Airbnb stay,Housing
Snapchat,Fitness class,Entertainment
FEDEx SHIPPING $19.75 Wire,,Other
Johns Hopkins,치과,Healthcare
Heartland Dental,Crown,Healthcare
APPLE STORE PURCHASE $452.60 Gift,,Shopping
DELTA AIR LINES $532.37,,Transport
Charity,Scanning,Other
STATE TREASURY REFUND Gig economy,,Income
Metro,,Transport
JioMart,Jacket,Shopping
QUEST DIAGNOSTICS $252.37 Orthodontist,,Healthcare
Donation,misceláneos,Other
Bonus,환급,Income
Property Management Co.,Rent,Housing
Deli,,Food & Drink
Adobe Creative Cloud,Auto-pay,Bills & Utilities
Instagram,Video games,Entertainment
CityMD,,Healthcare
Thrifty,Daily commute,Transport
Michaels,Art supplies,Shopping
ONLINE PURCHASE Coffee Shop.COM,,Food & Drink
AUTOPAY VERIZON WIRELESS $58.47,,Bills & Utilities
T-MOBILE AUTOPAY $195.40,,Bills & Utilities
STEAM PURCHASE $113.31,,Entertainment
Souplantation SUBSCRIPTION RENEWAL Weekend brunch,,Food & Drink
DENTAL ASSOCIATES $446.00,,Healthcare
Cava,Delivery,Food & Drink
Dior,Sandals,Shopping
Zillow,,Housing
UBER *TRIP $632.19,,Transport
AMAZON.COM PURCHASE $48.52,,Shopping
STOCK SALE LICE $8101.11 Direct deposit,,Income
Flower Shop,,Other
Condo Fee,Remodel,Housing
Aldi,,Food & Drink
SKILLSHARE $1573.63,,Education
Best Buy,,Shopping
Hulu,Streaming subscription,Entertainment
Rebate,수입,Income
Refund,आय,Income
ACH CREDIT Upwork,,Income
Five Below,Quarterly box,Shopping
Festival pass,Karaoke night,Entertainment
Bolt,Parking daily,Transport
British Airways,टैक्सी,Transport
Garage Door,Move-in fee,Housing
COMCAST CABLE $283.77 Broadband,,Bills & Utilities
Trader Joe's,Groceries,Food & Drink
UBER EATS *Walmart PURCHASE,,Food & Drink
Ring,Processing fee,Bills & Utilities
Investment,Rental income,Income
CT scan,Hospital stay,Healthcare
USPS POSTAGE $84.11 Kennel,,Other
FEDEx SHIPPING $181.31 Misc purchase,,Other
FEDEx SHIPPING $1.98 Tax prep,,Other
CHEGG STUDY $755.22 Scholarship,,Education
STATE FARM INS $237.16,,Bills & Utilities
Lowe's,Gift,Shopping
UBER EATS *Peet's Coffee PURCHASE Pasta,,Food & Drink
Escape Room,,Entertainment
XBOX LIVE $45.81 Family plan,,Entertainment
Religious Organization,Transfer,Other
DEBIT PURCHASE IKEA,,Shopping
METRO TRANSIT $263.27 Supercharger,,Transport
GOVERNMENT PAYMENT $81.30,,Other
Valet Parking,Auto payment,Transport
Inheritance,reembolso,Income
ONLINE ORDER E-commerce Purchase Dress,,Shopping
MISC PURCHASE $199.85,,Other
IRS TREAS 310 TAX REF Refund,,Income
Orkin,家,Housing
UDEMY COURSE $1061.14,,Education
Federal Refund,Tax refund,Income
STOCK SALE TOPT $4931.54 Royalties,,Income
Cold Stone,,Food & Drink
Allstate,,Bills & Utilities
MasterClass,Learning,Education
Concert,Series,Entertainment
Shopify,Refund,Income
USPS POSTAGE $49.51 Other,,Other
CHEGG STUDY $1988.29 Books,,Education
UNITED AIRLINES $33.59,,Transport
MIT OpenCourseWare,éducation,Education
ATM Fee,Daily purchase,Other
VENMO CASHOUT $7598.57,,Income
NIKE.COM ORDER PURCHASE Toddler,,Shopping
RENT PAYMENT $1728.51,,Housing
LIVE NATION $148.15,,Entertainment
UPS SHIPPING $46.49,,Other
Peacock,Museum visit,Entertainment
Toll,Infraction,Other
UNITED AIRLINES $388.80,,Transport
ONLINE PURCHASE Walmart.COM Iced Coffee,,Food & Drink
FEDEx SHIPPING $40.28 Transfer,,Other
Bass Pro Shops,Toddler,Shopping
Red Lobster,점심,Food & Drink
Funimation,Live music,Entertainment
USPS POSTAGE $31.92 Notary,,Other
MEDICAL CENTER $1338.15,,Healthcare
RECURRING PAYMENT YouTube Premium,,Bills & Utilities
PG&E ELECTRIC $313.92 Recurring charge,,Bills & Utilities
PLURALSIGHT $339.07,,Education
UPS SHIPPING $114.67 Various,,Other
Pluralsight,escuela,Education
ONLINE PURCHASE La Taqueria.COM Breakfast,,Food & Drink
STEAM PURCHASE $129.13,,Entertainment
Rite Aid,Counseling,Healthcare
LeetCode,школа,Education
Gym Membership,,Bills & Utilities
Dry Cleaners,일반,Other
ADT,Late fee,Bills & Utilities
Radio Cab,транспорт,Transport
Lease,hypothèque,Housing
Gusto Payroll,,Income
Museum,musik,Entertainment
STATE FARM INS $175.18 Recurring charge,,Bills & Utilities
PARKING PARIS $63.49 Inspection,,Transport
HOSPITAL BILL $1222.91,,Healthcare
PLAYSTATION STORE $93.70,,Entertainment
DEBIT PURCHASE ASOS Home decor,,Shopping
Micro Center,Digital purchase,Shopping
Investment,지급,Income
Google Store,DLC,Shopping
Apartments.com,Repair supplies,Housing
UNIVERSITY TUITION $998.07,,Education
Steam,संगीत,Entertainment
Transit Authority,ईंधन,Transport
Animal Hospital,Medicine,Healthcare
Dividend Payment,Online sale,Income
Deezer,ألعاب,Entertainment
SPOTIFY USA $78.12,,Entertainment
VENMO CASHOUT $1072.57,,Income
AMAZON.COM PURCHASE $414.61 Gadgets,,Shopping
Laundromat,divers,Other
Duke Energy,Electric bill,Bills & Utilities
LYFT RIDES $95.38 Annual pass,,Transport
HOME DEPOT.COM $1521.64 Storage,,Housing
APPLE STORE PURCHASE $25.55,,Shopping
First American,Appliance,Housing
Apple Music,Digital purchase,Entertainment
Circus,entretenimento,Entertainment
Guitar Lessons,शिक्षा,Education
Improv,엔터테인먼트,Entertainment
VENMO CASHOUT $9942.41 Annual tax refund,,Income
UPS SHIPPING $6.70,,Other
Binance,Insurance payout,Income
CHEGG STUDY $110.39,,Education
Pension,Direct deposit,Income
Building Maintenance,Utility deposit,Housing
Data plan,Interest charge,Bills & Utilities
PARKING TOKYO $304.14 Airline ticket,,Transport
RECURRING PAYMENT Spectrum Late fee,,Bills & Utilities
Furniture Store,Mattress,Housing
SHELL OIL SINGAPORE #9892,,Transport
Gambling,Delivery,Other
Fine,Tax prep,Other
TARGET T-6638 PURCHASE,,Shopping
Republic Services,Utility bill,Bills & Utilities
Tire Shop,,Transport
Blood test,salud,Healthcare
AMAZON.COM PURCHASE $356.45 Apparel,,Shopping
CARD 2431 PURCHASE Insomnia Cookies,,Food & Drink
Lottery,игры,Entertainment
Planet Fitness,,Bills & Utilities
Cash App,Dividend payment,Income
Rental Income,Rental income,Income
Zelle,Cash back reward,Income
DIRECT DEBIT Amazon Prime $76.08 Family plan,,Bills & Utilities
XBOX LIVE $144.69 Annual plan,,Entertainment
Disney+,उपयोगिताएँ,Bills & Utilities
Spirit,táxi,Transport
Bakery,식료품,Food & Drink
Planned Parenthood,स्वास्थ्य,Healthcare
Safeway,,Food & Drink
PLURALSIGHT $577.48 Certificate program,,Education
APPLE STORE PURCHASE $484.50 Gadgets,,Shopping
Nintendo eShop,Fair,Entertainment
HOME DEPOT.COM $2888.22,,Housing
Coach,Footwear,Shopping
Parking Meter,Airline ticket,Transport
CARD 4834 PURCHASE Buffalo Wild Wings Catering order,,Food & Drink
Caffe Nero,रात का खाना,Food & Drink
Noodle Shop,,Food & Drink
WAL-MART SUPERCENTER #3184,,Shopping
PG&E ELECTRIC $45.79,,Bills & Utilities
Bath & Body Works,Art supplies,Shopping
DENTAL ASSOCIATES $36.28,,Healthcare
Macy's,Game purchase,Shopping
Urgent Care,Urgent care,Healthcare
Lease Payment,EV charging,Transport
Stock Sale,Part-time work,Income
Deli,Juice,Food & Drink
STOCK SALE TIP $9858.25,,Income
SCHOOL PAYMENT $1016.76,,Education
Art School,Student loan,Education
Smart Home,Electrician,Housing
PayPal,revenu,Income
CARD 7621 PURCHASE Olive Garden,,Food & Drink
Airport,Supercharger,Transport
Prescription,صيدلية,Healthcare
Ambulance,Pet surgery,Healthcare
Jack in the Box,almuerzo,Food & Drink
UNIVERSITY TUITION $396.09,,Education
TARGET T-5411 PURCHASE Fragrance,,Shopping
Samsung Store,Purchase,Shopping
Longhorn Steakhouse,dîner,Food & Drink
Court Payment,فواتير,Bills & Utilities
Genki Sushi,almoço,Food & Drink
Starbucks,Counter service,Food & Drink
POS PURCHASE McDonald's NEW YORK,,Food & Drink
DOORDASH *Tropical Smoothie PURCHASE,,Food & Drink
Gambling,Transfer,Other
HOA Dues,Broadband,Bills & Utilities
TICKETMASTER $162.17,,Entertainment
Peet's Coffee,,Food & Drink
UBER *TRIP $600.63,,Transport
UDEMY COURSE $474.62 Online course,,Education
Notebooks,Tuition fee,Education
AUTOPAY VERIZON WIRELESS $145.42 Monitoring fee,,Bills & Utilities
Comixology,кино,Entertainment
Costco,Digital purchase,Shopping
Verizon Store,Purchase,Shopping
UBER EATS *Tim Hortons PURCHASE,,Food & Drink
Bond Maturity,Gig economy,Income
Cracker Barrel,Brunch,Food & Drink
METRO TRANSIT $348.52 Carry-on,,Transport
EXXON MOBIL #4398 Business class,,Transport
Gift Card,Uncategorized,Other
Bank of America,Claim settlement,Income
SPOTIFY USA $163.05 Movie ticket,,Entertainment
WALGREENS #1278 $985.66,,Healthcare
PARKING LONDON $295.73,,Transport
American Airlines,voyage,Transport
Radiology Associates,चिकित्सा,Healthcare
PARKING LOS ANGELES $710.23,,Transport
Salvation Army,Daycare,Other
Megabus,gasolina,Transport
Pharmacy,Prescription,Healthcare
HOSPITAL BILL $1097.67 Lab results,,Healthcare
Consignment,विभिन्न,Other
Walmart,Footwear,Shopping
Samsung,買い物,Shopping
Chegg,विश्वविद्यालय,Education
SHELL OIL DUBAI #2077 Premium gas,,Transport
SPOTIFY USA $132.33 Wellness subscription,,Entertainment
Handyman,Home warranty,Housing
DEBIT PURCHASE Five Below Clothing,,Shopping
Facebook Marketplace,Vacation rental,Housing
Temu,Fragrance,Shopping
USAA,Electric bill,Bills & Utilities
Fine,잡다,Other
GRE Prep,Technology fee,Education
DENTAL ASSOCIATES $748.20 Counseling,,Healthcare
MEDICAL CENTER $1408.67 Diabetic supplies,,Healthcare
APPLE STORE PURCHASE $83.53 Holiday gift,,Shopping
Texas Roadhouse,Ramen,Food & Drink
LOWES #2188 $2163.00,,Housing
RECURRING PAYMENT HOA Dues,,Bills & Utilities
NETFLIX.COM $72.35 Streaming subscription,,Entertainment
Consulting Fee,оплата,Income
CARD 3162 PURCHASE Tim Hortons Sushi,,Food & Drink
Cleaning Service,修理,Housing
HOSPITAL BILL $277.19 Medical,,Healthcare
MEDICAL CENTER $1458.36,,Healthcare
DEBIT CARD PURCHASE Subway,,Food & Drink
Amazon Music,Live show,Entertainment
Del Taco,Family meal,Food & Drink
UNIVERSITY TUITION $393.76 Voice lesson,,Education
Cable Bill,Fiber,Bills & Utilities
LIVE NATION $32.44,,Entertainment
Domino's,,Food & Drink
PURCHASE AUTHORIZED Greggs $38.05 Drive-through,,Food & Drink
Puma,쇼핑,Shopping
LensCrafters,Therapy,Healthcare
BOOK STORE $1372.61,,Education
Craigslist Housing,Furniture,Housing
Berlitz,Voice lesson,Education
DIRECT DEBIT CenturyLink $292.32,,Bills & Utilities
CHEGG STUDY $1216.02 Learning,,Education
Amusement Park,संगीत,Entertainment
Stock Sale,Gift card redemption,Income
Health Center,Imaging,Healthcare
Apple Music,映画,Entertainment
Sprint,Security system,Bills & Utilities
XBOX LIVE $81.26 Film,,Entertainment
American Home Shield,Contractor,Housing
Cash App,Donation received,Income
IRCTC,Tire rotation,Transport
License Fee,Advisory,Income
MORTGAGE PAYMENT $2427.66 HOA fee,,Housing
Peacock,,Entertainment
Poker Night,Streaming subscription,Entertainment
Angi,logement,Housing
STATE TREASURY REFUND Rebate check,,Income
LeetCode,Yoga class,Education
METRO TRANSIT $508.34,,Transport
Rental Car,One way,Transport
COMCAST CABLE $257.35 Service fee,,Bills & Utilities
Childcare,Laundry,Other
Sephora,ropa,Shopping
SoundCloud,стриминг,Entertainment
GOVERNMENT PAYMENT $98.22,,Other
Cracker Barrel SUBSCRIPTION RENEWAL Bowl,,Food & Drink
Wine Shop,Juice,Food & Drink
BP Pulse,燃料,Transport
METRO TRANSIT $717.93,,Transport
Sweetgreen,restaurant,Food & Drink
Kaiser Permanente,Doctor visit,Healthcare
Lease,Security,Housing
Court Payment,счета,Bills & Utilities
UNIVERSITY TUITION $1100.52,,Education
METRO TRANSIT $266.13,,Transport
Qdoba SUBSCRIPTION RENEWAL,,Food & Drink
Michaels,,Shopping
DIRECT DEBIT Phone Bill $328.50,,Bills & Utilities
Spirit,,Transport
Locksmith,Electrician,Housing
AUTOPAY VERIZON WIRELESS $317.32 Software subscription,,Bills & Utilities
HOA Payment,Landscaping,Housing
Venmo,Sublease,Income
Ambulance,Filling,Healthcare
Alliance Française,Certificate program,Education
Burger King,,Food & Drink
UDEMY COURSE $1820.01,,Education
WooCommerce,Commission,Income
SHELL OIL PHOENIX #1853,,Transport
Home Insurance,Family plan,Bills & Utilities
LOWES #4166 $2018.10,,Housing
Orkin,Hotel,Housing
Plumber,,Housing
Fry's Electronics,ショッピング,Shopping
Massage,,Entertainment
UBER *TRIP $536.24,,Transport
GOVERNMENT PAYMENT $54.60 Dry cleaning,,Other
Life Insurance,Finance charge,Bills & Utilities
QUEST DIAGNOSTICS $1062.63,,Healthcare
Craigslist Housing,बंधक,Housing
GEICO PAYMENT $332.67,,Bills & Utilities
POS PURCHASE IHOP DUBAI Late night snack,,Food & Drink
BEST BUY #2447 PARIS,,Shopping
Treehouse,Spanish class,Education
PARKING DUBAI $76.14 Detailing,,Transport
Facebook Marketplace Housing,수리,Housing
Grocery Store,Breakfast,Food & Drink
Lufthansa,Car rental,Transport
Property Tax,ローン,Housing
Laundromat,Unit rental,Other
Grubhub Order,Tea,Food & Drink
RENT PAYMENT $2479.10,,Housing
Azure Certification,Tuition,Education
Thrifty,Parking daily,Transport
Facebook Marketplace Housing,Appliance,Housing
UPS SHIPPING $124.89 Gift card purchase,,Other
UDEMY COURSE $784.88,,Education
Babbel,música,Entertainment
Safeway,Salad,Food & Drink
KAISER PERMANENTE $1125.13,,Healthcare
USPS POSTAGE $108.71 Contribution,,Other
Book Store,,Education
Renters Insurance,Monthly premium,Bills & Utilities
Robinhood,Rental income,Income
COMCAST CABLE $46.47 Maintenance fee,,Bills & Utilities
Tidal,Battle pass,Entertainment
Thrift Store,Consultation,Other
AMC THEATRES CHICAGO $5.09,,Entertainment
HOME DEPOT #4756 $2652.98,,Housing
PG&E ELECTRIC $35.60,,Bills & Utilities
CVS PHARMACY #4617 $1215.83,,Healthcare
LinkedIn Learning,Financial aid,Education
Treehouse,kurs,Education
PAYPAL TRANSFER $4382.57 Bond interest,,Income
Home Warranty,住房,Housing
USPS POSTAGE $46.73 Other expense,,Other
Sweetgreen,Takeout,Food & Drink
Coursera,,Education
UBER *TRIP $576.71,,Transport
STOCK SALE CASH $3263.76,,Income
Massage,Movie,Entertainment
WooCommerce,State refund,Income
Chipotle,Cocktail,Food & Drink
Bank of America,Consulting,Income
MORTGAGE PAYMENT $1247.86 Lease payment,,Housing
EXXON MOBIL #5788,,Transport
State Farm,Subscription,Bills & Utilities
Public Transit,交通,Transport
Xfinity,versicherung,Bills & Utilities
FEDEx SHIPPING $77.72 Shipping,,Other
Genki Sushi,Frappuccino,Food & Drink
FedEx,diversos,Other
UBER EATS *Five Guys PURCHASE,,Food & Drink
DIVIDEND SHOP $2634.10,,Income
UDEMY COURSE $774.49,,Education
KAISER PERMANENTE $292.11,,Healthcare
UBER EATS *Yo! Sushi PURCHASE Iced Coffee,,Food & Drink
LinkedIn Learning,课程,Education
RENT PAYMENT $975.55,,Housing
QUEST DIAGNOSTICS $1337.01,,Healthcare
401k Distribution,,Income
EXXON MOBIL #2712,,Transport
Streaming service,Game purchase,Entertainment
LOWES #8562 $1728.37 Camera system,,Housing
UPS SHIPPING $118.57 Laundry,,Other
UDEMY COURSE $670.92 Enrollment,,Education
SCHOOL PAYMENT $1465.86,,Education
ACH CREDIT Yard Sale,,Income
Photography,,Entertainment
BOOK STORE $1212.51 Registration fee,,Education
Kroger,Seafood,Food & Drink
Disney+,Gallery exhibition,Entertainment
MORTGAGE PAYMENT $2002.47,,Housing
T-Mobile,فواتير,Bills & Utilities
CreativeLive,Test preparation,Education
Dollar Rental,,Transport
METRO TRANSIT $403.12,,Transport
Crunchyroll,Gallery exhibition,Entertainment
Apple Music,Monthly premium,Bills & Utilities
Overtime Pay,,Income
MEDICAL CENTER $1249.12,,Healthcare
Wagamama,Birthday cake,Food & Drink
WAL-MART SUPERCENTER #6709 Home decor,,Shopping
PROPERTY TAX $1297.52 Repair supplies,,Housing
DIRECT DEPOSIT PAYROLL $946.29,,Income
Red Cross,Other expense,Other
GOVERNMENT PAYMENT $145.58,,Other
CHEGG STUDY $202.66,,Education
Hulu,,Entertainment
ONLINE ORDER Ross Stores Purchase,,Shopping
PLURALSIGHT $640.89,,Education
Golden Corral,mittagessen,Food & Drink
Walmart,,Shopping
LYFT RIDES $505.44,,Transport
DEBIT PURCHASE Prada Watch,,Shopping
METRO TRANSIT $243.20,,Transport
Tile,miete,Housing
Paramount+,Wellness subscription,Entertainment
MORTGAGE PAYMENT $1518.69,,Housing
VENMO CASHOUT $3056.05 Freelance payment,,Income
Wish,Accessories,Shopping
STOCK SALE FREE $7658.48,,Income
Steam,Theatre,Entertainment
Veterinarian,Specialist visit,Healthcare
CHEGG STUDY $1877.77 Coding bootcamp,,Education
STATE FARM INS $230.93 Utility bill,,Bills & Utilities
LYFT RIDES $490.42 Gas,,Transport
Late Fee,أخرى,Other
FEDEx SHIPPING $61.73,,Other
QUEST DIAGNOSTICS $299.81 LASIK,,Healthcare
Dior,Toys,Shopping
Cedars-Sinai,Urgent care,Healthcare
SHELL OIL SAO PAULO #4433,,Transport
Costco,杂货,Food & Drink
Lime,самолет,Transport
Airbnb,revenu,Income
SPOTIFY USA $30.94,,Entertainment
Live Nation,jogos,Entertainment
USPS POSTAGE $195.84,,Other
ATM Fee,सामान्य,Other
Google Career Certificates,,Education
Wetherspoons,,Food & Drink
GEICO PAYMENT $86.84,,Bills & Utilities
T-MOBILE AUTOPAY $85.08,,Bills & Utilities
Workshop,Loan payment,Education
Dave & Buster's,Birthday cake,Food & Drink
HOME DEPOT #5384 $966.80 Monthly mortgage,,Housing
WESTERN UNION $195.61 Babysitting,,Other
IRS TREAS 310 TAX REF Monthly salary,,Income
LIVE NATION $167.27 DLC,,Entertainment
Dutch Bros,,Food & Drink
Sushi Zanmai,cena,Food & Drink
Phone plan,Overdue payment,Bills & Utilities
Flight,Checked bag,Transport
Mental Health,Consultation,Healthcare
DEBIT CARD PURCHASE Wagamama Burger,,Food & Drink
Rental Car,Annual pass,Transport
Tiffany & Co,elektronik,Shopping
DELTA AIR LINES $50.28,,Transport
AAA,Parking fee,Transport
Pizza Hut,餐厅,Food & Drink
State Farm,Insurance,Bills & Utilities
FEDEx SHIPPING $138.33 Faxing,,Other
Mercado Libre,Makeup,Shopping
DHL,Penalty,Other
HOME DEPOT.COM $564.47 Home improvement,,Housing
Wine Shop,,Food & Drink
PLURALSIGHT $250.87,,Education
FEDEx SHIPPING $10.70 Top-up,,Other
SeatGeek,Add-on content,Entertainment
FEDEx SHIPPING $188.49,,Other
Refund,付款,Income
Regal Cinemas,Spa treatment,Entertainment
Olive Garden STORE #3737 PURCHASE,,Food & Drink
Realtor.com,zuhause,Housing
Deductible payment,Pet medication,Healthcare
Retail Store,Contribution,Other
Udacity,Voice lesson,Education
Coursera,Yoga class,Education
Michael Kors,Speaker,Shopping
UBER *TRIP $189.11,,Transport
Chipotle,Dinner,Food & Drink
Airline Ticket,Car wash,Transport
DIVIDEND DIRE $6281.54 Royalties,,Income
NETFLIX.COM $144.98,,Entertainment
USPS POSTAGE $198.41,,Other
QUEST DIAGNOSTICS $1451.08,,Healthcare
BANK FEE $43.89 Babysitting,,Other
Rentokil,Paint,Housing
PG&E ELECTRIC $330.53 Broadband,,Bills & Utilities
SCHOOL PAYMENT $1878.86,,Education
Freelancer.com,pago,Income
AUTOPAY VERIZON WIRELESS $161.28 Auto-pay,,Bills & Utilities
Sport Rehab,,Healthcare
DELTA AIR LINES $473.49 Taxi,,Transport
Phone Bill,Mobile plan,Bills & Utilities
Banggood,Skincare,Shopping
Souplantation,Alcohol,Food & Drink
Budget,Bridge toll,Transport
Lab work,薬局,Healthcare
Dick's Sporting Goods,Toddler,Shopping
Rainforest Cafe,ディナー,Food & Drink
Concert ticket,Streaming subscription,Entertainment
KAISER PERMANENTE $1217.35,,Healthcare
Rite Aid,Apparel,Shopping
UNITED AIRLINES $688.60 Flight ticket,,Transport
Thrifty,Car wash,Transport
Home Depot,Repair,Housing
Medical equipment,X-ray,Healthcare
Greyhound,Bus fare,Transport
Ring Doorbell,Monthly mortgage,Housing
Saks Fifth Avenue,casa,Shopping
TARGET T-5231 PURCHASE Monthly box,,Shopping
MetLife,बीमा,Bills & Utilities
Home Insurance,счета,Bills & Utilities
PURCHASE AUTHORIZED Nothing Bundt Cakes $63.76,,Food & Drink
TXU Energy,Interest charge,Bills & Utilities
Commission,Settlement check,Income
DIVIDEND WOOC $7256.56,,Income
GoFundMe,Damage payment,Other
DOORDASH *Sonic PURCHASE,,Food & Drink
Grab,EV charging,Transport
MORTGAGE PAYMENT $1793.21,,Housing
P.F. Chang's,,Food & Drink
Zoo,musique,Entertainment
IKEA,Home decor,Shopping
Sale Proceeds,salario,Income
Travelers,suscripción,Bills & Utilities
POS PURCHASE Thai Basil PHOENIX,,Food & Drink
MAINTENANCE Molly Maid $2885.38 Furniture,,Housing
COURSERA PURCHASE $358.67,,Education
Landscaping,Furniture,Housing
TICKETMASTER $165.64 Streaming subscription,,Entertainment
Specialty Store,T-shirt,Shopping
Caffe Nero,レストラン,Food & Drink
Big Lots,,Shopping
Tiffany & Co,買い物,Shopping
Home Insurance,Wireless service,Bills & Utilities
UNITED AIRLINES $414.00,,Transport
Disney+,DLC,Entertainment
LOWES #5490 $2394.04 Appliance,,Housing
Hawaiian Airlines,,Transport
QUEST DIAGNOSTICS $308.74,,Healthcare
BOOK STORE $1113.25,,Education
MISC PURCHASE $94.38 Childcare,,Other
EXXON MOBIL #8877 Auto payment,,Transport
Zaxby's SUBSCRIPTION RENEWAL Bowl,,Food & Drink
COURSERA PURCHASE $211.61 Cooking class,,Education
Home Security,contas,Bills & Utilities
STOCK SALE UPWO $6347.00 Licensing,,Income
STOCK SALE FREE $852.73 Overtime,,Income
Book Store,bildung,Education
Mosque,기타,Other
Trainline,Checked bag,Transport
CT scan,طبي,Healthcare
FEDEx SHIPPING $62.75 Tax prep,,Other
SAT Prep,Tuition fee,Education
App Academy,Swimming lesson,Education
Garage Sale,Royalties,Income
Greyhound,Business class,Transport
PG&E ELECTRIC $114.61,,Bills & Utilities
Robinhood,,Income
Orkin,Home improvement,Housing
SPOTIFY USA $68.97,,Entertainment
Community Center,Other,Other
Locksmith,租金,Housing
Home Warranty,Mattress,Housing
Remittance,Various,Other
PLURALSIGHT $1177.84,,Education
Public Transit,transporte,Transport
UNITED AIRLINES $97.73,,Transport
Gratuity,salario,Income
XBOX LIVE $16.64 Theme park,,Entertainment
Sports Event,Music streaming,Entertainment
Coursera,Lifetime access,Education
Stock Sale,Online sale,Income
Outback,Morning coffee,Food & Drink
MEDICAL CENTER $616.79 LASIK,,Healthcare
Urgent Care,Flu shot,Healthcare
ADP Payroll,Direct deposit,Income
STOCK SALE INHE $2903.77,,Income
Legal Services,разное,Other
UBER *TRIP $338.19 Supercharger,,Transport
Shell,Uber,Transport
Wheelchair,Vaccination,Healthcare
Rental Income,Bonus,Income
BANK FEE $95.06 Pressing,,Other
At Home,einkaufen,Shopping
Bun Bo Hue,Coffee,Food & Drink
ATM WITHDRAWAL FEE Other,,Other
UNITED AIRLINES $60.26 Parking daily,,Transport
Hardee's,,Food & Drink
Marco's Pizza,almuerzo,Food & Drink
CreativeLive,Coding bootcamp,Education
RECURRING PAYMENT Spectrum Internet,,Bills & Utilities
SKILLSHARE $1380.27 Yoga class,,Education
Frontier,самолет,Transport
Urologist,Dental cleaning,Healthcare
YouTube TV,кино,Entertainment
Restoration Hardware,Toys,Shopping
Snow Removal,住宅,Housing
Barnes & Noble,खरीदारी,Shopping
DENTAL ASSOCIATES $43.63,,Healthcare
Duolingo,Play,Entertainment
Deezer,Premium subscription,Entertainment
IRCTC,транспорт,Transport
METRO TRANSIT $656.10 Flight,,Transport
SPOTIFY USA $20.11 Festival,,Entertainment
Best Buy,Quarterly box,Shopping
Veterinarian,Flu shot,Healthcare
Trust Distribution,返金,Income
Landscaping,Monthly rent,Housing
Interest Payment,Consulting,Income
RECURRING PAYMENT Sprint Monitoring fee,,Bills & Utilities
MEDICAL CENTER $1191.15,,Healthcare
Progressive,suscripción,Bills & Utilities
CVS Pharmacy,здоровье,Healthcare
LIVE NATION $161.41 Battle pass,,Entertainment
PROPERTY TAX $2510.99 Plumber,,Housing
WAL-MART SUPERCENTER #7641,,Shopping
Toptal,Rental property,Income
Mattress Store,,Housing
AMC THEATRES HOUSTON $65.62,,Entertainment
CVS PHARMACY #5189 $666.25 Pet surgery,,Healthcare
Museum,Concert,Entertainment
Crutches,Pet medication,Healthcare
LOWES #5921 $927.24 Rent,,Housing
DEBIT CARD PURCHASE IHOP,,Food & Drink
COMCAST CABLE $82.35,,Bills & Utilities
HOA Dues,فواتير,Bills & Utilities
AMAZON.COM PURCHASE $374.72 Game purchase,,Shopping
Uber,taxi,Transport
Drugstore,Counseling,Healthcare
IRCTC,Train ticket,Transport
Sweet Tomatoes,,Food & Drink
SAT Prep,universität,Education
PG&E ELECTRIC $300.39 monthly charge,,Bills & Utilities
Retail Store,Unknown,Other
Barnes & Noble,Game night,Entertainment
AMC Theatres,Movie ticket,Entertainment
HOME DEPOT.COM $1583.27,,Housing
Airline Ticket,,Transport
USAA,اشتراك,Bills & Utilities
Nightclub,,Entertainment
ER visit,LASIK,Healthcare
T-MOBILE AUTOPAY $204.93 Cable,,Bills & Utilities
COURSERA PURCHASE $106.18,,Education
Health Insurance,Interest charge,Bills & Utilities
Amtrak,تاكسي,Transport
Child Support,Monthly fee,Bills & Utilities
Medical bill,pharmacie,Healthcare
Bank of America,Stock dividend,Income
Remittance,Handling,Other
GCP Training,Textbook,Education
Mount Sinai,аптека,Healthcare
HOME DEPOT #9464 $977.35,,Housing
LabCorp,药房,Healthcare
Refund,IRS refund,Income
HOSPITAL BILL $1045.92,,Healthcare
Cleveland Clinic,Medical,Healthcare
Bolt,Cab fare,Transport
Cox Communications,Service fee,Bills & Utilities
CHEGG STUDY $412.40,,Education
TICKETMASTER $164.32 Premium subscription,,Entertainment
Texas Roadhouse,café,Food & Drink
EA Play,Video games,Entertainment
PURCHASE AUTHORIZED Pad Thai Kitchen $12.40 Date night,,Food & Drink
Walgreens,Pharmacy,Healthcare
IRS TREAS 310 TAX REF Consulting,,Income
Craft supplies,Gallery exhibition,Entertainment
FEDEx SHIPPING $66.94 Filing fee,,Other
Rebate,دخل,Income
POS PURCHASE Lidl SYDNEY Frappuccino,,Food & Drink
FEDEx SHIPPING $24.93,,Other
Crunchyroll,Art show,Entertainment
Tax Return,Gift card redemption,Income
NETFLIX.COM $129.46 E-book,,Entertainment
General Assembly,Language learning,Education
Continuing Education,Diploma,Education
Home Warranty,Camera system,Housing
CVS PHARMACY #4439 $898.89 Follow-up,,Healthcare
QUEST DIAGNOSTICS $1163.07 Pet medication,,Healthcare
Tim Hortons,,Food & Drink
GOVERNMENT PAYMENT $62.83,,Other
Big Lots,홈,Shopping
Test Prep,대학교,Education
T-MOBILE AUTOPAY $219.13 Deductible,,Bills & Utilities
Certification Program,Study material,Education
PROPERTY TAX $1608.04,,Housing
MORTGAGE PAYMENT $2684.06,,Housing
MEDICAL CENTER $1212.13,,Healthcare
UBER EATS *Zaxby's PURCHASE Tea,,Food & Drink
Church,Stamp,Other
Booking.com,Packing,Housing
PG&E ELECTRIC $85.04 Internet,,Bills & Utilities
Books-A-Million,Mouse,Shopping
SKILLSHARE $116.98,,Education
RECURRING PAYMENT OneDrive,,Bills & Utilities
HOME DEPOT.COM $1023.19 Furniture,,Housing
IKEA,商店,Shopping
Trainline,самолет,Transport
Freenow,,Transport
PHARMACY PURCHASE $1259.77,,Healthcare
Rewards,Crowdfunding,Income
Hack Reactor,Art class,Education
DMV,Misc purchase,Other
Wingstop,Espresso,Food & Drink
Clinic,Pet vet visit,Healthcare
HOA DUES $645.31 Pest control,,Housing
Electrician,홈,Housing
PetSmart,Furniture,Shopping
FEDEx SHIPPING $73.03,,Other
PlayStation Store,Video games,Entertainment
STEAM PURCHASE $42.20 Rental,,Entertainment
TICKETMASTER $180.40,,Entertainment
PLAYSTATION STORE $138.77 Training session,,Entertainment
Security System,Vacation rental,Housing
DIVIDEND UPWO $672.21 Shop earnings,,Income
DOORDASH *Denny's PURCHASE Burrito,,Food & Drink
DELTA AIR LINES $149.17 Car wash,,Transport
Apartment,Maintenance,Housing
MAINTENANCE Locksmith $2444.86 Decor,,Housing
Camera equipment,Game purchase,Entertainment
UDEMY COURSE $1867.79,,Education
Home Depot,Repair supplies,Housing
Harvard Extension,جامعة,Education
PayPal,erstattung,Income
State Farm,Wireless service,Bills & Utilities
EXXON MOBIL #4972,,Transport
Electric Bill,구독,Bills & Utilities
DENTAL ASSOCIATES $1346.36,,Healthcare
Plant Store,Misc purchase,Other
COURSERA PURCHASE $493.66 Martial arts,,Education
Pawn Shop,Fine payment,Other
PLURALSIGHT $1040.55 Yoga class,,Education
Gratuity,دفعة,Income
WALGREENS #8907 $1351.65,,Healthcare
UBER *TRIP $308.00 Street parking,,Transport
Waste Management,Software subscription,Bills & Utilities
Pawn Shop,Misc purchase,Other
APPLE STORE PURCHASE $307.17 Subscription box,,Shopping
Postmates Order,café,Food & Drink
Museum,Rental,Entertainment
Convenience Fee,прочее,Other
FEDEx SHIPPING $12.59,,Other
Snapchat,映画,Entertainment
UNIVERSITY TUITION $21.73,,Education
PARKING MUMBAI $681.13 Cab fare,,Transport
LIVE NATION $104.71 Open mic,,Entertainment
Crate & Barrel,,Shopping
HVAC,Landscaping,Housing
Etsy,Interest payment,Income
NETFLIX.COM $194.60 Meditation app,,Entertainment
Pottery Barn,дом,Shopping
Professional Development,Guitar lesson,Education
Duolingo,Festival,Entertainment
DEBIT PURCHASE BJ's Wholesale Gift,,Shopping
Wheelchair,Blood work,Healthcare
Spirit,ईंधन,Transport
AMAZON.COM PURCHASE $106.67,,Shopping
Direct Energy,Annual premium,Bills & Utilities
QUEST DIAGNOSTICS $676.97,,Healthcare
Indian Railways,Detailing,Transport
Etsy,工资,Income
WooCommerce,Bonus,Income
SHELL OIL BERLIN #3506 Taxi,,Transport
Flipkart,Outdoor gear,Shopping
ONLINE PURCHASE Popeyes.COM,,Food & Drink
Realtor.com,家,Housing
BEST BUY #1727 PHOENIX Tools,,Shopping
Flight,旅行,Transport
MasterClass,शिक्षा,Education
Charles Schwab,Points redemption,Income
Side Gig,salario,Income
ATM WITHDRAWAL FEE Wire,,Other
Temu,전자제품,Shopping
PHARMACY PURCHASE $902.71,,Healthcare
VENMO CASHOUT $1518.27 Rental income,,Income
BOOK STORE $1535.76,,Education
FlixBus,First class,Transport
KAISER PERMANENTE $1433.90,,Healthcare
TARGET T-8162 PURCHASE,,Shopping
HOME DEPOT.COM $1340.10,,Housing
Tesco,Birthday cake,Food & Drink
Dividend Payment,GoFundMe,Income
Enterprise Rent-A-Car,ईंधन,Transport
CARD 4425 PURCHASE Del Taco Quick bite,,Food & Drink
Dior,Electronics,Shopping
UNITED AIRLINES $623.00,,Transport
Ride Share,essence,Transport
MORTGAGE PAYMENT $2881.05 Shipping,,Housing
GOVERNMENT PAYMENT $147.94 Monthly subscription,,Other
EXXON MOBIL #7557,,Transport
BlaBlaCar,Highway toll,Transport
VOD,ترفيه,Entertainment
DEBIT PURCHASE Dick's Sporting Goods,,Shopping
METRO TRANSIT $563.13 Auto payment,,Transport
Comcast,Water bill,Bills & Utilities
Tax Return,Contract work,Income
Card Game,بث,Entertainment
MORTGAGE PAYMENT $2927.82,,Housing
Piano Lessons,Course,Education
HOME DEPOT #2341 $1576.50,,Housing
DMV,sonstiges,Other
Optometrist,,Healthcare
Nothing Bundt Cakes,Breakfast,Food & Drink
HOSPITAL BILL $88.70,,Healthcare
DEBIT CARD PURCHASE Texas Roadhouse,,Food & Drink
FedEx,Bank fee,Other
Trade School,,Education
Sushi Zanmai,Juice,Food & Drink
Paycheck,Rental property,Income
HOME DEPOT.COM $1925.91,,Housing
Social Security,Shop earnings,Income
WooCommerce,GoFundMe,Income
GoFundMe,Consultation,Other
Rebate,revenu,Income
TICKETMASTER $45.61,,Entertainment
Tailor,,Other
Gym,Open mic,Entertainment
HOME DEPOT.COM $786.35,,Housing
WALGREENS #9561 $1329.35,,Healthcare
LabCorp,Prescription,Healthcare
Charter,servicios,Bills & Utilities
Disability,Rental income,Income
VOD,Museum visit,Entertainment
PAYPAL TRANSFER $1507.28 Sublease,,Income
AUTOPAY VERIZON WIRELESS $142.14,,Bills & Utilities
Sylvan Learning,대학교,Education
Bank of America,Holiday pay,Income
FiOS,,Bills & Utilities
Spin,Alignment,Transport
Department Store,Art supplies,Shopping
PURCHASE AUTHORIZED Outback $50.33,,Food & Drink
Google Workspace,Water bill,Bills & Utilities
UDEMY COURSE $196.71 Workshop,,Education
E*Trade,Freelance payment,Income
BOOK STORE $1168.45,,Education
Airline Ticket,Airport shuttle,Transport
Childcare,أخرى,Other
Dance Classes,школа,Education
Hulu,Fiber,Bills & Utilities
X-ray,Root canal,Healthcare
Pet Hospital,médico,Healthcare
Uber Eats Order,早餐,Food & Drink
LinkedIn Learning,Student loan,Education
HOME DEPOT #8741 $1936.41 Appliance,,Housing
Broadway,ストリーミング,Entertainment
iCloud,تأمين,Bills & Utilities
Mount Sinai,dentiste,Healthcare
MORTGAGE PAYMENT $812.09,,Housing
ONLINE ORDER Central Computer,,Shopping
AT&T,seguro,Bills & Utilities
Dishoom,Beer,Food & Drink
DELTA AIR LINES $47.72,,Transport
MIT OpenCourseWare,مدرسة,Education
COURSERA PURCHASE $442.66 Annual plan,,Education
Fidelity,आय,Income
PARKING NEW YORK $524.80 Bridge toll,,Transport
Theatre,Play,Entertainment
RECURRING PAYMENT PG&E Phone bill,,Bills & Utilities
AMC THEATRES PHOENIX $164.47,,Entertainment
Budget Truck,HOA fee,Housing
HOME DEPOT #7344 $1760.62,,Housing
Dance Classes,विश्वविद्यालय,Education
RENT PAYMENT $946.89,,Housing
TARGET T-5516 PURCHASE,,Shopping
Community College,Learning,Education
AMC THEATRES MUMBAI $85.36 Gym membership,,Entertainment
EXXON MOBIL #1488 Flight ticket,,Transport
SPOTIFY USA $102.85,,Entertainment
GOVERNMENT PAYMENT $111.58,,Other
TARGET T-7723 PURCHASE,,Shopping
Gucci,Retail,Shopping
Security System,,Housing
BOOK STORE $739.53,,Education
Wire Transfer Fee,Filing fee,Other
MISC PURCHASE $115.35 Dry cleaning,,Other
Under Armour,Toys,Shopping
PARKING SEOUL $31.19,,Transport
Counseling Center,Crown,Healthcare
DIVIDEND GUST $144.07,,Income
Fine,Misc purchase,Other
Princeton Review,educación,Education
Pool Service,Monthly mortgage,Housing
MORTGAGE PAYMENT $1258.04 Contractor,,Housing
DIRECT DEPOSIT PAYROLL $3241.38,,Income
Board Game Cafe,DLC,Entertainment
UDEMY COURSE $419.47,,Education
UNITED AIRLINES $387.76,,Transport
HOME DEPOT #6307 $1651.80 Security,,Housing
Tea House,Wine,Food & Drink
MORTGAGE PAYMENT $1777.32,,Housing
FEDEx SHIPPING $90.30,,Other
WALGREENS #2849 $1499.64,,Healthcare
Chick-fil-A SUBSCRIPTION RENEWAL,,Food & Drink
SHELL OIL CHICAGO #1815,,Transport
DOORDASH *Outback PURCHASE Water,,Food & Drink
MEDICAL CENTER $573.27 Pet medication,,Healthcare
VRBO,Pest control,Housing
Phone Bill,اشتراك,Bills & Utilities
UNITED AIRLINES $277.44 Economy class,,Transport
Hard Rock Cafe,,Food & Drink
HOME DEPOT.COM $2590.80 Security,,Housing
SHELL OIL LONDON #8676 Premium gas,,Transport
Myntra,Bracelet,Shopping
Five Below,Coat,Shopping
Disability,دفعة,Income
Penalty,सामान्य,Other
LIVE NATION $44.77,,Entertainment
Life Insurance,Direct debit,Bills & Utilities
Michaels,Tools,Shopping
WESTERN UNION $140.31,,Other
WAL-MART SUPERCENTER #6148,,Shopping
COMCAST CABLE $169.27 Late fee,,Bills & Utilities
UBER *TRIP $403.16,,Transport
SHELL OIL SINGAPORE #8014,,Transport
BP,,Transport
Ophthalmologist,स्वास्थ्य,Healthcare
LOWES #6406 $1028.22 Electrician,,Housing
iCloud,Software subscription,Bills & Utilities
DEBIT CARD PURCHASE Carl's Jr.,,Food & Drink
DIRECT DEPOSIT PAYROLL $3253.87 Direct deposit,,Income
SSDI,Rental income,Income
State Farm,Monthly fee,Bills & Utilities
Airbnb,住房,Housing
COMCAST CABLE $281.92,,Bills & Utilities
Cisco Learning,コース,Education
NETFLIX.COM $189.41 Digital purchase,,Entertainment
XBOX LIVE $67.67 Play,,Entertainment
eBay,Baby items,Shopping
STATE TREASURY REFUND Side hustle,,Income
APPLE STORE PURCHASE $447.19 Jeans,,Shopping
Yard Sale,Award,Income
Spa Day,Museum visit,Entertainment
Tutor,Practice exam,Education
AMC THEATRES CHICAGO $43.23,,Entertainment
TARGET T-1982 PURCHASE,,Shopping
Quest Diagnostics,Retainer,Healthcare
Panera Bread,,Food & Drink
UBER *TRIP $728.69 Airport transfer,,Transport
STATE FARM INS $218.96,,Bills & Utilities
UNITED AIRLINES $287.77,,Transport
Peacock,Battle pass,Entertainment
UPS SHIPPING $84.42,,Other
Urgent Care,ヘルスケア,Healthcare
Transit Authority,Economy class,Transport
Rite Aid,Ring,Shopping
Google Career Certificates,Certificate program,Education
DOORDASH *Lidl PURCHASE Bowl,,Food & Drink
McDonald's,Lunch,Food & Drink
FEDEx SHIPPING $2.68 Various,,Other
Town Hall,Childcare,Other
Miscellaneous,Infraction,Other
PetSmart,School supplies,Shopping
IRS TREAS 310 TAX REF Rental income,,Income
HOSPITAL BILL $840.60,,Healthcare
STOCK SALE ROYA $4392.72,,Income
COURSERA PURCHASE $188.66 Swimming lesson,,Education
STATE FARM INS $136.81 Service charge,,Bills & Utilities
Refund,Stock dividend,Income
Pet Store,Locker,Other
Dermatologist,Therapy,Healthcare
H-E-B,Frappuccino,Food & Drink
MinuteClinic,医療,Healthcare
Wendy's,Lunch,Food & Drink
Paramount+,Theme park,Entertainment
DEBIT CARD PURCHASE Golden Corral Business lunch,,Food & Drink
UBER *TRIP $243.17 Tire rotation,,Transport
Southwest Airlines,Highway toll,Transport
MISC PURCHASE $68.96,,Other
COMCAST CABLE $317.62 Cloud storage,,Bills & Utilities
Uber,,Transport
Cisco Learning,Workshop,Education
HOME DEPOT #4148 $1562.07 Moving,,Housing
WALGREENS #6159 $230.53,,Healthcare
PG&E ELECTRIC $25.97,,Bills & Utilities
Parking Meter,,Transport
Audible,ストリーミング,Entertainment
Lottery Winnings,,Income
AMC THEATRES SINGAPORE $183.52,,Entertainment
Nest,,Housing
UBER EATS *Carl's Jr. PURCHASE,,Food & Drink
MRI,Emergency,Healthcare
GEICO PAYMENT $223.70 monthly charge,,Bills & Utilities
ONLINE ORDER Google Store,,Shopping
ONLINE PURCHASE Red Lobster.COM,,Food & Drink
RECURRING PAYMENT Duke Energy,,Bills & Utilities
Half Price Books,Tools,Shopping
Con Edison,Installation fee,Bills & Utilities
TARGET T-6148 PURCHASE,,Shopping
AUTOPAY VERIZON WIRELESS $312.51 Maintenance fee,,Bills & Utilities
Vivid Seats,بث,Entertainment
Mosquito Control,홈,Housing
TICKETMASTER $124.95,,Entertainment
T-MOBILE AUTOPAY $58.36,,Bills & Utilities
Accountant,Misc purchase,Other
Pay-per-view,Concert,Entertainment
DOORDASH *Outback PURCHASE Tea,,Food & Drink
HOA DUES $1746.77,,Housing
PLURALSIGHT $160.36,,Education
T-MOBILE AUTOPAY $44.66,,Bills & Utilities
Microsoft 365,abonnement,Bills & Utilities
Lottery Winnings,devolución,Income
ADT,abonnement,Bills & Utilities
Gas Bill,Fiber,Bills & Utilities
West Elm,Office supplies,Shopping
Property Tax,보험,Bills & Utilities
Temple,разное,Other
Gas Bill,Auto-pay,Bills & Utilities
Rewards,Prize,Income
Physical Therapy,अस्पताल,Healthcare
PLURALSIGHT $1751.07 Loan payment,,Education
MEDICAL CENTER $1426.70,,Healthcare
Yard Sale,工资,Income
Child Support,Administrative fee,Bills & Utilities
USPS POSTAGE $5.16,,Other
SKILLSHARE $25.52,,Education
Apartments.com,Maid service,Housing
DELTA AIR LINES $586.21,,Transport
BOOK STORE $1056.63 Yoga class,,Education
ONLINE PURCHASE Noodle Shop.COM,,Food & Drink
Laundromat,Accounting,Other
Budget,Lyft,Transport
Casino,Gallery exhibition,Entertainment
SimpliSafe,monthly charge,Bills & Utilities
Marketplace Order,Sports equipment,Shopping
Wendy's,Takeout,Food & Drink
National Car Rental,Fuel,Transport
Paintball,spiele,Entertainment
Test Prep,교육,Education
Kaiser Permanente,médico,Healthcare
HOME DEPOT #4350 $1712.49 Shipping,,Housing
Alliance Française,Student loan,Education
Self Storage,ATM,Other
Ophthalmologist,Follow-up,Healthcare
MISC PURCHASE $22.35 Notary,,Other
BANK FEE $151.64,,Other
Burger King,Quick bite,Food & Drink
Udacity,,Education
Casino,Stamp,Other
Wetherspoons,Pizza,Food & Drink
Molly Maid,Flooring,Housing
Electrician,hypothèque,Housing
Tax Return,Annual tax refund,Income
Walgreens,Doctor visit,Healthcare
Lottery Ticket,vários,Other
Instacart Grocery,Fresh produce,Food & Drink
Dave & Buster's,Afternoon tea,Food & Drink
TNT,Grooming,Other
Cabela's,DLC,Shopping
Walgreens,Retainer,Healthcare
RENT PAYMENT $2628.91 Property tax,,Housing
SoundCloud,ألعاب,Entertainment
Condo Fees,nebenkosten,Bills & Utilities
Side Gig,返金,Income
Airport,Bus fare,Transport
PLAYSTATION STORE $184.34 E-book,,Entertainment
Thrift Store,divers,Other
Aspen Dental,Medical supplies,Healthcare
UBER *TRIP $19.77 Cab fare,,Transport
MORTGAGE PAYMENT $740.49,,Housing
LYFT RIDES $330.11 Parking daily,,Transport
T-MOBILE AUTOPAY $201.74 Standing order,,Bills & Utilities
CVS Pharmacy,Vitamins,Healthcare
Duke Energy,Insurance,Bills & Utilities
SunPass,Car rental,Transport
Tailor,Certification,Other
MIT OpenCourseWare,Swimming lesson,Education
ChargePoint,Flight ticket,Transport
GEICO PAYMENT $232.10,,Bills & Utilities
OneDrive,Insurance,Bills & Utilities
GOVERNMENT PAYMENT $158.39 Dry cleaning,,Other
NIKE.COM ORDER PURCHASE Wedding gift,,Shopping
CHEGG STUDY $1051.03,,Education
APPLE STORE PURCHASE $311.47 Sunglasses,,Shopping
Nike,Clothing,Shopping
FedEx,Other expense,Other
Settlement,Advisory,Income
Garage Sale,reembolso,Income
Postmates Order,Grocery run,Food & Drink
UDEMY COURSE $1447.68 Monthly subscription,,Education
SHELL OIL MUMBAI #9757,,Transport
Mechanic,Supercharger,Transport
Taxi,Cab fare,Transport
KAISER PERMANENTE $79.15,,Healthcare
PAYPAL TRANSFER $3592.33 Settlement check,,Income
Butcher Shop,tienda de conveniencia,Food & Drink
TARGET T-8172 PURCHASE,,Shopping
Renters Insurance,Family plan,Bills & Utilities
BEST BUY #4547 LONDON,,Shopping
Bass Pro Shops,Online shopping,Shopping
Kate Spade,Home decor,Shopping
Netflix,jeux,Entertainment
STOCK SALE BONU $9207.52,,Income
GRE Prep,Online course,Education
DENTAL ASSOCIATES $1208.85,,Healthcare
Phone plan,,Bills & Utilities
Freelancer.com,Coaching,Income
WAL-MART SUPERCENTER #5250 Maternity,,Shopping
Tax Preparer,общее,Other
Yellow Cab,Airport shuttle,Transport
Vitamins,Pet vet visit,Healthcare
Casino,divertissement,Entertainment
Prescription,Braces,Healthcare
AT&T Store,In-app purchase,Shopping
LensCrafters,Dental cleaning,Healthcare
Naan Stop,Food,Food & Drink
SPOTIFY USA $134.93 Fair,,Entertainment
MORTGAGE PAYMENT $1826.67,,Housing
Cooking Classes,Application fee,Education
Netflix,Wellness subscription,Entertainment
Alaska Airlines,Fuel,Transport
Plant Store,متنوع,Other
Juice Bar,Beer,Food & Drink
Cooking Classes,学校,Education
U-Haul,سكن,Housing
JOANN,,Shopping
Coursera,Online course,Education
SpotHero,,Transport
Casino,unterhaltung,Entertainment
Nest,Home improvement,Housing
DHL,Replacement,Other
MORTGAGE PAYMENT $2707.33 Vacation rental,,Housing
PROPERTY TAX $776.77,,Housing
Charles Schwab,Bonus,Income
MAINTENANCE Ace Hardware $2909.17 Plumber,,Housing
DENTAL ASSOCIATES $28.10,,Healthcare
Orkin,Roofing,Housing
Sewer District,Security system,Bills & Utilities
Apple Music,cinéma,Entertainment
Biryani Palace,रात का खाना,Food & Drink
MISC PURCHASE $140.27,,Other
ONLINE PURCHASE Souplantation.COM Food,,Food & Drink
Juice Bar,кофе,Food & Drink
UNITED AIRLINES $417.90 Round trip,,Transport
DIRECT DEBIT OneDrive $38.81,,Bills & Utilities
Overtime Pay,Bond interest,Income
IRCTC,Parking fee,Transport
GOVERNMENT PAYMENT $162.39 Accounting,,Other
Zelle,Stock dividend,Income
Dermatologist,Vitamins,Healthcare
Emergency room,santé,Healthcare
MEDICAL CENTER $765.09 Blood work,,Healthcare
PLAYSTATION STORE $54.72,,Entertainment
Hardwood,Packing,Housing
WALGREENS #8332 $677.15,,Healthcare
Zalando,Earrings,Shopping
West End,音乐,Entertainment
Brilliant,université,Education
MORTGAGE PAYMENT $1611.67,,Housing
POS PURCHASE Texas Roadhouse LONDON,,Food & Drink
UDEMY COURSE $1968.83,,Education
Federal Refund,pago,Income
Piano Lessons,université,Education
WALGREENS #1379 $855.40,,Healthcare
Laundromat,Scanning,Other
TICKETMASTER $30.47,,Entertainment
iHeartRadio,Music streaming,Entertainment
Opera,ترفيه,Entertainment
SPOTIFY USA $181.05 Add-on content,,Entertainment
Lowe's,Apparel,Shopping
Wendy's,Deli order,Food & Drink
DIVIDEND PRIZ $2579.77,,Income
Brilliant,Piano lesson,Education
SPOTIFY USA $99.61,,Entertainment
Spirit,Carry-on,Transport
Penalty,Postage,Other
MoneyGram,andere,Other
AMC THEATRES SEOUL $145.49,,Entertainment
Roadside Assistance,топливо,Transport
Hobby,Concert,Entertainment
RENT PAYMENT $2361.45 Furniture,,Housing
HOA DUES $2330.78,,Housing
TARGET T-1023 PURCHASE Office supplies,,Shopping
STEAM PURCHASE $187.48 DLC,,Entertainment
Metro,Detailing,Transport
Landscaping,ホーム,Housing
DIRECT DEBIT Yoga Studio $79.66 Cloud storage,,Bills & Utilities
FEDEx SHIPPING $51.18 Replacement,,Other
FedEx,,Other
TICKETMASTER $157.58,,Entertainment
HOA DUES $2297.45 Vacation rental,,Housing
Apple Store,Garden supplies,Shopping
HomeGoods,In-app purchase,Shopping
UBER EATS *Longhorn Steakhouse PURCHASE Tea,,Food & Drink
Conference,Degree program,Education
Cardiologist,ヘルスケア,Healthcare
Kindle,电影,Entertainment
Pest Control,Storage,Housing
Vision Center,Urgent care,Healthcare
Skillshare,Online learning,Education
TICKETMASTER $16.11 Documentary,,Entertainment
Smoothie King,किराने का सामान,Food & Drink
PARKING BERLIN $253.58,,Transport
Renters Insurance,Electric bill,Bills & Utilities
Painting,Security deposit,Housing
Hertz,وقود,Transport
BlaBlaCar,,Transport
Ecobee,Monthly mortgage,Housing
Zipcar,交通,Transport
JetBlue,,Transport
RENT PAYMENT $2886.76 Property tax,,Housing
Cash App,gehalt,Income
FEDEx SHIPPING $36.73,,Other
Temple,各种,Other
NETFLIX.COM $102.61,,Entertainment
Concert,Fair,Entertainment
COURSERA PURCHASE $28.76 Loan payment,,Education
CVS PHARMACY #1431 $646.18,,Healthcare
HomeGoods,maison,Shopping
Netflix,Interest charge,Bills & Utilities
PARKING HOUSTON $65.90,,Transport
STEAM PURCHASE $198.46 Music,,Entertainment
WooCommerce,reembolso,Income
Twitch,Annual plan,Entertainment
STOCK SALE CHAR $4448.44,,Income
CVS PHARMACY #3287 $422.84 Doctor visit,,Healthcare
AMAZON.COM PURCHASE $103.20,,Shopping
Avis,出租车,Transport
Broadway,Documentary,Entertainment
Oil Change,Highway toll,Transport
Various,,Other
AMC THEATRES TOKYO $126.37,,Entertainment
NETFLIX.COM $53.70,,Entertainment
AMC THEATRES MUMBAI $184.06 Rental,,Entertainment
Alimony,مرافق,Bills & Utilities
Micro Center,покупки,Shopping
Plumber,Deep clean,Housing
Content subscription,Podcast,Entertainment
Hobby Lobby,쇼핑,Shopping
Mental Health,Pet surgery,Healthcare
Cathay Pacific,voyage,Transport
UNITED AIRLINES $482.45 Checked bag,,Transport
Thumbtack,Maintenance,Housing
TICKETMASTER $18.92,,Entertainment
Copy Shop,Prepaid load,Other
Ramen Ichiran,Drive-through,Food & Drink
Frontier Communications,monthly charge,Bills & Utilities
SPOTIFY USA $187.01,,Entertainment
ONLINE PURCHASE Shake Shack.COM Lunch,,Food & Drink
Salvation Army,general,Other
GOVERNMENT PAYMENT $195.18,,Other
Music album,entretenimiento,Entertainment
KAISER PERMANENTE $1433.53 Specialist visit,,Healthcare
VENMO CASHOUT $5836.28 IRS refund,,Income
UNITED AIRLINES $323.90,,Transport
COMCAST CABLE $184.21,,Bills & Utilities
Dollar Rental,Inspection,Transport
Freenow,taxi,Transport
Regal Cinemas,Movies,Entertainment
VENMO CASHOUT $9664.02,,Income
RENT PAYMENT $2987.83 Hotel,,Housing
Printing,各种,Other
Penske,moradia,Housing
Vitamins,Specialist visit,Healthcare
JioMart,Digital purchase,Shopping
Window Repair,hogar,Housing
Tesco,Family meal,Food & Drink
PetCare,Physical exam,Healthcare
Phone plan,बिल,Bills & Utilities
COMCAST CABLE $293.04,,Bills & Utilities
Employer Inc.,Monthly salary,Income
Saks Fifth Avenue,Headphones,Shopping
DIRECT DEBIT Property Tax $270.82 Water bill,,Bills & Utilities
HBO Max,autopay,Bills & Utilities
KAISER PERMANENTE $432.07,,Healthcare
BOOK STORE $1908.55,,Education
DIVIDEND BOND $5035.16,,Income
Burger King,Coffee,Food & Drink
Smoothie King,طعام,Food & Drink
UBER *TRIP $445.21,,Transport
Carl's Jr. SUBSCRIPTION RENEWAL,,Food & Drink
Skillsoft,universität,Education
USPS POSTAGE $75.58,,Other
Junk Removal,Moving,Housing
LIVE NATION $82.67 Wellness subscription,,Entertainment
Molly Maid,Home warranty,Housing
Goethe Institut,Books,Education
FedEx,Fine payment,Other
Religious Organization,Postage,Other
Barron's,Online course,Education
Clinic,Surgery,Healthcare
Garage Sale,возврат,Income
P.O. Box,общее,Other
Gaming subscription,Movie ticket,Entertainment
NETFLIX.COM $180.22,,Entertainment
PHARMACY PURCHASE $447.56 Psychiatry,,Healthcare
Thumbtack,Packing,Housing
DIRECT DEBIT Google Workspace $326.26,,Bills & Utilities
Notebooks,курс,Education
Bass Pro Shops,Headphones,Shopping
Shell,여행,Transport
Locksmith,Packing,Housing
PROPERTY TAX $518.57 Monthly rent,,Housing
FEDEx SHIPPING $162.88,,Other
EXXON MOBIL #7710,,Transport
GOVERNMENT PAYMENT $148.90,,Other
Women's Health Center,Doctor visit,Healthcare
BANK FEE $23.51,,Other
QUEST DIAGNOSTICS $717.02,,Healthcare
Medicine,аптека,Healthcare
Biryani Palace,ужин,Food & Drink
Tax Preparer,Miscellaneous,Other
XBOX LIVE $140.84,,Entertainment
Crutches,здоровье,Healthcare
CHEGG STUDY $1136.81,,Education
DIRECT DEBIT Brinks $50.49,,Bills & Utilities
Myntra,買い物,Shopping
Shell,Parking weekly,Transport
KAISER PERMANENTE $990.71,,Healthcare
POS PURCHASE Smoothie King DUBAI,,Food & Drink
MAINTENANCE Thumbtack $2680.99,,Housing
App Academy,Learning,Education
Piano Lessons,escola,Education
General Assembly,Student loan,Education
MEDICAL CENTER $545.97,,Healthcare
Walgreens,Books,Shopping
ONLINE ORDER Amazon,,Shopping
Southwest Airlines,Daily commute,Transport
Nike,zuhause,Shopping
CARD 0906 PURCHASE Little Caesars,,Food & Drink
CVS PHARMACY #3119 $273.86 Counseling,,Healthcare
La Taqueria,Salad,Food & Drink
APPLE STORE PURCHASE $492.92,,Shopping
Furniture Store,修理,Housing
GoFundMe,विभिन्न,Other
Facebook Marketplace Housing,Deep clean,Housing
Commission,Freelance work,Income
Prize Money,,Income
Nordstrom,Sandals,Shopping
Sonic STORE #2358 PURCHASE,,Food & Drink
SCHOOL PAYMENT $1995.47,,Education
UPS SHIPPING $78.36 Notary,,Other
Butcher Shop,Breakfast,Food & Drink
APPLE STORE PURCHASE $38.98,,Shopping
H&M,casa,Shopping
SCHOOL PAYMENT $1171.68 Technology fee,,Education
Shein,,Shopping
Church,Various,Other
HOSPITAL BILL $1367.29,,Healthcare
Booking.com,Utility deposit,Housing
Bowling,,Entertainment
Child Support,Interest charge,Bills & Utilities
WESTERN UNION $185.29 Grooming,,Other
Contractor,Deep clean,Housing
Dividend Payment,Cash back reward,Income
McDonald's,Ice cream,Food & Drink
Gas Station,Cab fare,Transport
DELTA AIR LINES $579.10,,Transport
Ultrasound,Vaccination,Healthcare
The Cheesecake Factory,Family meal,Food & Drink
Side Gig,Paycheck,Income
CVS PHARMACY #5167 $977.03 Imaging,,Healthcare
KAISER PERMANENTE $993.88,,Healthcare
MEDICAL CENTER $537.77 Dental cleaning,,Healthcare
CARD 5579 PURCHASE Del Taco Family meal,,Food & Drink
WAL-MART SUPERCENTER #8875,,Shopping
STEAM PURCHASE $173.85,,Entertainment
SKILLSHARE $1144.76 Lifetime access,,Education
UNITED AIRLINES $339.29 Uber,,Transport
AMAZON.COM PURCHASE $257.28,,Shopping
FEDEx SHIPPING $13.97,,Other
SHELL OIL TORONTO #2905 Ride share,,Transport
Rite Aid,Emergency,Healthcare
LYFT RIDES $173.12,,Transport
County Tax,Administrative fee,Bills & Utilities
Cox Communications,Monthly premium,Bills & Utilities
Alamo,transport,Transport
Crypto Exchange,वापसी,Income
HOME DEPOT.COM $1579.00,,Housing
AMC THEATRES SYDNEY $134.99 Theatre,,Entertainment
Alimony,구독,Bills & Utilities
Lawn Care,修理,Housing
HOSPITAL BILL $1056.64,,Healthcare
TARGET T-4333 PURCHASE Books,,Shopping
XBOX LIVE $184.68,,Entertainment
HBO Max,In-game purchase,Entertainment
CHEGG STUDY $1349.44 Martial arts,,Education
GEICO PAYMENT $193.63,,Bills & Utilities
Lime,Highway toll,Transport
DEBIT CARD PURCHASE Sweet Tomatoes Fresh produce,,Food & Drink
Costa Coffee,Ice cream,Food & Drink
IHOP,,Food & Drink
Dividend Payment,Gig economy,Income
ONLINE ORDER Zara Sports equipment,,Shopping
Treehouse,Grant,Education
STATE TREASURY REFUND Shop earnings,,Income
Progressive,Service charge,Bills & Utilities
USPS POSTAGE $4.64,,Other
Late Fee,Dry cleaning,Other
FEDEx SHIPPING $45.64 Daily purchase,,Other
Spotify,Music streaming,Entertainment
MAINTENANCE Pest Control $1063.60,,Housing
UDEMY COURSE $1958.37,,Education
Sewer District,Administrative fee,Bills & Utilities
SCHOOL PAYMENT $976.15,,Education
BP,essence,Transport
Macy's,가게,Shopping
FedEx,разное,Other
Subscription Service,прочее,Other
HOSPITAL BILL $1081.37 Contacts,,Healthcare
Trade School,Online course,Education
MISC PURCHASE $16.64 Delivery,,Other
PROPERTY TAX $2204.45,,Housing
Continuing Education,Monthly subscription,Education
Coach,,Shopping
Retail Purchase,kleidung,Shopping
APPLE STORE PURCHASE $125.99 Belt,,Shopping
Flatiron School,Tuition fee,Education
Temple,सामान्य,Other
Curry House,नाश्ता,Food & Drink
Card Game,музыка,Entertainment
Qdoba,Ice cream,Food & Drink
Greyhound,Airport shuttle,Transport
COURSERA PURCHASE $1242.50,,Education
LSAT Prep,Learning,Education
ONLINE PURCHASE Biryani Palace.COM Cappuccino,,Food & Drink
AMAZON.COM PURCHASE $261.15,,Shopping
Grooming,Replacement,Other
ACH CREDIT Cash App Coaching,,Income
Hobby,게임,Entertainment
Lufthansa,Taxi,Transport
LabCorp,Pet medication,Healthcare
Prescription,Surgery,Healthcare
Laser Tag,मनोरंजन,Entertainment
Publix,Coffee,Food & Drink
Gift Card,Fine payment,Other
Rentokil,किराया,Housing
Sears Optical,dentista,Healthcare
Ambulance,의료,Healthcare
CareNow,,Healthcare
Auto Insurance,Deductible,Bills & Utilities
Insomnia Cookies STORE #8039 PURCHASE Groceries,,Food & Drink
Court Payment,,Bills & Utilities
FiOS,Fiber,Bills & Utilities
Pharmacy,चिकित्सा,Healthcare
TICKETMASTER $41.55,,Entertainment
UNIVERSITY TUITION $1436.59 Swimming lesson,,Education
Instituto Cervantes,Textbook,Education
PG&E,,Bills & Utilities
Budget,Street parking,Transport
PG&E ELECTRIC $337.62,,Bills & Utilities
Yoga Studio,Service charge,Bills & Utilities
LYFT RIDES $357.41 Economy class,,Transport
Udemy,Coding bootcamp,Education
Goethe Institut,课程,Education
Health Insurance,versicherung,Bills & Utilities
LIVE NATION $72.77 Theme park,,Entertainment
ACH CREDIT Refund IRS refund,,Income
KFC,Dinner,Food & Drink
Gift Card,Storage rental,Other
PLAYSTATION STORE $40.60 Monthly subscription,,Entertainment
KAISER PERMANENTE $1136.85,,Healthcare
PAYPAL TRANSFER $3191.31,,Income
PLURALSIGHT $730.58 Textbook,,Education
RENT PAYMENT $2682.49,,Housing
HOA DUES $1613.13,,Housing
Voucher,기타,Other
PROPERTY TAX $732.84 Appliance,,Housing
Medicine,médical,Healthcare
HOME DEPOT #4702 $537.09 Maintenance,,Housing
JetBlue,यात्रा,Transport
BP Pulse,такси,Transport
CARD 2317 PURCHASE Papa Murphy's Seafood,,Food & Drink
Mini Golf,,Entertainment
Smoothie Bar,Chicken,Food & Drink
NIKE.COM ORDER PURCHASE Shoes,,Shopping
Xfinity,Overdue payment,Bills & Utilities
GEICO PAYMENT $111.59,,Bills & Utilities
Penske,HOA fee,Housing
Health insurance copay,Extraction,Healthcare
Red Cross,vários,Other
ADP Payroll,Advisory,Income
WALGREENS #2811 $651.36,,Healthcare
FutureLearn,Coding bootcamp,Education
Harvard Extension,Certification,Education
STATE FARM INS $219.54 Direct debit,,Bills & Utilities
Pizza Hut,Takeout,Food & Drink
GOVERNMENT PAYMENT $74.70,,Other
Orkin,Smart home,Housing
Radiology Associates,Medicine,Healthcare
MORTGAGE PAYMENT $2973.14 Move-in fee,,Housing
EXXON MOBIL #8600 Daily commute,,Transport
SCHOOL PAYMENT $515.26 Swimming lesson,,Education
Food Market,Frappuccino,Food & Drink
Zaxby's,Steak,Food & Drink
Black Cab,Carry-on,Transport
Harvard Extension,universidade,Education
Greyhound,Premium gas,Transport
Lottery Winnings,工资,Income
Papa Murphy's SUBSCRIPTION RENEWAL,,Food & Drink
Five Below,elektronik,Shopping
Johns Hopkins,약국,Healthcare
TARGET T-7207 PURCHASE,,Shopping
HomeGoods,가게,Shopping
Reebok,Jewelry,Shopping
SPOTIFY USA $160.80 Theatre,,Entertainment
Freenow,Parking fee,Transport
Travelers,Water bill,Bills & Utilities
UBER *TRIP $128.73,,Transport
Harvard Extension,Coding bootcamp,Education
Various,Stamp,Other
Under Armour,Slippers,Shopping
Electrician,Handyman,Housing
Government,Prepaid load,Other
YouTube Music,Music streaming,Entertainment
WooCommerce,付款,Income
ONLINE PURCHASE Outback.COM Ramen,,Food & Drink
POS PURCHASE Papa Murphy's TORONTO,,Food & Drink
PLAYSTATION STORE $122.88,,Entertainment
PAYPAL TRANSFER $3438.71,,Income
Quest Diagnostics,Medicine,Healthcare
UBER *TRIP $116.71,,Transport
Ulta Beauty,Makeup,Shopping
Penalty,autres,Other
COURSERA PURCHASE $361.86,,Education
Condo Fees,बिल,Bills & Utilities
Lime,combustível,Transport
T-MOBILE AUTOPAY $250.11,,Bills & Utilities
Gambling,Daycare,Other
AUTOPAY VERIZON WIRELESS $30.83,,Bills & Utilities
Deductible payment,ヘルスケア,Healthcare
Auto Insurance,rechnungen,Bills & Utilities
Souplantation,Salad,Food & Drink
WALGREENS #7493 $267.30 Braces,,Healthcare
PG&E ELECTRIC $316.23,,Bills & Utilities
TICKETMASTER $185.14,,Entertainment
PG&E ELECTRIC $60.60 Cable,,Bills & Utilities
Dior,geschäft,Shopping
Reliant Energy,Installation fee,Bills & Utilities
Verizon Store,Monthly box,Shopping
EXXON MOBIL #4264 Toll,,Transport
Ashley Furniture,compras,Shopping
Butcher Shop,Bowl,Food & Drink
Card Game,Season pass,Entertainment
Xbox Store,DLC,Entertainment
BANK FEE $165.43,,Other
TJ Maxx,Gadgets,Shopping
Panda Express,ресторан,Food & Drink
PROPERTY TAX $1451.36 Home improvement,,Housing
LOWES #6188 $1364.84 Shipping,,Housing
Prize Money,收入,Income
Online Shopping,खरीदारी,Shopping
Apartments.com,家賃,Housing
Comixology,Manicure,Entertainment
In-N-Out Burger,दोपहर का भोजन,Food & Drink
West End,Pay-per-view,Entertainment
MORTGAGE PAYMENT $1081.00,,Housing
HOME DEPOT #2465 $2645.28,,Housing
Deezer,Annual plan,Entertainment
Puma,Shoes,Shopping
METRO TRANSIT $375.85,,Transport
Nightclub,मनोरंजन,Entertainment
GEICO PAYMENT $30.50,,Bills & Utilities
Lease,Lease payment,Housing
WESTERN UNION $107.77,,Other
ONLINE PURCHASE Bun Bo Hue.COM,,Food & Drink
CVS PHARMACY #5137 $1229.78 Orthodontist,,Healthcare
Kumon,Tuition,Education
Instacart Grocery,обед,Food & Drink
Mosque,مختلف,Other
CVS PHARMACY #2692 $331.92 Crown,,Healthcare
Notebooks,Loan payment,Education
Pet Emergency,Root canal,Healthcare
Etsy,Skincare,Shopping
APPLE STORE PURCHASE $70.63 Watch,,Shopping
Airport,Alignment,Transport
BANK FEE $36.72 Handling,,Other
Game pass,,Entertainment
Rentokil,Smart home,Housing
Costco,Sushi,Food & Drink
DEBIT PURCHASE Nykaa,,Shopping
Adidas,Subscription box,Shopping
HOME DEPOT #1036 $919.52 Furniture,,Housing
Yo! Sushi,Espresso,Food & Drink
DELTA AIR LINES $89.85 Bus fare,,Transport
STOCK SALE YARD $2598.24 Bonus,,Income
PHARMACY PURCHASE $1151.68,,Healthcare
UNIVERSITY TUITION $966.66 Piano lesson,,Education
VENMO CASHOUT $3140.62,,Income
Singapore Airlines,Airport lounge,Transport
Medicine,Extraction,Healthcare
Health Center,,Healthcare
Kaplan,교육,Education
Airport,Cab fare,Transport
Alimony,,Bills & Utilities
BANK FEE $157.55,,Other
BEST BUY #1805 NEW YORK Mouse,,Shopping
AMC THEATRES BERLIN $176.41,,Entertainment
TaskRabbit,Camera system,Housing
RENT PAYMENT $1360.20,,Housing
LIVE NATION $68.54 Comedy show,,Entertainment
Sam's Club,ملابس,Shopping
CHEGG STUDY $411.92 Tuition,,Education
Storage Unit,Appliance,Housing
Starbucks Reserve,restaurant,Food & Drink
STEAM PURCHASE $77.60 Fitness class,,Entertainment
Kaplan,Online course,Education
HOA DUES $2194.16 Lease payment,,Housing
COMCAST CABLE $186.37,,Bills & Utilities
PayPal,salario,Income
HBO Max,Streaming,Entertainment
Professional Development,Lab fee,Education
Wayfair,Maternity,Shopping
Hardwood,Flooring,Housing
POS PURCHASE Cava DUBAI,,Food & Drink
UBER *TRIP $598.11,,Transport
Psychiatrist,दंत चिकित्सक,Healthcare
DENTAL ASSOCIATES $1465.00 Pharmacy,,Healthcare
DEBIT CARD PURCHASE Buffalo Wild Wings,,Food & Drink
Pharmacy,صحة,Healthcare
SunPass,Seat upgrade,Transport
GRE Prep,kurs,Education
SPOTIFY USA $97.40,,Entertainment
Budget,Diesel,Transport
Security System,Moving,Housing
MasterClass,Loan payment,Education
UNIVERSITY TUITION $120.18 Study guide,,Education
STATE FARM INS $287.54,,Bills & Utilities
HOME DEPOT #1942 $569.94,,Housing
AUTOPAY VERIZON WIRELESS $263.24,,Bills & Utilities
GameStop,Jeans,Shopping
Apple Music,Series,Entertainment
METRO TRANSIT $537.35 Business class,,Transport
Stanford Online,,Education
Yard Sale,वेतन,Income
TNT,其他,Other
Home Depot,Packing,Housing
VENMO CASHOUT $1059.69,,Income
PROPERTY TAX $2734.10 Renovation,,Housing
COMCAST CABLE $205.35,,Bills & Utilities
FEDEx SHIPPING $93.20 Storage rental,,Other
AMC THEATRES SEOUL $168.57 Museum visit,,Entertainment
Republic Services,Annual premium,Bills & Utilities
Cooking Classes,大学,Education
Pawn Shop,autres,Other
Walmart Pharmacy,COVID vaccine,Healthcare
STEAM PURCHASE $104.37,,Entertainment
Ramen Ichiran,,Food & Drink
Duke Energy,فواتير,Bills & Utilities
Auto Insurance,contas,Bills & Utilities
BEST BUY #3046 SINGAPORE Home decor,,Shopping
West Elm,Mouse,Shopping
Amazon Prime,facturas,Bills & Utilities
CVS PHARMACY #9579 $1037.70 Pet surgery,,Healthcare
Ocean State Job Lot,,Shopping
Starbucks STORE #2444 PURCHASE,,Food & Drink
Orkin,,Housing
TARGET T-6081 PURCHASE,,Shopping
Cold Stone,Salad,Food & Drink
Transit Pass,Economy class,Transport
Fry's Electronics,School supplies,Shopping
SHELL OIL NEW YORK #7985,,Transport
ONLINE ORDER Walgreens DLC,,Shopping
Amazon Music,музыка,Entertainment
Wetherspoons,Cocktail,Food & Drink
Krispy Kreme,Holiday dinner,Food & Drink
Lyft,Street parking,Transport
Paramount+,кино,Entertainment
Pizza Hut SUBSCRIPTION RENEWAL,,Food & Drink
DENTAL ASSOCIATES $895.12,,Healthcare
AUTOPAY VERIZON WIRELESS $344.26 Software subscription,,Bills & Utilities
KAISER PERMANENTE $156.53,,Healthcare
Hulu,Podcast,Entertainment
Federal Refund,수입,Income
E*Trade,remboursement,Income
Freelancer.com,Interest payment,Income
STEAM PURCHASE $12.02,,Entertainment
AMC THEATRES LONDON $92.64,,Entertainment
AT&T Store,買い物,Shopping
CVS PHARMACY #6421 $201.24 Lab results,,Healthcare
Animal Hospital,Prescription,Healthcare
DIRECT DEBIT Adobe Creative Cloud $240.43,,Bills & Utilities
BANK FEE $174.47,,Other
ONLINE PURCHASE Publix.COM,,Food & Drink
Royalty Payment,paiement,Income
HOA DUES $2068.59,,Housing
PAYPAL TRANSFER $8326.58,,Income
Budget Truck,,Housing
VENMO CASHOUT $2158.34 Rebate check,,Income
Walgreens,,Healthcare
PURCHASE AUTHORIZED Baskin-Robbins $30.84 Cake,,Food & Drink
PROPERTY TAX $1356.99,,Housing
Bob Evans,,Food & Drink
DEBIT CARD PURCHASE Pret A Manger Weekend brunch,,Food & Drink
Town Hall,متنوع,Other
Doctor,Medical,Healthcare
DELTA AIR LINES $776.55 Monthly transit,,Transport
PetCare,Medical visit,Healthcare
CPA,outros,Other
HOA DUES $2390.00 Paint,,Housing
HBO Max,बिल,Bills & Utilities
Sauna,,Entertainment
Banggood,ショッピング,Shopping
MAINTENANCE Moving Company $1797.60,,Housing
freeCodeCamp,escuela,Education
Photography,सिनेमा,Entertainment
DEBIT CARD PURCHASE Pad Thai Kitchen Counter service,,Food & Drink
MAINTENANCE Mortgage $1648.89,,Housing
Gambling,Babysitting,Other
APPLE STORE PURCHASE $418.53,,Shopping
EXXON MOBIL #8211 Gas fill-up,,Transport
UBER *TRIP $482.95,,Transport
Car Rental,出租车,Transport
FedEx Office,Bank fee,Other
Oil Change,Toll,Transport
KAISER PERMANENTE $1186.00,,Healthcare
AUTOPAY VERIZON WIRELESS $159.80 Mobile plan,,Bills & Utilities
Tonkotsu Ramen,Wrap,Food & Drink
WooCommerce,استرداد,Income
Wheelchair,аптека,Healthcare
WAL-MART SUPERCENTER #2757 Microtransaction,,Shopping
PLAYSTATION STORE $83.93,,Entertainment
First Aid,COVID vaccine,Healthcare
Yo! Sushi,Taco,Food & Drink
Habitat for Humanity,general,Other
WAL-MART SUPERCENTER #2773,,Shopping
Apple Music,развлечения,Entertainment
Extra Space,ホーム,Housing
Garage Door,Flooring,Housing
Taco Stand,Buffet,Food & Drink
Bank Fee,прочее,Other
RENT PAYMENT $535.42,,Housing
SeatGeek,kino,Entertainment
Apprenticeship,Monthly subscription,Education
AUTOPAY VERIZON WIRELESS $117.59 Administrative fee,,Bills & Utilities
Tropical Smoothie,Dessert,Food & Drink
PHARMACY PURCHASE $540.39,,Healthcare
PROPERTY TAX $1763.48 Smart home,,Housing
freeCodeCamp,schule,Education
Mayo Clinic,医疗,Healthcare
Fitness Class,jogos,Entertainment
Twitch,,Entertainment
VENMO CASHOUT $7033.39,,Income
Late Fee,Charity,Other
BP Pulse,Car wash,Transport
Retail Purchase,Phone case,Shopping
Budget Truck,إصلاح,Housing
Overdraft Fee,,Other
METRO TRANSIT $228.70 Tire rotation,,Transport
LOWES #7309 $1662.49 Deep clean,,Housing
TICKETMASTER $128.04,,Entertainment
Burlington,Belt,Shopping
ACH CREDIT Disability,,Income
ONLINE PURCHASE McDonald's.COM,,Food & Drink
Radio Cab,Metro pass,Transport
Dick's Sporting Goods,Baby items,Shopping
AMAZON.COM PURCHASE $109.60,,Shopping
CARD 0637 PURCHASE Caffe Nero,,Food & Drink
DEBIT CARD PURCHASE Pizza Hut,,Food & Drink
Pet Hospital,Annual checkup,Healthcare
COMCAST CABLE $121.53 Standing order,,Bills & Utilities
Spectrum,nebenkosten,Bills & Utilities
Parking Meter,Fuel,Transport
Freelance Payment,Donation received,Income
Khan Academy,,Education
Berlitz,Workshop,Education
E-ZPass,Vehicle lease,Transport
Imaging Center,ヘルスケア,Healthcare
Costco,Wholesale groceries,Food & Drink
Walmart,Groceries,Food & Drink
RECURRING PAYMENT Netflix Recurring charge,,Bills & Utilities
Redfin,抵押贷款,Housing
PLAYSTATION STORE $28.74,,Entertainment
Various,Unit rental,Other
Dermatologist,药房,Healthcare
E-commerce Purchase,,Shopping
BP Pulse,Long distance ride,Transport
Fidelity,revenu,Income
JioMart,Clothes,Shopping
Community College,Scholarship,Education
KAISER PERMANENTE $681.43 Crown,,Healthcare
UDEMY COURSE $1250.24 Tuition payment,,Education
AMAZON.COM PURCHASE $401.61,,Shopping
Legal Services,General expense,Other
PROPERTY TAX $2045.82,,Housing
IHOP,Lunch,Food & Drink
First American,Storage,Housing
Freelance Client,返金,Income
Monthly Pass,,Transport
Piano Lessons,Certificate program,Education
DIRECT DEBIT Geico $77.21 Fiber,,Bills & Utilities
TICKETMASTER $143.88,,Entertainment
Penske,wohnung,Housing
Penalty,عام,Other
DEBIT CARD PURCHASE Chipotle Wine,,Food & Drink
Pest Control,Lease payment,Housing
GOVERNMENT PAYMENT $169.71,,Other
QUEST DIAGNOSTICS $1358.00,,Healthcare
Pet Emergency,farmacia,Healthcare
Bird,Supercharger,Transport
Brilliant,강좌,Education
LYFT RIDES $474.52,,Transport
MORTGAGE PAYMENT $887.14 Vacation rental,,Housing
Green Mountain Energy,Mobile plan,Bills & Utilities
BOOK STORE $560.02 Spanish class,,Education
MEDICAL CENTER $695.52,,Healthcare
Bob Evans,déjeuner,Food & Drink
LOWES #3847 $2416.20 Handyman,,Housing
UDEMY COURSE $751.39 Learning,,Education
Sushi Zanmai,रेस्तरां,Food & Drink
ONLINE ORDER Retail Purchase,,Shopping
STOCK SALE RETA $1275.09 Contract work,,Income
QUEST DIAGNOSTICS $792.29 Contacts,,Healthcare
Sewer District,,Bills & Utilities
401k Distribution,devolución,Income
PROPERTY TAX $1231.99,,Housing
USPS POSTAGE $190.15,,Other
Landscaping,Lease payment,Housing
P.O. Box,Accounting,Other
Dance Club,,Entertainment
Printing,Top-up,Other
Etsy,कपड़े,Shopping
STEAM PURCHASE $178.18 Series,,Entertainment
GRE Prep,,Education
PG&E ELECTRIC $194.61,,Bills & Utilities
LIVE NATION $117.63,,Entertainment
Dropbox,账单,Bills & Utilities
Mayo Clinic,,Healthcare
UNIVERSITY TUITION $820.61,,Education
Hardee's,Steak,Food & Drink
Orthopedist,saúde,Healthcare
NETFLIX.COM $84.56,,Entertainment
COMCAST CABLE $243.93,,Bills & Utilities
Charles Schwab,Gig payment,Income
PURCHASE AUTHORIZED Food Market $73.23,,Food & Drink
LabCorp,Treatment,Healthcare
MAINTENANCE Craigslist Housing $2752.66,,Housing
DOORDASH *Shake Shack PURCHASE,,Food & Drink
Home Security,versorgung,Bills & Utilities
GOVERNMENT PAYMENT $122.78 Uncategorized,,Other
Dior,Cable,Shopping
Lottery,DLC,Entertainment
Google Store,Clothing,Shopping
Tidal,cinéma,Entertainment
Vocational Training,Online learning,Education
GEICO PAYMENT $177.17 Service fee,,Bills & Utilities
Employer Inc.,راتب,Income
MoneyGram,,Other
MEDICAL CENTER $603.72 Medical bill,,Healthcare
DHL,一般,Other
Prepaid Card,,Other
OneDrive,,Bills & Utilities
Walgreens,tienda,Shopping
BOOK STORE $723.41 Lifetime access,,Education
Conference,강좌,Education
LensCrafters,Procedure,Healthcare
Content subscription,Fair,Entertainment
Olive Garden,,Food & Drink
CHEGG STUDY $56.95 Financial aid,,Education
Retainer,Consulting,Income
Craft supplies,Museum visit,Entertainment
Cathay Pacific,,Transport
Bird,हवाई जहाज,Transport
iCloud,abonnement,Bills & Utilities
T-MOBILE AUTOPAY $185.99 Monthly fee,,Bills & Utilities
Prize Money,paiement,Income
Shell Recharge,taxi,Transport
Fidelity,erstattung,Income
Movie rental,música,Entertainment
Dunkin',Cocktail,Food & Drink
PROPERTY TAX $1881.47 Smart home,,Housing
iHeartRadio,E-book,Entertainment
Cooking Classes,,Education
MORTGAGE PAYMENT $1209.71 Monthly mortgage,,Housing
Thai Basil,,Food & Drink
SHELL OIL LONDON #8244 EV charging,,Transport
WALGREENS #6074 $416.25,,Healthcare
Parking,Charity,Other
ATM WITHDRAWAL FEE Transfer,,Other
STATE FARM INS $200.27,,Bills & Utilities
RENT PAYMENT $2709.97,,Housing
City Tax,utilidades,Bills & Utilities
Dishoom STORE #4479 PURCHASE,,Food & Drink
Budget,Charging,Transport
BOOK STORE $1664.93 Enrollment,,Education
STEAM PURCHASE $95.17 Live show,,Entertainment
Rehab Associates,Pet medication,Healthcare
PG&E ELECTRIC $317.59,,Bills & Utilities
Textbook Store,escuela,Education
Home Warranty,홈,Housing
PROPERTY TAX $1274.40,,Housing
APPLE STORE PURCHASE $374.69,,Shopping
Renters Insurance,Fiber,Bills & Utilities
HOA DUES $1052.76,,Housing
NETFLIX.COM $170.53,,Entertainment
Renters Insurance,Subscription,Bills & Utilities
Bob Evans,Counter service,Food & Drink
AMC Theatres,Audiobook,Entertainment
Radiology Associates,अस्पताल,Healthcare
PROPERTY TAX $1085.19 Paint,,Housing
LinkedIn Learning,Enrollment,Education
Flower Shop,सामान्य,Other
PHARMACY PURCHASE $810.14,,Healthcare
Appliance Store,réparation,Housing
AXS,Comedy show,Entertainment
GoFundMe,杂项,Other
Micro Center,Earrings,Shopping
Bun Bo Hue,Afternoon tea,Food & Drink
HOSPITAL BILL $274.11,,Healthcare
PAYPAL TRANSFER $342.01 Stock dividend,,Income
CVS PHARMACY #8658 $824.30,,Healthcare
AMAZON.COM PURCHASE $275.35 Apparel,,Shopping
Apple Store,Kitchenware,Shopping
Direct Deposit,वेतन,Income
Garage Sale,收入,Income
PROPERTY TAX $2877.21,,Housing
IRS TREAS 310 TAX REF Dividend payment,,Income
Poker Night,Music streaming,Entertainment
Daycare,Filing fee,Other
DEBIT PURCHASE Google Store Scarf,,Shopping
Game pass,Video games,Entertainment
Improv,игры,Entertainment
Community Center,Tithe,Other
UPS SHIPPING $124.13,,Other
Saks Fifth Avenue,Adapter,Shopping
AMAZON.COM PURCHASE $466.83,,Shopping
HOME DEPOT #7789 $694.11 Appliance,,Housing
Tax Return,付款,Income
TGI Friday's,Burger,Food & Drink
PHARMACY PURCHASE $579.44,,Healthcare
Dividend Payment,वेतन,Income
DEBIT PURCHASE Ross Stores Coat,,Shopping
KAISER PERMANENTE $563.10,,Healthcare
T-Mobile Store,Charger,Shopping
PG&E ELECTRIC $21.20,,Bills & Utilities
NETFLIX.COM $182.87,,Entertainment
DIRECT DEPOSIT PAYROLL $1699.69 Online sale,,Income
Google Store,Purchase,Shopping
BEST BUY #2308 SEOUL,,Shopping
Alaska Airlines,,Transport
Voucher,otros,Other
Ramen Ichiran,comida,Food & Drink
DIRECT DEBIT Child Support $74.66,,Bills & Utilities
PG&E ELECTRIC $319.71,,Bills & Utilities
Child Support,Wireless service,Bills & Utilities
GoFundMe,一般,Other
Casino,Wellness subscription,Entertainment
Myntra,Holiday gift,Shopping
HVAC,hogar,Housing
P.O. Box,Other expense,Other
TGI Friday's,Late night snack,Food & Drink
COURSERA PURCHASE $1633.37,,Education
SHELL OIL SINGAPORE #9080,,Transport
RENT PAYMENT $2469.50,,Housing
PARKING TOKYO $704.98 Annual pass,,Transport
Zara,Clothing,Shopping
Xbox Store,Games,Entertainment
University,Tuition payment,Education
Marketplace Order,Books,Shopping
UBER *TRIP $144.14,,Transport
Black Cab,Auto payment,Transport
Megabus,旅行,Transport
Test Prep,Lifetime access,Education
AMC Theatres,Game night,Entertainment
AMC Theatres,Concert,Entertainment
Paintball,Family plan,Entertainment
Ring,Phone bill,Bills & Utilities
POS PURCHASE Genki Sushi DUBAI,,Food & Drink
Workshop,대학교,Education
Daycare,,Other
LOWES #3139 $807.61,,Housing
Greggs,فطور,Food & Drink
In-N-Out,قهوة,Food & Drink
IRS TREAS 310 TAX REF Cash back reward,,Income
Chegg,SAT prep,Education
ER visit,치과,Healthcare
Zara,compras,Shopping
BANK FEE $64.56,,Other
School,Tuition,Education
Tesla Supercharger,Parking weekly,Transport
CHEGG STUDY $1909.19,,Education
Miscellaneous,Misc purchase,Other
STATE FARM INS $184.94,,Bills & Utilities
WALGREENS #5892 $990.27 CPAP supplies,,Healthcare
Prada,,Shopping
Condo Fee,Decor,Housing
UDEMY COURSE $1734.73,,Education
Ultrasound,Dental checkup,Healthcare
Greggs,아침,Food & Drink
GOVERNMENT PAYMENT $38.51,,Other
UBER *TRIP $149.09,,Transport
AMC THEATRES DUBAI $60.28,,Entertainment
School Supplies,English class,Education
Coursera,université,Education
MRI,Pet surgery,Healthcare
Spotify,musik,Entertainment
AUTOPAY VERIZON WIRELESS $97.84,,Bills & Utilities
Budget Truck,Vacation rental,Housing
Qatar Airways,First class,Transport
Qatar Airways,Daily commute,Transport
USPS POSTAGE $61.55 Printing,,Other
TARGET T-4117 PURCHASE,,Shopping
UPS SHIPPING $125.34 Charity,,Other
Cardiologist,Orthodontist,Healthcare
Dry Cleaners,Gift card purchase,Other
Dave & Buster's,Quick bite,Food & Drink
Kaplan,Online learning,Education
TARGET T-9298 PURCHASE,,Shopping
RENT PAYMENT $642.59,,Housing
MISC PURCHASE $194.38,,Other
Poker Night,Fitness class,Entertainment
Rail Europe,Long distance ride,Transport
Prescription,Eye exam,Healthcare
Service Charge,Daycare,Other
Cracker Barrel,Morning coffee,Food & Drink
AMAZON.COM PURCHASE $210.54,,Shopping
VOD,सिनेमा,Entertainment
UDEMY COURSE $832.24,,Education
TGI Friday's,,Food & Drink
STOCK SALE TAX  $758.36 Overtime,,Income
PURCHASE AUTHORIZED Moe's Southwest Grill $76.21 Fries,,Food & Drink
Progressive,Electric bill,Bills & Utilities
Ticketmaster,Comedy show,Entertainment
XBOX LIVE $96.39,,Entertainment
Federal Refund,دفعة,Income
USPS POSTAGE $89.44 Locker,,Other
PetCare,Braces,Healthcare
Codecademy,libros,Education
Social Security,환급,Income
Concert,Live show,Entertainment
STEAM PURCHASE $134.20,,Entertainment
PHARMACY PURCHASE $409.01 Braces,,Healthcare
NETFLIX.COM $75.37 Gym membership,,Entertainment
Neiman Marcus,Apparel,Shopping
Disability,Bond interest,Income
Pet Emergency,Imaging,Healthcare
UNIVERSITY TUITION $1703.31,,Education
WAL-MART SUPERCENTER #8558,,Shopping
Art Gallery,Family plan,Entertainment
Myntra,商店,Shopping
SCHOOL PAYMENT $951.93,,Education
Capital Gains,Gig payment,Income
VENMO CASHOUT $9588.90,,Income
Chegg,,Education
DEBIT CARD PURCHASE Tesco Weekend brunch,,Food & Drink
AMAZON.COM PURCHASE $464.46 Monitor,,Shopping
Lease,,Housing
ACH CREDIT Retirement Distribution,,Income
GEICO PAYMENT $78.49,,Bills & Utilities
DEBIT PURCHASE Five Below Maternity,,Shopping
Pizza,Pizza,Food & Drink
KAISER PERMANENTE $1107.85,,Healthcare
COMCAST CABLE $120.53 Subscription,,Bills & Utilities
Dance Classes,Learning,Education
YouTube Premium,,Entertainment
Kroger,Groceries,Food & Drink
Cabela's,电子产品,Shopping
Contractor,reparatur,Housing
Interest Payment,Bond interest,Income
RECURRING PAYMENT Data plan,,Bills & Utilities
Laundromat,Miscellaneous,Other
Nothing Bundt Cakes,Sandwich,Food & Drink
Rentokil,ипотека,Housing
Bet,Other expense,Other
USAA,serviços,Bills & Utilities
SAT Prep,Guitar lesson,Education
DIVIDEND SSDI $1958.94 Prize,,Income
Sushi,Japanese,Food & Drink
STEAM PURCHASE $167.81,,Entertainment
State Tax Refund,Donation received,Income
AMC THEATRES SINGAPORE $69.29 DLC,,Entertainment
Taco Stand,,Food & Drink
Merry Maids,Tax payment,Housing
TICKETMASTER $191.31 Video games,,Entertainment
Caffe Nero,Buffet,Food & Drink
PARKING PARIS $99.04,,Transport
Walmart Pharmacy,Vaccination,Healthcare
CVS PHARMACY #3678 $619.59 Medical bill,,Healthcare
LYFT RIDES $555.83,,Transport
PG&E ELECTRIC $22.23,,Bills & Utilities
Handyman,hipoteca,Housing
Temple,Locker,Other
STEAM PURCHASE $41.71 Festival,,Entertainment
Yoga Studio,Overdue payment,Bills & Utilities
HOA Dues,보험,Bills & Utilities
METRO TRANSIT $629.69 Street parking,,Transport
Subway,,Food & Drink
Electrify America,Monthly transit,Transport
PLAYSTATION STORE $170.78,,Entertainment
Emirates,Long distance ride,Transport
Workshop,Workshop,Education
BOOK STORE $1959.40,,Education
Freelance Client,वेतन,Income
VENMO CASHOUT $5158.23 Monthly salary,,Income
DEBIT CARD PURCHASE Safeway,,Food & Drink
Microsoft 365,Broadband,Bills & Utilities
Florist,,Other
Trust Distribution,gehalt,Income
SCHOOL PAYMENT $933.85,,Education
Funimation,musik,Entertainment
Smart Home,Plumber,Housing
NIKE.COM ORDER PURCHASE Ring,,Shopping
TICKETMASTER $117.03,,Entertainment
RECURRING PAYMENT Insurance Premium,,Bills & Utilities
DIRECT DEBIT Recycling $160.68,,Bills & Utilities
Five Guys,Weekend brunch,Food & Drink
LYFT RIDES $121.10 Cab fare,,Transport
Food Market,Pasta,Food & Drink
POS PURCHASE Farmers Market MUMBAI Tea,,Food & Drink
Carl's Jr.,Counter service,Food & Drink
Aquarium,Bowling night,Entertainment
UPS SHIPPING $39.65,,Other
CreativeLive,English class,Education
Codecademy,,Education
Netflix,Finance charge,Bills & Utilities
PLAYSTATION STORE $185.50,,Entertainment
UNITED AIRLINES $286.97 Uber,,Transport
Festival pass,Season pass,Entertainment
RENT PAYMENT $822.89 Plumber,,Housing
Netflix,Mobile plan,Bills & Utilities
RENT PAYMENT $2487.70,,Housing
Brilliant,Online learning,Education
BANK FEE $2.18,,Other
Physical Therapy,Emergency,Healthcare
AMC THEATRES LONDON $152.51,,Entertainment
KAISER PERMANENTE $1180.84,,Healthcare
COMCAST CABLE $196.95 Monthly premium,,Bills & Utilities
IKEA,,Shopping
Mount Sinai,больница,Healthcare
Tax Preparer,diversos,Other
PLAYSTATION STORE $108.39,,Entertainment
LensCrafters,Hospital stay,Healthcare
FEDEx SHIPPING $112.87 Miscellaneous,,Other
Exxon,Bridge toll,Transport
UNIVERSITY TUITION $1519.77,,Education
DIRECT DEPOSIT PAYROLL $4398.72,,Income
Tonkotsu Ramen,Taco,Food & Drink
MEDICAL CENTER $1060.78,,Healthcare
AMC THEATRES SINGAPORE $186.01,,Entertainment
UNIVERSITY TUITION $487.94,,Education
Electrical,Windows,Housing
General Assembly,bücher,Education
Bank of America,Annual tax refund,Income
Paychex,Rental income,Income
STOCK SALE INTE $3602.85 Capital gains,,Income
Stand-up Show,Live music,Entertainment
STOCK SALE RENT $3381.77,,Income
Redfin,Appliance,Housing
GEICO PAYMENT $238.60 Utility bill,,Bills & Utilities
Sewer Bill,Software subscription,Bills & Utilities
Stand-up Show,Game purchase,Entertainment
Home Depot,Garden supplies,Shopping
Nest,منزل,Housing
Women's Health Center,薬局,Healthcare
WESTERN UNION $21.49 Pet care,,Other
LYFT RIDES $521.59,,Transport
Starbucks,Dinner,Food & Drink
MORTGAGE PAYMENT $2386.87,,Housing
Electrify America,燃料,Transport
The Cheesecake Factory,Morning coffee,Food & Drink
Chevron,Airport lounge,Transport
MAINTENANCE Smart Lock $827.85,,Housing
PAYPAL TRANSFER $8690.24,,Income
VENMO CASHOUT $4896.39 Consulting,,Income
DELTA AIR LINES $103.02,,Transport
APPLE STORE PURCHASE $388.35,,Shopping
DEBIT CARD PURCHASE Hardee's,,Food & Drink
Public Storage,Lease payment,Housing
DELTA AIR LINES $74.21 Oil change,,Transport
CVS PHARMACY #3172 $1309.02,,Healthcare
CVS PHARMACY #3365 $1256.48 Counseling,,Healthcare
AMC THEATRES BERLIN $123.93 Music,,Entertainment
BioReference,Imaging,Healthcare
WAL-MART SUPERCENTER #9447,,Shopping
Smart Lock,,Housing
Handyman,किराया,Housing
Black Cab,교통,Transport
CareNow,Pet medication,Healthcare
Nintendo eShop,,Entertainment
Overstock,電子機器,Shopping
Federal Refund,Interest payment,Income
Tesla Supercharger,Inspection,Transport
Black Cab,First class,Transport
SKILLSHARE $248.93 Test preparation,,Education
SKILLSHARE $1125.48 Art class,,Education
Snapchat,streaming,Entertainment
Starbucks Reserve,점심,Food & Drink
VENMO CASHOUT $6835.63 Commission,,Income
DIVIDEND FREE $1419.75 Points redemption,,Income
SPOTIFY USA $130.77 Open mic,,Entertainment
USAA,구독,Bills & Utilities
Petco,,Shopping
LIVE NATION $185.28 Gym membership,,Entertainment
Cleaning Service,Vacation rental,Housing
Crunchyroll,Museum visit,Entertainment
Direct Deposit,返金,Income
VENMO CASHOUT $6788.53,,Income
Discovery+,Facial,Entertainment
UPS SHIPPING $28.54,,Other
PARKING SAO PAULO $663.96 Carry-on,,Transport
PROPERTY TAX $2582.78,,Housing
Verizon,Phone bill,Bills & Utilities
UPS SHIPPING $186.88 Notary,,Other
VENMO CASHOUT $6536.07,,Income
HOME DEPOT #7912 $2710.48 Decor,,Housing
MISC PURCHASE $75.38,,Other
Tidal,musique,Entertainment
Betting,In-game purchase,Entertainment
LYFT RIDES $113.25,,Transport
Tesla Supercharger,taxi,Transport
Optometrist,Counseling,Healthcare
United Airlines,In-flight meal,Transport
City Tax,подписка,Bills & Utilities
Flooring,maison,Housing
PLAYSTATION STORE $110.09,,Entertainment
Prescription,Doctor visit,Healthcare
WAL-MART SUPERCENTER #5846,,Shopping
SPOTIFY USA $128.48,,Entertainment
Printing,Daycare,Other
PLURALSIGHT $682.10 Cooking class,,Education
NETFLIX.COM $133.64 Audiobook,,Entertainment
Pool Service,Handyman,Housing
DIVIDEND BINA $1319.91,,Income
SKILLSHARE $976.32 Scholarship,,Education
T-Mobile,assinatura,Bills & Utilities
H&M,買い物,Shopping
MISC PURCHASE $150.78 Grooming,,Other
E-ZPass,транспорт,Transport
Peloton,Security system,Bills & Utilities
HBO Max,музыка,Entertainment
PARKING LOS ANGELES $235.59,,Transport
Civic,,Other
MAINTENANCE Budget Truck $1240.72,,Housing
ACH CREDIT Rebate Rebate check,,Income
APPLE STORE PURCHASE $317.96,,Shopping
DIRECT DEPOSIT PAYROLL $3886.34,,Income
Tax Payment,Auto-pay,Bills & Utilities
Wingstop,Coffee,Food & Drink
Dollar Rental,EV charging,Transport
App Academy,Yoga class,Education
BEST BUY #2439 DUBAI Monthly box,,Shopping
TICKETMASTER $141.32,,Entertainment
RENT PAYMENT $684.90 Decor,,Housing
VENMO CASHOUT $611.73,,Income
UBER *TRIP $789.80,,Transport
Seminar,Enrollment,Education
Urgent Care,Vitamins,Healthcare
Drugstore,병원,Healthcare
Department Store,Belt,Shopping
DHL,Other,Other
State Farm,청구서,Bills & Utilities
AMC THEATRES NEW YORK $76.47,,Entertainment
Duke Energy,订阅,Bills & Utilities
FEDEx SHIPPING $8.43 Contribution,,Other
Cable Bill,,Bills & Utilities
HOA DUES $852.26 Repair supplies,,Housing
Rental Income,Consulting,Income
UDEMY COURSE $1233.93,,Education
PROPERTY TAX $1037.34 Packing,,Housing
SHELL OIL TORONTO #4051,,Transport
Udacity,Data science course,Education
APPLE STORE PURCHASE $22.43,,Shopping
Dog Walking,général,Other
Aldi,Salad,Food & Drink
USPS POSTAGE $181.97 Pressing,,Other
Spotify,구독,Bills & Utilities
Habitat for Humanity,Stamp,Other
Duolingo,,Entertainment
UPS SHIPPING $22.90,,Other
Dave & Buster's STORE #8222 PURCHASE Pizza,,Food & Drink
EXXON MOBIL #5198,,Transport
U-Haul,ホーム,Housing
The Halal Guys,Smoothie,Food & Drink
TICKETMASTER $72.79,,Entertainment
DEBIT CARD PURCHASE Golden Corral Juice,,Food & Drink
Olive Garden,Sandwich,Food & Drink
MISC PURCHASE $149.75,,Other
VRBO,Moving,Housing
PG&E ELECTRIC $21.37,,Bills & Utilities
Blood test,gesundheit,Healthcare
Property Tax,Packing,Housing
MEDICAL CENTER $542.52 Follow-up,,Healthcare
Biryani Palace,Burrito,Food & Drink
UPS SHIPPING $85.94 General expense,,Other
Electric Company,Electric bill,Bills & Utilities
DIRECT DEPOSIT PAYROLL $1964.12,,Income
Miscellaneous,allgemein,Other
GEICO PAYMENT $179.48 Electric bill,,Bills & Utilities
E*Trade,State refund,Income
Ultrasound,Psychiatry,Healthcare
MORTGAGE PAYMENT $2379.95 Mattress,,Housing
DIVIDEND SOCI $6067.58 Consulting,,Income
METRO TRANSIT $485.75,,Transport
Steam,Game purchase,Entertainment
Comcast,Monthly fee,Bills & Utilities
SCHOOL PAYMENT $1092.84,,Education
Under Armour,Dress,Shopping
Papa John's,Water,Food & Drink
Concert,Live music,Entertainment
FEDEx SHIPPING $84.98 Various,,Other
Brake Service,First class,Transport
Season Pass,Expansion,Entertainment
HOSPITAL BILL $95.94 Dental checkup,,Healthcare
Ticketmaster,Gallery exhibition,Entertainment
AUTOPAY VERIZON WIRELESS $28.43 autopay,,Bills & Utilities
HBO Max,Live music,Entertainment
Greggs,кофе,Food & Drink
STOCK SALE LICE $8073.14 GoFundMe,,Income
PHARMACY PURCHASE $749.47 Medical visit,,Healthcare
Sears Optical,병원,Healthcare
Seminar,Diploma,Education
RENT PAYMENT $2470.89,,Housing
Property Tax,Lease payment,Housing
DOORDASH *Panera Bread PURCHASE Morning coffee,,Food & Drink
BOOK STORE $792.42 Data science course,,Education
WESTERN UNION $31.56,,Other
Plant Store,Bank fee,Other
SHELL OIL HOUSTON #4151,,Transport
UNITED AIRLINES $721.58 Car wash,,Transport
Legal Services,Legal fee,Other
Snow Removal,Repair supplies,Housing
Little Caesars,Birthday cake,Food & Drink
DELTA AIR LINES $727.30 Alignment,,Transport
Aquarium,ألعاب,Entertainment
HOME DEPOT #5233 $2021.02,,Housing
MEDICAL CENTER $503.61,,Healthcare
Popeyes,Business lunch,Food & Drink
PetCare,Glasses,Healthcare
Samsung,Gift,Shopping
Veterinarian,Urgent care,Healthcare
FEDEx SHIPPING $147.40,,Other
DMV,一般,Other
SPOTIFY USA $44.72,,Entertainment
PROPERTY TAX $1729.48 Home insurance,,Housing
COURSERA PURCHASE $1757.71,,Education
GEICO PAYMENT $157.43 Service fee,,Bills & Utilities
DEBIT PURCHASE Ross Stores,,Shopping
WAL-MART SUPERCENTER #2027,,Shopping
ONLINE PURCHASE Qdoba.COM,,Food & Drink
Shopify,,Income
Sears Optical,Physical exam,Healthcare
AMC THEATRES LOS ANGELES $50.91 Movie,,Entertainment
Town Hall,Lost item,Other
Paramount+,jeux,Entertainment
LYFT RIDES $281.66,,Transport
Jump Start,avión,Transport
Chipotle,essen,Food & Drink
Electric Bill,factures,Bills & Utilities
Escape Room,Comedy show,Entertainment
Michaels,Birthday gift,Shopping
Dermatologist,स्वास्थ्य,Healthcare
COMCAST CABLE $225.61 Security system,,Bills & Utilities
KAISER PERMANENTE $1250.84,,Healthcare
PROPERTY TAX $1648.70,,Housing
TikTok,,Entertainment
METRO TRANSIT $119.59,,Transport
Comcast,Gas bill,Bills & Utilities
Dave & Buster's,завтрак,Food & Drink
T-MOBILE AUTOPAY $102.10,,Bills & Utilities
WALGREENS #2058 $1326.76,,Healthcare
WALGREENS #9027 $1298.08,,Healthcare
Bob Evans,Afternoon tea,Food & Drink
Qatar Airways,टैक्सी,Transport
Domino's,кофе,Food & Drink
ONLINE ORDER Etsy,,Shopping
Fiverr,Airbnb income,Income
WALGREENS #7431 $431.16,,Healthcare
DENTAL ASSOCIATES $856.00,,Healthcare
Pediatrician,LASIK,Healthcare
Family plan,Water bill,Bills & Utilities
School Supplies,Online learning,Education
CHEGG STUDY $1645.34,,Education
DIVIDEND AIRB $8642.72,,Income
AMC THEATRES CHICAGO $59.45,,Entertainment
WAL-MART SUPERCENTER #7393,,Shopping
SimpliSafe,Subscription,Bills & Utilities
QUEST DIAGNOSTICS $1439.92,,Healthcare
FlixBus,Carry-on,Transport
PAYPAL TRANSFER $7580.69 Donation received,,Income
Kaiser Permanente,CPAP supplies,Healthcare
Cisco Learning,Grant,Education
SPOTIFY USA $76.11,,Entertainment
Hardee's,Delivery,Food & Drink
AMC THEATRES SEOUL $165.12,,Entertainment
ACH CREDIT Cash Back,,Income
Panera Bread,Bakery,Food & Drink
Black Cab,Premium gas,Transport
Postmates Order,Pasta,Food & Drink
Berlitz,Test preparation,Education
MISC PURCHASE $164.71 Lost item,,Other
Emergency room,medizinisch,Healthcare
UDEMY COURSE $1240.50 Tech course,,Education
LYFT RIDES $200.53 Inspection,,Transport
GCP Training,libros,Education
Yoga,Season pass,Entertainment
PLAYSTATION STORE $37.57,,Entertainment
GameStop,Digital purchase,Shopping
Grooming,Unit rental,Other
ER visit,Prescription,Healthcare
Genki Sushi,comida,Food & Drink
T-Mobile Store,Online shopping,Shopping
Lottery Winnings,आय,Income
Microsoft 365,Wireless service,Bills & Utilities
VENMO CASHOUT $2955.58,,Income
DIRECT DEPOSIT PAYROLL $3520.03 Insurance payout,,Income
Thai Basil,Birthday cake,Food & Drink
BEST BUY #7279 BERLIN,,Shopping
LOWES #4600 $970.31,,Housing
USPS POSTAGE $140.19,,Other
FEDEx SHIPPING $113.94,,Other
Personal Trainer,,Entertainment
AMC THEATRES TORONTO $10.42 Manicure,,Entertainment
HBO Max,Rental,Entertainment
UNIVERSITY TUITION $1105.66 Monthly subscription,,Education
Publix,Chicken,Food & Drink
Cracker Barrel,,Food & Drink
FedEx,Unknown,Other
Crunchyroll,Wellness subscription,Entertainment
UDEMY COURSE $1996.37 Language class,,Education
Charles Schwab,Award,Income
IRCTC,Annual pass,Transport
HOA Payment,hipoteca,Housing
KAISER PERMANENTE $1147.08,,Healthcare
Psychologist,gesundheit,Healthcare
UBER EATS *Papa John's PURCHASE Quick bite,,Food & Drink
Plumber,سكن,Housing
ACH CREDIT Royalty Payment Donation received,,Income
WALGREENS #9544 $410.72 Crown,,Healthcare
Dollar Rental,Gas,Transport
Fry's Electronics,,Shopping
DEBIT PURCHASE Best Buy,,Shopping
Coursera Plus,Course,Education
Flatiron School,Test preparation,Education
Hard Rock Cafe SUBSCRIPTION RENEWAL,,Food & Drink
METRO TRANSIT $427.70 Flight ticket,,Transport
Dividend Payment,Freelance work,Income
Chipotle Mexican Grill,Seafood,Food & Drink
Drone,Facial,Entertainment
Pluralsight,Degree program,Education
WESTERN UNION $133.83 Prepaid load,,Other
XBOX LIVE $114.63 Festival,,Entertainment
Music School,Study guide,Education
COURSERA PURCHASE $1467.60,,Education
Vanpool,Checked bag,Transport
Internet Bill,Installation fee,Bills & Utilities
MORTGAGE PAYMENT $2332.64 Security deposit,,Housing
ONLINE PURCHASE Texas Roadhouse.COM Taco,,Food & Drink
Taxi,سفر,Transport
BJ's Wholesale,Digital purchase,Shopping
Retainer,환급,Income
Flooring,Flooring,Housing
PARKING SYDNEY $306.59 Highway toll,,Transport
Security System,Maid service,Housing
DIRECT DEBIT Gold's Gym $339.00,,Bills & Utilities
T-MOBILE AUTOPAY $234.67,,Bills & Utilities
Vet Clinic,Psychiatry,Healthcare
MORTGAGE PAYMENT $850.45,,Housing
Vitamins,Pharmacy,Healthcare
XBOX LIVE $42.21,,Entertainment
VENMO CASHOUT $781.66 Contract work,,Income
Consulting Fee,Holiday pay,Income
Tip,оплата,Income
TARGET T-9045 PURCHASE Cable,,Shopping
Family plan,,Bills & Utilities
PLURALSIGHT $1010.77,,Education
DIRECT DEPOSIT PAYROLL $1613.22,,Income
Crutches,치과,Healthcare
LYFT RIDES $25.76,,Transport
HOME DEPOT #9673 $2258.20,,Housing
AUTOPAY VERIZON WIRELESS $108.07,,Bills & Utilities
Urgent Care,Prescription,Healthcare
Disney+,assinatura,Bills & Utilities
UNIVERSITY TUITION $920.44 Language learning,,Education
Zalando,одежда,Shopping
HOSPITAL BILL $1288.68 Medical,,Healthcare
Orkin,ипотека,Housing
E-ZPass,Oil change,Transport
Property Management Co.,إيجار,Housing
USAA,Direct debit,Bills & Utilities
VENMO CASHOUT $3818.15 Holiday pay,,Income
Angi,Handyman,Housing
Google Workspace,Recurring charge,Bills & Utilities
STEAM PURCHASE $48.40,,Entertainment
Bonus Payment,reembolso,Income
LYFT RIDES $23.84,,Transport
Domino's,Date night,Food & Drink
Plant Store,Fine payment,Other
ACH CREDIT Intellectual Property,,Income
SCHOOL PAYMENT $1250.33,,Education
PG&E ELECTRIC $224.37 Cable,,Bills & Utilities
COURSERA PURCHASE $565.70,,Education
Gold's Gym,공과금,Bills & Utilities
National Car Rental,Economy class,Transport
HOME DEPOT.COM $1202.49 Roofing,,Housing
Lowe's,Home improvement,Housing
PROPERTY TAX $2205.43 Rent,,Housing
Retail Store,divers,Other
DEBIT PURCHASE TJ Maxx Jewelry,,Shopping
BEST BUY #4369 SAO PAULO,,Shopping
ACH CREDIT License Fee Monthly salary,,Income
Ride Share,EV charging,Transport
Book Store,книги,Education
Qdoba,Date night,Food & Drink
FEDEx SHIPPING $191.81,,Other
UNIVERSITY TUITION $1113.44 Martial arts,,Education
STEAM PURCHASE $59.89,,Entertainment
Qdoba,Weekly groceries,Food & Drink
DENTAL ASSOCIATES $299.46,,Healthcare
Carpet,住宅,Housing
MEDICAL CENTER $1421.67,,Healthcare
Hulu,सदस्यता,Bills & Utilities
Bet,Pressing,Other
Legal Services,Other,Other
SPOTIFY USA $144.71 Monthly subscription,,Entertainment
Wendy's,음식,Food & Drink
Gratuity,Award,Income
CityMD,Imaging,Healthcare
AMAZON.COM PURCHASE $466.49 Garden supplies,,Shopping
Greyhound,Annual pass,Transport
Social Security,Donation received,Income
SAT Prep,,Education
Costa Coffee,कॉफी,Food & Drink
Textbook Store,Yoga class,Education
FutureLearn,教育,Education
BEST BUY #4008 SINGAPORE Kitchenware,,Shopping
MAINTENANCE Smart Lock $1628.03,,Housing
Self Storage,Boarding,Other
Bank Fee,Delivery,Other
Little Caesars,almoço,Food & Drink
Language School,kurs,Education
Trulia,修理,Housing
STATE TREASURY REFUND Bond interest,,Income
Marshalls,compras,Shopping
Ambulance,Urgent care,Healthcare
Sweetgreen,café,Food & Drink
E*Trade,Refund,Income
Naan Stop,Meal,Food & Drink
Thrifty,,Transport
GEICO PAYMENT $167.46 Gas bill,,Bills & Utilities
Deli,Coffee,Food & Drink
UDEMY COURSE $311.83,,Education
Vocational Training,университет,Education
HOME DEPOT.COM $983.06,,Housing
Sewer Bill,उपयोगिताएँ,Bills & Utilities
Sonic,レストラン,Food & Drink
Amazon Locker,General expense,Other
Reliant Energy,Utility bill,Bills & Utilities
Toptal,salário,Income
BANK FEE $104.52,,Other
Xbox Store,Audiobook,Entertainment
Coursera Plus,Dance class,Education
PlayStation Plus,música,Entertainment
Fry's Electronics,casa,Shopping
USPS POSTAGE $138.46,,Other
Dividend Payment,erstattung,Income
T-MOBILE AUTOPAY $309.10 Broadband,,Bills & Utilities
BEST BUY #1863 SINGAPORE,,Shopping
CVS PHARMACY #6724 $826.52,,Healthcare
Nest,Furniture,Housing
Ring,Late fee,Bills & Utilities
Skillsoft,Coding bootcamp,Education
QUEST DIAGNOSTICS $788.85,,Healthcare
Rehab Associates,Pet surgery,Healthcare
Convenience Fee,Notary,Other
ONLINE PURCHASE Trader Joe's.COM All-you-can-eat,,Food & Drink
Carpool,택시,Transport
Apple Music,,Entertainment
MISC PURCHASE $199.72 Replacement,,Other
Wheelchair,Medical,Healthcare
WAL-MART SUPERCENTER #3541,,Shopping
Employer Inc.,revenu,Income
Medical bill,Therapy,Healthcare
Cinema,Movie ticket,Entertainment
DEBIT CARD PURCHASE In-N-Out,,Food & Drink
SKILLSHARE $174.58,,Education
Barnes & Noble,E-book,Entertainment
USPS POSTAGE $61.04 Lost item,,Other
Apple Music,Standing order,Bills & Utilities
Property Tax,إصلاح,Housing
DOORDASH *Smoothie Bar PURCHASE,,Food & Drink
AMAZON.COM PURCHASE $12.59,,Shopping
STOCK SALE REBA $4481.08 Dividend payment,,Income
Internet Bill,versorgung,Bills & Utilities
COMCAST CABLE $139.15 Direct debit,,Bills & Utilities
ONLINE PURCHASE Insomnia Cookies.COM,,Food & Drink
Pandora,Karaoke night,Entertainment
Craigslist,аренда,Housing
BEST BUY #4675 SEOUL Baby items,,Shopping
STATE FARM INS $214.71,,Bills & Utilities
Books-A-Million,Skincare,Shopping
T-MOBILE AUTOPAY $268.68 Family plan,,Bills & Utilities
Brinks,बीमा,Bills & Utilities
Contractor,बंधक,Housing
SPOTIFY USA $50.63 Family plan,,Entertainment
DOORDASH *IHOP PURCHASE Ice cream,,Food & Drink
UPS SHIPPING $191.98,,Other
Greggs,café,Food & Drink
Mosque,,Other
Church,Tithe,Other
METRO TRANSIT $299.52 Gas fill-up,,Transport
VENMO CASHOUT $3394.22 Holiday pay,,Income
SKILLSHARE $870.09,,Education
Outback,Burrito,Food & Drink
Auto Insurance,Recurring charge,Bills & Utilities
Angi,Tax payment,Housing
BANK FEE $1.69,,Other
HOME DEPOT.COM $1011.71 Camera system,,Housing
DELTA AIR LINES $97.80,,Transport
MAINTENANCE Zillow $2545.67,,Housing
CARD 6440 PURCHASE Curry House Weekend brunch,,Food & Drink
UNIVERSITY TUITION $300.04 Art class,,Education
METRO TRANSIT $110.64,,Transport
The Halal Guys,Date night,Food & Drink
Dollar General,电子产品,Shopping
DIVIDEND PRIZ $3782.17 Paycheck,,Income
DIRECT DEBIT Home Security $262.08 Finance charge,,Bills & Utilities
CARD 3959 PURCHASE Arby's,,Food & Drink
TNT,Uncategorized,Other
DENTAL ASSOCIATES $106.12 Blood work,,Healthcare
Lowe's,Baby items,Shopping
FEDEx SHIPPING $55.46,,Other
MEDICAL CENTER $976.57 Doctor visit,,Healthcare
STEAM PURCHASE $183.21,,Entertainment
STOCK SALE ROBI $8946.80 Cash back reward,,Income
Coursera,Tuition payment,Education
MISC PURCHASE $188.71,,Other
LOWES #5479 $1343.07,,Housing
HVAC,,Housing
TARGET T-1859 PURCHASE,,Shopping
Church,Consultation,Other
Paintball,Game purchase,Entertainment
WESTERN UNION $177.37 Other,,Other
XBOX LIVE $91.98,,Entertainment
Zoo,,Entertainment
Texas Roadhouse,저녁,Food & Drink
Safeway,किराने का सामान,Food & Drink
MEDICAL CENTER $517.59 Pet medication,,Healthcare
Udacity,English class,Education
Life Insurance,Auto-pay,Bills & Utilities
Trash Pickup,Monthly fee,Bills & Utilities
WESTERN UNION $196.30,,Other
Insomnia Cookies,,Food & Drink
COURSERA PURCHASE $715.24,,Education
UBER EATS *Dairy Queen PURCHASE,,Food & Drink
Etsy,Rebate check,Income
Bowling,Movie,Entertainment
TICKETMASTER $188.75,,Entertainment
HOME DEPOT.COM $1399.08 Cleaning,,Housing
LOWES #7272 $2052.87,,Housing
Moe's Southwest Grill,Lunch,Food & Drink
Juice Bar,Food,Food & Drink
PROPERTY TAX $2024.05 Home insurance,,Housing
METRO TRANSIT $673.29,,Transport
Chili's,Chicken,Food & Drink
Life Insurance,Broadband,Bills & Utilities
Omio,Business class,Transport
Retainer,Sublease,Income
TARGET T-5468 PURCHASE,,Shopping
Upwork,收入,Income
Blood test,अस्पताल,Healthcare
Fidelity,Rebate check,Income
AUTOPAY VERIZON WIRELESS $165.22,,Bills & Utilities
WALGREENS #6354 $909.31 Blood work,,Healthcare
Public Transit,Diesel,Transport
Krispy Kreme SUBSCRIPTION RENEWAL,,Food & Drink
SKILLSHARE $783.61 Cooking class,,Education
Lottery Ticket,Babysitting,Other
LYFT RIDES $681.91,,Transport
SKILLSHARE $82.96,,Education
Game Ticket,musik,Entertainment
Notebooks,educação,Education
PAYPAL TRANSFER $2000.46 Contract work,,Income
DIRECT DEPOSIT PAYROLL $9754.04 Donation received,,Income
PHARMACY PURCHASE $1287.07,,Healthcare
HOME DEPOT #5452 $1812.25,,Housing
TICKETMASTER $197.34 Monthly subscription,,Entertainment
TARGET T-1816 PURCHASE,,Shopping
GOVERNMENT PAYMENT $105.77 Legal fee,,Other
Google Career Certificates,universidade,Education
DEBIT PURCHASE Michaels,,Shopping
NIKE.COM ORDER PURCHASE Outdoor gear,,Shopping
Overstock,T-shirt,Shopping
Cash App,Rental income,Income
GEICO PAYMENT $321.79,,Bills & Utilities
REI,,Shopping
Souplantation,Ice cream,Food & Drink
Hobby Lobby,,Shopping
Bonus Payment,зарплата,Income
Subway STORE #5922 PURCHASE,,Food & Drink
AUTOPAY VERIZON WIRELESS $190.92 Auto-pay,,Bills & Utilities
PAYPAL TRANSFER $6781.50 Royalties,,Income
UBER *TRIP $482.24,,Transport
Stand-up Show,streaming,Entertainment
Wire Transfer Fee,Gift card purchase,Other
WESTERN UNION $163.90 Transfer,,Other
UNITED AIRLINES $20.48,,Transport
EXXON MOBIL #7321 Carry-on,,Transport
Amazon Locker,अन्य,Other
Rewards,退款,Income
DataCamp,Lifetime access,Education
PG&E ELECTRIC $115.65,,Bills & Utilities
Retirement Distribution,Interest payment,Income
Property Tax,Storage,Housing
CHEGG STUDY $501.25,,Education
COMCAST CABLE $295.98,,Bills & Utilities
ONLINE ORDER GameStop Boots,,Shopping
The Cheesecake Factory,,Food & Drink
Ulta Beauty,Toddler,Shopping
First American,,Housing
SCHOOL PAYMENT $566.34,,Education
Sears Optical,Prescription,Healthcare
Instituto Cervantes,Technology fee,Education
Language School,शिक्षा,Education
Home Depot,Handyman,Housing
PARKING HOUSTON $269.48,,Transport
Golden Corral,Grocery run,Food & Drink
TICKETMASTER $82.20,,Entertainment
STEAM PURCHASE $24.02,,Entertainment
Robinhood,remboursement,Income
PURCHASE AUTHORIZED Jamba Juice $15.17,,Food & Drink
BANK FEE $182.99 Donation,,Other
POS PURCHASE KFC LOS ANGELES,,Food & Drink
KAISER PERMANENTE $1058.91,,Healthcare
YouTube TV,Theme park,Entertainment
LOWES #7085 $2849.75 Vacation rental,,Housing
Accountant,Top-up,Other
EXXON MOBIL #8043 Gas,,Transport
PLURALSIGHT $1990.49,,Education
BioReference,Medical,Healthcare
Shake Shack,점심,Food & Drink
Accountant,varios,Other
Direct Deposit,Overtime,Income
GEICO PAYMENT $101.51 Installation fee,,Bills & Utilities
Museum,Monthly subscription,Entertainment
UNIVERSITY TUITION $768.81 Diploma,,Education
ER visit,Medical visit,Healthcare
Zalando,T-shirt,Shopping
Taco Bell,مطعم,Food & Drink
ONLINE ORDER BJ's Wholesale Wedding gift,,Shopping
UPS SHIPPING $129.86,,Other
Airbnb,Investment return,Income
COURSERA PURCHASE $1187.90,,Education
Cleveland Clinic,Pet surgery,Healthcare
Laser Tag,Theme park,Entertainment
LOWES #8817 $2631.37 Home improvement,,Housing
Vivid Seats,Theme park,Entertainment
CARD 5445 PURCHASE Krispy Kreme,,Food & Drink
Tutor,Workshop,Education
DIRECT DEBIT YouTube Premium $319.01,,Bills & Utilities
Sale Proceeds,Side hustle,Income
IRCTC,,Transport
Recycling,Service fee,Bills & Utilities
Google Workspace,Monthly premium,Bills & Utilities
Duke Energy,請求書,Bills & Utilities
PLAYSTATION STORE $111.03,,Entertainment
Sears Optical,दंत चिकित्सक,Healthcare
HOME DEPOT #8902 $2748.99,,Housing
RENT PAYMENT $1208.81 Property tax,,Housing
Consulting Fee,지급,Income
Starbucks,Date night,Food & Drink
Gift Card,各种,Other
Little Caesars,दोपहर का भोजन,Food & Drink
Notary,Other expense,Other
Disney+,Monthly premium,Bills & Utilities
UPS SHIPPING $191.30,,Other
FedEx Office,Misc purchase,Other
Orthopedist,牙科,Healthcare
Xbox Game Pass,Theatre,Entertainment
Toll,Metro pass,Transport
Seafood Market,コーヒー,Food & Drink
GOVERNMENT PAYMENT $5.66 Stamp,,Other
Rail Europe,Oil change,Transport
DELTA AIR LINES $308.80,,Transport
SCHOOL PAYMENT $1934.52,,Education
PAYPAL TRANSFER $9074.14 Licensing,,Income
Panera Bread,Cake,Food & Drink
PlayStation Plus,,Entertainment
Internet Bill,مرافق,Bills & Utilities
Penalty,различные,Other
Chanel,kleidung,Shopping
CHEGG STUDY $1431.95 Registration fee,,Education
Johns Hopkins,Pharmacy,Healthcare
SpotHero,Business class,Transport
UDEMY COURSE $1726.20 Tuition payment,,Education
Clinic,Extraction,Healthcare
Babbel,streaming,Entertainment
PAYPAL TRANSFER $8752.15,,Income
Notebooks,Martial arts,Education
Circus,musique,Entertainment
Codecademy,Tuition,Education
EXXON MOBIL #9488 Airport transfer,,Transport
Self Storage,Tithe,Other
Surgery,Doctor visit,Healthcare
Red Cross,Accounting,Other
Micro Center,Game purchase,Shopping
STOCK SALE UPWO $1441.27 Refund,,Income
BP Pulse,Parking weekly,Transport
Banggood,Jacket,Shopping
Rosetta Stone,音乐,Entertainment
TICKETMASTER $138.15,,Entertainment
MAINTENANCE Landscaping $1447.01 Lease payment,,Housing
Landscaping,Tax payment,Housing
Moving Company,Airbnb stay,Housing
Junk Removal,Move-in fee,Housing
Storage,一般,Other
Specialty Store,Footwear,Shopping
QUEST DIAGNOSTICS $679.75,,Healthcare
MasterClass,Grant,Education
Redfin,,Housing
RENT PAYMENT $1166.33,,Housing
GEICO PAYMENT $237.27,,Bills & Utilities
Rentokil,Furniture,Housing
SpotHero,旅行,Transport
Alimony,Late fee,Bills & Utilities
Commission,수입,Income
HOME DEPOT #5019 $672.00 Maid service,,Housing
DENTAL ASSOCIATES $1230.51,,Healthcare
Naan Stop STORE #6562 PURCHASE,,Food & Drink
STATE FARM INS $303.31,,Bills & Utilities
Delta Airlines,Premium gas,Transport
RENT PAYMENT $2232.12,,Housing
Charter,Mobile plan,Bills & Utilities
Dollar General,Books,Shopping
Direct Energy,Subscription,Bills & Utilities
YouTube Premium,Standing order,Bills & Utilities
LIVE NATION $77.74 Battle pass,,Entertainment
HOME DEPOT #2249 $2223.28,,Housing
Gift Money,salário,Income
Community Center,Unit rental,Other
Flight,Car wash,Transport
LOWES #8777 $2687.33 Tax payment,,Housing
Convenience Fee,Fine payment,Other
YouTube Premium,Meditation app,Entertainment
Drone,jeux,Entertainment
Nothing Bundt Cakes,café,Food & Drink
Public Transit,हवाई जहाज,Transport
IRS TREAS 310 TAX REF Prize,,Income
Electric Bill,Installation fee,Bills & Utilities
CHEGG STUDY $1496.88 Books,,Education
APPLE STORE PURCHASE $210.13 Slippers,,Shopping
American Airlines,flugzeug,Transport
Spirit,Vehicle lease,Transport
HOME DEPOT.COM $1464.29,,Housing
Saks Fifth Avenue,Accessories,Shopping
Specialty Store,electrónica,Shopping
Tax Return,Paycheck,Income
PG&E ELECTRIC $157.39 Annual premium,,Bills & Utilities
KAISER PERMANENTE $939.50,,Healthcare
Airline Ticket,Airline ticket,Transport
Dermatologist,Prescription,Healthcare
TICKETMASTER $168.70 Pay-per-view,,Entertainment
Peloton,utilitaires,Bills & Utilities
Pho Hoa,mittagessen,Food & Drink
Mental Health,Lab results,Healthcare
Paramount+,,Entertainment
PLAYSTATION STORE $23.83,,Entertainment
EXXON MOBIL #2021,,Transport
Department Store,Gift,Shopping
Plumber,Plumber,Housing
United Way,Damage payment,Other
Mosquito Control,Moving,Housing
SCHOOL PAYMENT $682.15,,Education
UNIVERSITY TUITION $71.11,,Education
LYFT RIDES $271.50 Gas,,Transport
U-Haul,hipoteca,Housing
Green Mountain Energy,счета,Bills & Utilities
The Cheesecake Factory STORE #4410 PURCHASE Iced Coffee,,Food & Drink
MISC PURCHASE $195.43 General expense,,Other
Lawyer,Filing fee,Other
TikTok,Manicure,Entertainment
Lambda School,Language class,Education
CHEGG STUDY $542.74 Art class,,Education
PLURALSIGHT $239.40,,Education
United Airlines,Brake pads,Transport
Ashley Furniture,Charger,Shopping
Roadside Assistance,택시,Transport
Thumbtack,Airbnb stay,Housing
Bath & Body Works,Sports equipment,Shopping
Sephora,Quarterly box,Shopping
Sewer District,Internet,Bills & Utilities
WALGREENS #7102 $52.60,,Healthcare
Yoga Studio,,Bills & Utilities
DEBIT CARD PURCHASE Dishoom Dinner,,Food & Drink
IRCTC,Economy class,Transport
BANK FEE $31.50,,Other
State Tax Refund,Prize,Income
MinuteClinic,Counseling,Healthcare
RECURRING PAYMENT ADT,,Bills & Utilities
Gas Bill,,Bills & Utilities
Banggood,App purchase,Shopping
Crunchyroll,엔터테인먼트,Entertainment
Property Tax,Home insurance,Housing
HOME DEPOT.COM $2959.09 Rent,,Housing
Gusto Payroll,Bonus,Income
Spotify,подписка,Bills & Utilities
Under Armour,покупки,Shopping
EXXON MOBIL #1005,,Transport
Babbel,Podcast,Entertainment
PG&E ELECTRIC $37.50,,Bills & Utilities
Pet Boarding,Top-up,Other
LOWES #4058 $2751.47 Rent,,Housing
MORTGAGE PAYMENT $1070.64,,Housing
Google Career Certificates,Language learning,Education
DIRECT DEPOSIT PAYROLL $5013.69,,Income
COMCAST CABLE $145.75 Fiber,,Bills & Utilities
HOME DEPOT.COM $2748.52 Paint,,Housing
TICKETMASTER $127.30,,Entertainment
Voucher,Notary,Other
Poker Night,Expansion,Entertainment
PG&E ELECTRIC $299.68,,Bills & Utilities
Civic,Bank fee,Other
METRO TRANSIT $357.34,,Transport
Vet Clinic,병원,Healthcare
Physical Therapy,Medical bill,Healthcare
METRO TRANSIT $359.17,,Transport
WESTERN UNION $61.12 Daily purchase,,Other
Trade School,éducation,Education
PG&E ELECTRIC $103.11 Mobile plan,,Bills & Utilities
Test Prep,curso,Education
GOVERNMENT PAYMENT $21.18,,Other
TARGET T-6069 PURCHASE Hiking,,Shopping
Nightclub,Live music,Entertainment
UPS SHIPPING $92.02 Damage payment,,Other
D&D Session,Expansion,Entertainment
PAYPAL TRANSFER $6894.30,,Income
Medical equipment,Medical bill,Healthcare
Heartland Dental,Vitamins,Healthcare
UPS SHIPPING $191.78,,Other
LOWES #6915 $1975.59 Home warranty,,Housing
MORTGAGE PAYMENT $1547.75,,Housing
DOORDASH *Nothing Bundt Cakes PURCHASE Food,,Food & Drink
PG&E,Service charge,Bills & Utilities
DoorDash Order SUBSCRIPTION RENEWAL,,Food & Drink
Locksmith,Decor,Housing
Parking Garage,طائرة,Transport
AMC THEATRES TOKYO $151.50,,Entertainment
TARGET T-9166 PURCHASE,,Shopping
Property Tax,Water bill,Bills & Utilities
PLAYSTATION STORE $192.31 E-book,,Entertainment
Content subscription,Art show,Entertainment
Tandoori Nights,Water,Food & Drink
AUTOPAY VERIZON WIRELESS $335.56,,Bills & Utilities
Copy Shop,,Other
SKILLSHARE $1417.33 Coding bootcamp,,Education
VENMO CASHOUT $4149.08,,Income
Ola,Express lane,Transport
PHARMACY PURCHASE $1150.86,,Healthcare
HBO Max,Auto-pay,Bills & Utilities
WALGREENS #4646 $610.29 CPAP supplies,,Healthcare
Transit Authority,出租车,Transport
TARGET T-1235 PURCHASE,,Shopping
Commission,Cash back reward,Income
Gas Station,Tire rotation,Transport
NETFLIX.COM $156.01,,Entertainment
Khan Academy,kurs,Education
STATE FARM INS $313.63,,Bills & Utilities
Pediatrician,Orthodontist,Healthcare
Cleaning Service,Smart home,Housing
Udemy,université,Education
Late Fee,Prepaid load,Other
KAISER PERMANENTE $349.71 Vaccination,,Healthcare
UBER *TRIP $667.91,,Transport
UPS SHIPPING $114.91 Uncategorized,,Other
Outback,Chicken,Food & Drink
Water Park,Documentary,Entertainment
NIKE.COM ORDER PURCHASE Subscription box,,Shopping
T-Mobile,Auto-pay,Bills & Utilities
NETFLIX.COM $160.49 Digital purchase,,Entertainment
Nanny,Charity,Other
Neiman Marcus,Sunglasses,Shopping
Seafood Market,,Food & Drink
POS PURCHASE Tonkotsu Ramen SYDNEY,,Food & Drink
National Car Rental,Supercharger,Transport
Baggage Fee,Airport lounge,Transport
LIVE NATION $153.03,,Entertainment
PHARMACY PURCHASE $55.04 Prescription,,Healthcare
DIVIDEND REFU $7860.93 IRS refund,,Income
CVS PHARMACY #7873 $1319.65,,Healthcare
QUEST DIAGNOSTICS $486.01,,Healthcare
ADP Payroll,Interest payment,Income
FedEx,geral,Other
RENT PAYMENT $656.81 Windows,,Housing
Ross Stores,Garden supplies,Shopping
Doctor,Lab results,Healthcare
Phone plan,Fiber,Bills & Utilities
LensCrafters,Medicine,Healthcare
QUEST DIAGNOSTICS $1215.22,,Healthcare
Johns Hopkins,Filling,Healthcare
Notary,divers,Other
PLAYSTATION STORE $154.72,,Entertainment
Water Company,Service fee,Bills & Utilities
Content subscription,Fitness class,Entertainment
AUTOPAY VERIZON WIRELESS $295.94 Subscription,,Bills & Utilities
DENTAL ASSOCIATES $695.26,,Healthcare
AMC THEATRES LONDON $30.00,,Entertainment
DIVIDEND SSDI $5312.42 Bond interest,,Income
Church,Misc purchase,Other
DIRECT DEPOSIT PAYROLL $8683.22,,Income
Ophthalmologist,Diabetic supplies,Healthcare
University,Cooking class,Education
Apartments.com,Remodel,Housing
QUEST DIAGNOSTICS $534.91 Therapy,,Healthcare
CARD 3532 PURCHASE Greggs Tea,,Food & Drink
Samsung,متجر,Shopping
APPLE STORE PURCHASE $352.24,,Shopping
Smoothie Bar,아침,Food & Drink
Fuel,Seat upgrade,Transport
U-Haul,Monthly rent,Housing
UDEMY COURSE $1765.71,,Education
Cash Back,退款,Income
AT&T Store,,Shopping
Tesco,午餐,Food & Drink
DIRECT DEBIT Frontier Communications $64.84,,Bills & Utilities
POS PURCHASE Bob Evans PARIS Takeout,,Food & Drink
LOWES #4481 $1976.76 Repair supplies,,Housing
Car Wash,Economy class,Transport
Junk Removal,Tax payment,Housing
SCHOOL PAYMENT $911.33 Tuition fee,,Education
CARD 0443 PURCHASE Pizza Hut Pasta,,Food & Drink
PHARMACY PURCHASE $997.81,,Healthcare
Pediatrician,,Healthcare
Wayfair,Wedding gift,Shopping
Mattress Store,Monthly mortgage,Housing
GoFundMe,Certification,Other
Walgreens,Urgent care,Healthcare
Freelance Client,erstattung,Income
PayPal,Gift card redemption,Income
Postmates Order STORE #8109 PURCHASE Quick bite,,Food & Drink
Souplantation,Family meal,Food & Drink
Tea House,저녁,Food & Drink
Moving Company,Monthly rent,Housing
METRO TRANSIT $583.62,,Transport
AMC THEATRES LOS ANGELES $41.31 Expansion,,Entertainment
Con Edison,abonnement,Bills & Utilities
UDEMY COURSE $1698.67 Tuition payment,,Education
LYFT RIDES $148.92,,Transport
Laundromat,Other expense,Other
WAL-MART SUPERCENTER #6073,,Shopping
Various,прочее,Other
National Grid,Utility bill,Bills & Utilities
CreativeLive,université,Education
Locksmith,Security,Housing
PARKING HOUSTON $603.58,,Transport
HOME DEPOT #5606 $1105.24,,Housing
AMAZON.COM PURCHASE $27.98 Toys,,Shopping
Realtor.com,,Housing
PLAYSTATION STORE $71.22,,Entertainment
Phone Bill,Annual premium,Bills & Utilities
METRO TRANSIT $665.89 Flight,,Transport
Gym,музыка,Entertainment
Grooming,geral,Other
Bonus Payment,Gig payment,Income
CVS PHARMACY #3627 $162.13,,Healthcare
Karaoke,кино,Entertainment
SKILLSHARE $287.14,,Education
Property Tax,Moving,Housing
WESTERN UNION $72.87 Transfer,,Other
NIKE.COM ORDER PURCHASE T-shirt,,Shopping
Test Prep,Student fee,Education
MAINTENANCE Property Management Co. $2759.75,,Housing
CVS PHARMACY #1151 $1330.08,,Healthcare
SCHOOL PAYMENT $210.75 Monthly subscription,,Education
Ramen Ichiran,Alcohol,Food & Drink
Restoration Hardware,Kitchenware,Shopping
Paycheck,Capital gains,Income
WALGREENS #8091 $347.38,,Healthcare
Guitar Lessons,Financial aid,Education
Brake Service,,Transport
PG&E ELECTRIC $154.87,,Bills & Utilities
PHARMACY PURCHASE $886.88,,Healthcare
Rent Payment,주택담보대출,Housing
Amazon,Beauty products,Shopping
Gas Bill,Security system,Bills & Utilities
Art School,大学,Education
UPS SHIPPING $9.38,,Other
Starbucks,Latte,Food & Drink
Prada,Electronics,Shopping
MinuteClinic,hôpital,Healthcare
Discovery+,엔터테인먼트,Entertainment
WESTERN UNION $151.62 Top-up,,Other
Charity,Uncategorized,Other
CHEGG STUDY $1025.83,,Education
British Airways,Uber,Transport
DELTA AIR LINES $583.42 Round trip,,Transport
CVS PHARMACY #4450 $445.41 Crown,,Healthcare
Binance,,Income
SCHOOL PAYMENT $1551.08,,Education
GOVERNMENT PAYMENT $81.62,,Other
Lab work,Medical supplies,Healthcare
Gym Membership,Monthly fee,Bills & Utilities
UBER *TRIP $142.10 Oil change,,Transport
Opera,игры,Entertainment
ADT,Broadband,Bills & Utilities
Brake Service,교통,Transport
Health insurance copay,طبي,Healthcare
Budget Truck,Home improvement,Housing
Late Fee,Contribution,Other
RENT PAYMENT $1579.45,,Housing
IRS TREAS 310 TAX REF Coaching,,Income
TARGET T-9607 PURCHASE,,Shopping
Concert ticket,E-book,Entertainment
DIRECT DEBIT Court Payment $345.77 Maintenance fee,,Bills & Utilities
Amtrak,Parking daily,Transport
BEST BUY #5402 PHOENIX Scarf,,Shopping
HOSPITAL BILL $106.07,,Healthcare
United Way,общее,Other
Crypto Exchange,,Income
Pediatrician,médical,Healthcare
POS PURCHASE Smoothie Bar MUMBAI Beer,,Food & Drink
PG&E ELECTRIC $210.01,,Bills & Utilities
eBay,Office supplies,Shopping
Karaoke,Bowling night,Entertainment
Charter,Deductible,Bills & Utilities
DOORDASH *Tandoori Nights PURCHASE,,Food & Drink
TARGET T-5792 PURCHASE,,Shopping
PLAYSTATION STORE $127.94,,Entertainment
Airbnb,Paint,Housing
Textbook Store,bücher,Education
H&M,Pet supplies,Shopping
Tiffany & Co,متجر,Shopping
PARKING PHOENIX $116.83 Parking daily,,Transport
BEST BUY #5053 DUBAI,,Shopping
Amazon Locker,Unknown,Other
PLURALSIGHT $313.26,,Education
Buffalo Wild Wings,Smoothie,Food & Drink
Overstock,Skincare,Shopping
FEDEx SHIPPING $106.13,,Other
Wayfair,Belt,Shopping
H-E-B,Takeout,Food & Drink
Arby's,All-you-can-eat,Food & Drink
FlixBus,Tire rotation,Transport
Textbook Store,Dance class,Education
Internet Provider,Internet bill,Bills & Utilities
YouTube TV,Rental,Entertainment
Court Payment,Cloud storage,Bills & Utilities
Convenience Fee,Penalty,Other
KAISER PERMANENTE $1055.44,,Healthcare
Stationery,Lab fee,Education
Shein,vêtements,Shopping
Gym Membership,サブスクリプション,Bills & Utilities
GOVERNMENT PAYMENT $168.15,,Other
Flipkart,Retail,Shopping
Streaming service,영화,Entertainment
Vision Center,Specialist visit,Healthcare
Brinks,订阅,Bills & Utilities
D&D Session,Movie,Entertainment
Marco's Pizza,almoço,Food & Drink
METRO TRANSIT $79.94 Airline ticket,,Transport
WALGREENS #4107 $701.27,,Healthcare
Plumber,Move-in fee,Housing
Spotify,,Entertainment
LYFT RIDES $411.30 Supercharger,,Transport
DEBIT PURCHASE Bloomingdale's Phone case,,Shopping
Angi,,Housing
MISC PURCHASE $99.90 Various,,Other
Prescription,医疗,Healthcare
TaskRabbit,Appliance,Housing
TARGET T-2437 PURCHASE,,Shopping
WALGREENS #7382 $650.25,,Healthcare
BANK FEE $183.05 Dry cleaning,,Other
Etsy,,Income
Deutsche Bahn,Lyft,Transport
MEDICAL CENTER $96.17 Contacts,,Healthcare
EXXON MOBIL #1855,,Transport
Brilliant,Financial aid,Education
STATE TREASURY REFUND Cash back reward,,Income
ACH CREDIT 401k Distribution,,Income
LIVE NATION $68.72,,Entertainment
LOWES #1708 $2781.85 Home insurance,,Housing
Home Depot,Office supplies,Shopping
ONLINE PURCHASE Dutch Bros.COM,,Food & Drink
POS PURCHASE Burger King NEW YORK Snack,,Food & Drink
In-N-Out Burger,Brunch,Food & Drink
First Aid,Pet medication,Healthcare
KAISER PERMANENTE $1150.99 Dental work,,Healthcare
PG&E ELECTRIC $323.00 Family plan,,Bills & Utilities
Social Security,Points redemption,Income
UNITED AIRLINES $41.34 Charging,,Transport
PLURALSIGHT $1445.44 Data science course,,Education
In-N-Out Burger,Cake,Food & Drink
SPOTIFY USA $130.87 Festival,,Entertainment
Trainline,Daily commute,Transport
iHeartRadio,musique,Entertainment
Smart Lock,Garden,Housing
RENT PAYMENT $2245.98 Furniture,,Housing
SPOTIFY USA $15.79 Music streaming,,Entertainment
MEDICAL CENTER $1070.86,,Healthcare
ONLINE PURCHASE Tonkotsu Ramen.COM Seafood,,Food & Drink
HOME DEPOT.COM $1607.47,,Housing
Car Rental,,Transport
HOME DEPOT #8870 $1082.37,,Housing
Community College,Tuition,Education
Instituto Cervantes,Study material,Education
Home Security,abonnement,Bills & Utilities
Publix STORE #4614 PURCHASE,,Food & Drink
HOA DUES $1258.21,,Housing
Vivid Seats,cinema,Entertainment
Ambulance,Vaccination,Healthcare
Notary,Certification,Other
Severance,zahlung,Income
Trader Joe's,Alcohol,Food & Drink
Pharmacy,Urgent care,Healthcare
Alamo,,Transport
STOCK SALE RETA $3845.36,,Income
Smart Lock,Rent,Housing
UNIVERSITY TUITION $1639.27,,Education
Box,,Bills & Utilities
Maid Brigade,Paint,Housing
Omio,Uber,Transport
AMC Theatres,娱乐,Entertainment
WALGREENS #7924 $75.74,,Healthcare
WAL-MART SUPERCENTER #4874 Fragrance,,Shopping
Copy Shop,Other,Other
COMCAST CABLE $161.31,,Bills & Utilities
Wire Transfer Fee,一般,Other
EXXON MOBIL #2212 Annual pass,,Transport
Hack Reactor,Technology fee,Education
AMC Theatres,Expansion,Entertainment
NETFLIX.COM $180.67 Festival,,Entertainment
Apartments.com,Roofing,Housing
PLURALSIGHT $365.47,,Education
DIRECT DEPOSIT PAYROLL $4309.14 Freelance work,,Income
Best Buy,घर,Shopping
SPOTIFY USA $126.53,,Entertainment
SCHOOL PAYMENT $678.24,,Education
STATE TREASURY REFUND Claim settlement,,Income
Habitat for Humanity,Uncategorized,Other
MEDICAL CENTER $86.97 Vitamins,,Healthcare
Accountant,その他,Other
Panera Bread,Sushi,Food & Drink
BOOK STORE $431.93,,Education
POS PURCHASE Dave & Buster's DUBAI,,Food & Drink
Casino,Museum visit,Entertainment
YouTube Premium,Music,Entertainment
LOWES #1595 $1926.66,,Housing
freeCodeCamp,universität,Education
Pet Store,Certification,Other
Cash Back,Interest payment,Income
STEAM PURCHASE $22.10 Manicure,,Entertainment
CVS PHARMACY #1671 $1166.41,,Healthcare
PLURALSIGHT $842.01,,Education
Naan Stop,Quick bite,Food & Drink
STEAM PURCHASE $28.62,,Entertainment
Junk Removal,Smart home,Housing
Dior,Wedding gift,Shopping
HOSPITAL BILL $683.37 Hospital stay,,Healthcare
LIVE NATION $194.81 Fair,,Entertainment
PURCHASE AUTHORIZED Del Taco $35.92,,Food & Drink
Pluralsight,Certification,Education
Storage Unit,Airbnb stay,Housing
DEBIT PURCHASE Shein Kitchenware,,Shopping
AUTOPAY VERIZON WIRELESS $294.78 Installation fee,,Bills & Utilities
Data plan,assurance,Bills & Utilities
Psychiatrist,Procedure,Healthcare
Vitamins,Flu shot,Healthcare
XBOX LIVE $23.38 Audiobook,,Entertainment
401k Distribution,зарплата,Income
YouTube Music,मनोरंजन,Entertainment
BioReference,Retainer,Healthcare
Grooming,Babysitting,Other
Season Pass,DLC,Entertainment
Butcher Shop,Afternoon tea,Food & Drink
Harvard Extension,Tuition,Education
Apartment,Rent,Housing
Orkin,Paint,Housing
Conference,Test preparation,Education
Micro Center,magasin,Shopping
Dry Cleaners,,Other
Wingstop,コーヒー,Food & Drink
KAISER PERMANENTE $404.16 Vitamins,,Healthcare
SKILLSHARE $357.10,,Education
SHELL OIL SYDNEY #3125,,Transport
Pet Boarding,Transfer,Other
Sears Optical,Extraction,Healthcare
Tim Hortons SUBSCRIPTION RENEWAL Latte,,Food & Drink
Spotify,Facial,Entertainment
Casino,सामान्य,Other
LIVE NATION $94.70,,Entertainment
Extra Space,Lease payment,Housing
Concert ticket,映画,Entertainment
Dick's Sporting Goods,eletrônicos,Shopping
XBOX LIVE $74.76 Manicure,,Entertainment
Spotify,Season pass,Entertainment
VRBO,Maid service,Housing
HOSPITAL BILL $1144.58,,Healthcare
Sewer Bill,Broadband,Bills & Utilities
Continuing Education,学校,Education
HOSPITAL BILL $71.21,,Healthcare
Contractor,Storage,Housing
LensCrafters,Extraction,Healthcare
Paycheck,ingresos,Income
HOA Payment,Smart home,Housing
EXXON MOBIL #5982 Ride share,,Transport
H&M,Microtransaction,Shopping
Blood test,Dental checkup,Healthcare
HOME DEPOT.COM $2409.59 Vacation rental,,Housing
Seminar,Cooking class,Education
Copy Shop,Top-up,Other
Codecademy,éducation,Education
DOORDASH *Shake Shack PURCHASE Lunch,,Food & Drink
UPS SHIPPING $103.46,,Other
COMCAST CABLE $23.30,,Bills & Utilities
Sewer Bill,Late fee,Bills & Utilities
Cardiologist,Emergency,Healthcare
Temu,Digital purchase,Shopping
ONLINE PURCHASE Smoothie King.COM,,Food & Drink
Qatar Airways,Checked bag,Transport
QUEST DIAGNOSTICS $1027.26,,Healthcare
PARKING SAO PAULO $458.62 Long distance ride,,Transport
Disney+,Cable,Bills & Utilities
Live Nation,Live music,Entertainment
Miscellaneous,Fine payment,Other
Apple Store,Gift,Shopping
PLAYSTATION STORE $82.76 Concert,,Entertainment
SCHOOL PAYMENT $1627.62,,Education
FiOS,factures,Bills & Utilities
Flooring,Repair supplies,Housing
Microsoft 365,订阅,Bills & Utilities
HOME DEPOT #4406 $827.25,,Housing
Trulia,बंधक,Housing
Overdraft Fee,General expense,Other
SNCF,In-flight meal,Transport
POS PURCHASE Butcher Shop SEOUL,,Food & Drink
Hobby,Film,Entertainment
PG&E,Water bill,Bills & Utilities
Ross Stores,Outdoor gear,Shopping
PARKING SINGAPORE $210.17,,Transport
Cinemark,cine,Entertainment
Craigslist Housing,hogar,Housing
Workshop,образование,Education
Gym,,Entertainment
Apple TV+,Series,Entertainment
Berlitz,Lifetime access,Education
FiOS,Subscription,Bills & Utilities
Apple,,Shopping
Refund,Refund,Income
QUEST DIAGNOSTICS $634.80,,Healthcare
DEBIT PURCHASE Dollar Tree Kitchenware,,Shopping
DEBIT CARD PURCHASE Bun Bo Hue Milkshake,,Food & Drink
PG&E ELECTRIC $301.25 Service fee,,Bills & Utilities
Clinic,médical,Healthcare
PLAYSTATION STORE $6.79 Podcast,,Entertainment
Orkin,Property tax,Housing
METRO TRANSIT $443.50 Brake pads,,Transport
MinuteClinic,krankenhaus,Healthcare
State Tax Refund,,Income
DataCamp,Data science course,Education
QUEST DIAGNOSTICS $173.83,,Healthcare
UBER EATS *Little Caesars PURCHASE,,Food & Drink
Nationwide,seguro,Bills & Utilities
PURCHASE AUTHORIZED Nando's $80.29 Latte,,Food & Drink
UBER EATS *Sweetgreen PURCHASE,,Food & Drink
BOOK STORE $1990.06 Diploma,,Education
EA Play,cine,Entertainment
CHEGG STUDY $1183.62 Fellowship,,Education
Kindle,Audiobook,Entertainment
E-ZPass,táxi,Transport
EXXON MOBIL #1313,,Transport
Dick's Sporting Goods,Gadgets,Shopping
School Supplies,bildung,Education
Window Repair,Move-in fee,Housing
Peacock,موسيقى,Entertainment
United Airlines,Flight,Transport
T-MOBILE AUTOPAY $68.20,,Bills & Utilities
DIRECT DEBIT USAA $323.72 Family plan,,Bills & Utilities
PHARMACY PURCHASE $563.38 Physical exam,,Healthcare
AT&T,Recurring charge,Bills & Utilities
Cisco Learning,курс,Education
Panera Bread,Seafood,Food & Drink
Hertz,,Transport
Coursera,Tuition fee,Education
DEBIT PURCHASE JOANN Gadgets,,Shopping
LYFT RIDES $782.53 Car rental,,Transport
PHARMACY PURCHASE $1389.73 Lab results,,Healthcare
Furniture Store,alquiler,Housing
TaskRabbit,Security,Housing
QUEST DIAGNOSTICS $1167.67,,Healthcare
Applebee's,Ice cream,Food & Drink
Airport,Oil change,Transport
BANK FEE $164.31,,Other
Realtor.com,Furniture,Housing
Vocational Training,,Education
DEBIT CARD PURCHASE Panda Express Catering order,,Food & Drink
Cox Communications,abonnement,Bills & Utilities
CARD 4005 PURCHASE Krispy Kreme Beer,,Food & Drink
CreativeLive,Swimming lesson,Education
Arcade,,Entertainment
Animal Hospital,مستشفى,Healthcare
OB/GYN,Procedure,Healthcare
UPS SHIPPING $3.67 Unknown,,Other
Under Armour,Apparel,Shopping
Facebook Marketplace,홈,Housing
Thai Basil,café da manhã,Food & Drink
Vision Center,병원,Healthcare
CVS PHARMACY #6189 $1334.85 Hospital stay,,Healthcare
Convenience Fee,Other,Other
Bond Maturity,Capital gains,Income
Codecademy,Online course,Education
Opera,стриминг,Entertainment
Prize Money,Settlement check,Income
Spirit,燃料,Transport
HOME DEPOT.COM $1554.36 Garden,,Housing
Macy's,Clothing,Shopping
Vitamins,Root canal,Healthcare
Consulting Fee,,Income
Cisco Learning,Student loan,Education
Property Management Co.,Tax payment,Housing
CompTIA,Certification,Education
T-MOBILE AUTOPAY $95.96 Convenience fee,,Bills & Utilities
Hardwood,Security,Housing
STEAM PURCHASE $6.87,,Entertainment
HomeAdvisor,Contractor,Housing
COURSERA PURCHASE $1644.74 Tech course,,Education
Lease,Move-in fee,Housing
DIRECT DEPOSIT PAYROLL $5651.01,,Income
Lawyer,Misc purchase,Other
HOA DUES $2184.57,,Housing
GOVERNMENT PAYMENT $136.53,,Other
Prize Money,pago,Income
QUEST DIAGNOSTICS $1292.80,,Healthcare
PROPERTY TAX $732.76,,Housing
UPS SHIPPING $7.42,,Other
Seafood Market,Juice,Food & Drink
Grubhub Order,Latte,Food & Drink
Maid Brigade,Security deposit,Housing
PAYPAL TRANSFER $5128.02,,Income
Mosquito Control,wohnung,Housing
XBOX LIVE $196.82,,Entertainment
QUEST DIAGNOSTICS $709.86,,Healthcare
BOOK STORE $1386.69,,Education
EXXON MOBIL #2233,,Transport
Alamo,タクシー,Transport
Adobe Creative Cloud,Broadband,Bills & Utilities
Mount Sinai,Diabetic supplies,Healthcare
Squarespace,Side hustle,Income
Sport Rehab,Supplement,Healthcare
E-ZPass,essence,Transport
POS PURCHASE Cava NEW YORK Holiday dinner,,Food & Drink
DIVIDEND CRYP $5205.93,,Income
Instituto Cervantes,bücher,Education
Aspen Dental,Root canal,Healthcare
Contractor,Landscaping,Housing
QUEST DIAGNOSTICS $1408.84,,Healthcare
Sonic,Sushi,Food & Drink
Temu,,Shopping
NETFLIX.COM $89.67,,Entertainment
SHELL OIL SEOUL #1473,,Transport
Binance,Donation received,Income
Spotify,Monitoring fee,Bills & Utilities
Plumbing,Airbnb stay,Housing
DEBIT PURCHASE Marketplace Order Makeup,,Shopping
SeatGeek,развлечения,Entertainment
STOCK SALE FIVE $359.45,,Income
Zaxby's,Sushi,Food & Drink
ONLINE PURCHASE Pizza Place.COM,,Food & Drink
Software,Cloud subscription,Shopping
WESTERN UNION $184.81,,Other
SCHOOL PAYMENT $1828.87,,Education
CVS Pharmacy,Hospital stay,Healthcare
Macy's,Subscription box,Shopping
LYFT RIDES $362.52,,Transport
Dropbox,страховка,Bills & Utilities
AUTOPAY VERIZON WIRELESS $184.25 Subscription,,Bills & Utilities
First Aid,歯科,Healthcare
Peloton,Internet,Bills & Utilities
Parking,Infraction,Other
Escape Room,Podcast,Entertainment
Southwest Airlines,Lyft,Transport
UPS SHIPPING $130.81,,Other
Disney+,खेल,Entertainment
SPOTIFY USA $193.41,,Entertainment
Princeton Review,Lab fee,Education
Model building,Pay-per-view,Entertainment
PLURALSIGHT $54.03 Learning,,Education
Concert,Theatre,Entertainment
Emergency room,Supplement,Healthcare
Cathay Pacific,EV charging,Transport
TICKETMASTER $129.29,,Entertainment
Bet,divers,Other
QUEST DIAGNOSTICS $215.65,,Healthcare
Season Pass,Training session,Entertainment
CrossFit,Processing fee,Bills & Utilities
First American,주택담보대출,Housing
PARKING DUBAI $254.86,,Transport
Physical Therapy,Orthodontist,Healthcare
National Grid,Software subscription,Bills & Utilities
Car Wash,Diesel,Transport
BEST BUY #2227 SAO PAULO,,Shopping
HOA DUES $1144.12,,Housing
NETFLIX.COM $57.04 Karaoke night,,Entertainment
Texas Roadhouse,コーヒー,Food & Drink
Home Depot,Home improvement,Shopping
DEBIT PURCHASE Apple Hardware,,Shopping
Planned Parenthood,Surgery,Healthcare
Walmart SUBSCRIPTION RENEWAL,,Food & Drink
Recycling,账单,Bills & Utilities
Camera equipment,streaming,Entertainment
Furniture Store,Packing,Housing
PG&E ELECTRIC $306.25,,Bills & Utilities
Plant Store,Unit rental,Other
HOME DEPOT.COM $853.61 Lease payment,,Housing
Amazon Prime,Family plan,Bills & Utilities
Trust Distribution,Dividend payment,Income
DEBIT CARD PURCHASE Nothing Bundt Cakes,,Food & Drink
POS PURCHASE Costco SINGAPORE Weekly groceries,,Food & Drink
DEBIT CARD PURCHASE Genki Sushi,,Food & Drink
Recycling,Cable,Bills & Utilities
PG&E,Electric bill,Bills & Utilities
Live Nation,Annual plan,Entertainment
Settlement,Points redemption,Income
Best Buy,购物,Shopping
Nationwide,Gas bill,Bills & Utilities
TICKETMASTER $101.20,,Entertainment
PLURALSIGHT $265.99 Course,,Education
STATE FARM INS $58.51,,Bills & Utilities
DIRECT DEBIT HOA Dues $281.30,,Bills & Utilities
Bet,Postage,Other
HOME DEPOT.COM $1855.25,,Housing
Public Storage,Lawn mowing,Housing
AT&T,utilidades,Bills & Utilities
UBER EATS *Insomnia Cookies PURCHASE Afternoon tea,,Food & Drink
TICKETMASTER $48.29,,Entertainment
WESTERN UNION $73.92 Handling,,Other
Uber,reise,Transport
NETFLIX.COM $70.81 Open mic,,Entertainment
VENMO CASHOUT $4030.37 Claim settlement,,Income
Tidal,Game purchase,Entertainment
Freenow,وقود,Transport
Consulting Fee,salaire,Income
Adobe Creative Cloud,utilidades,Bills & Utilities
Concert ticket,,Entertainment
DELTA AIR LINES $392.70,,Transport
Cava,Business lunch,Food & Drink
HOME DEPOT #2740 $1933.86,,Housing
Bolt,Monthly transit,Transport
WAL-MART SUPERCENTER #4180 T-shirt,,Shopping
AMC THEATRES MUMBAI $58.89,,Entertainment
CVS Pharmacy,Dental cleaning,Healthcare
ONLINE PURCHASE Trader Joe's.COM Steak,,Food & Drink
Flooring,hypothek,Housing
West End,Monthly subscription,Entertainment
ADT,구독,Bills & Utilities
Toll,Misc purchase,Other
ATM WITHDRAWAL FEE Damage payment,,Other
T-MOBILE AUTOPAY $182.76,,Bills & Utilities
IRCTC,Premium gas,Transport
PLURALSIGHT $152.21 Guitar lesson,,Education
Cisco Learning,Spanish class,Education
Rainforest Cafe,petit-déjeuner,Food & Drink
Spectrum,Security system,Bills & Utilities
Grab,avion,Transport
HOME DEPOT #6179 $1374.21 Electrician,,Housing
GOVERNMENT PAYMENT $22.09 Kennel,,Other
PLURALSIGHT $1904.51 Tech course,,Education
LYFT RIDES $488.43 Brake pads,,Transport
Bolt,燃料,Transport
Rail Europe,Airline ticket,Transport
H-E-B,restaurant,Food & Drink
Dry Cleaners,Replacement,Other
XBOX LIVE $28.15,,Entertainment
AT&T,Fiber,Bills & Utilities
SKILLSHARE $1669.04,,Education
Seafood Market SUBSCRIPTION RENEWAL,,Food & Drink
Blood test,Crown,Healthcare
Sale Proceeds,Refund,Income
Moving Company,Maintenance,Housing
PHARMACY PURCHASE $1324.87,,Healthcare
Walgreens,Skincare,Shopping
VENMO CASHOUT $4072.62 Insurance payout,,Income
freeCodeCamp,universidad,Education
DELTA AIR LINES $202.55,,Transport
IKEA,compras,Shopping
ONLINE PURCHASE Tonkotsu Ramen.COM Counter service,,Food & Drink
Deezer,Series,Entertainment
Workshop,Fellowship,Education
H&M,kleidung,Shopping
UBER EATS *Deli PURCHASE,,Food & Drink
Improv,موسيقى,Entertainment
AMAZON.COM PURCHASE $432.64 Beauty products,,Shopping
PLURALSIGHT $543.97 Degree program,,Education
GEICO PAYMENT $195.78 Phone bill,,Bills & Utilities
PHARMACY PURCHASE $1363.90 Medical bill,,Healthcare
HOSPITAL BILL $936.83 CPAP supplies,,Healthcare
Casino,Accounting,Other
BANK FEE $193.51 Fine payment,,Other
BP Pulse,Parking fee,Transport
Car Rental,Taxi,Transport
Veterinarian,अस्पताल,Healthcare
RECURRING PAYMENT CrossFit,,Bills & Utilities
ONLINE PURCHASE Tesco.COM Juice,,Food & Drink
SPOTIFY USA $175.37,,Entertainment
Planned Parenthood,Urgent care,Healthcare
APPLE STORE PURCHASE $105.30,,Shopping
COURSERA PURCHASE $1038.07 Cooking class,,Education
Radiology Associates,Follow-up,Healthcare
CHEGG STUDY $494.12 Practice exam,,Education
SKILLSHARE $262.54 Yoga class,,Education
Health insurance copay,अस्पताल,Healthcare
Lyft,transport,Transport
BANK FEE $121.87 Childcare,,Other
PURCHASE AUTHORIZED Safeway $56.39,,Food & Drink
BEST BUY #9545 SINGAPORE Gadgets,,Shopping
Plumbing,Maid service,Housing
PARKING HOUSTON $66.68 Airport shuttle,,Transport
Cleaning Service,hogar,Housing
STEAM PURCHASE $102.45,,Entertainment
PARKING MUMBAI $246.11,,Transport
Seminar,Art class,Education
DEBIT CARD PURCHASE Rainforest Cafe,,Food & Drink
Greyhound,viaje,Transport
Prada,متجر,Shopping
Kaiser Permanente,Hospital stay,Healthcare
Budget,топливо,Transport
METRO TRANSIT $727.57,,Transport
POS PURCHASE Moe's Southwest Grill CHICAGO Seafood,,Food & Drink
PARKING HOUSTON $113.34,,Transport
APPLE STORE PURCHASE $235.41,,Shopping
BEST BUY #2460 TORONTO Beauty products,,Shopping
P.F. Chang's,Burrito,Food & Drink
DEBIT CARD PURCHASE Qdoba,,Food & Drink
Penske,Maid service,Housing
Improv,영화,Entertainment
Tidal,Annual plan,Entertainment
Government,其他,Other
HOA DUES $2543.00 Renovation,,Housing
DIVIDEND FREE $7800.71 Consulting,,Income
DENTAL ASSOCIATES $890.68 Emergency,,Healthcare
License Renewal,université,Education
MAINTENANCE Orkin $2817.72 Maid service,,Housing
Bank of America,Coaching,Income
ONLINE PURCHASE Bob Evans.COM Happy hour,,Food & Drink
Parking Meter,Parking daily,Transport
West Elm,shopping,Shopping
Ola,Tire rotation,Transport
HOSPITAL BILL $1483.23 Extraction,,Healthcare
Half Price Books,,Shopping
Nike,Slippers,Shopping
TaskRabbit,Storage,Housing
COURSERA PURCHASE $288.92,,Education
Parking Meter,Regular gas,Transport
Rite Aid,电子产品,Shopping
SKILLSHARE $939.42 Diploma,,Education
Plant Store,Penalty,Other
HOA DUES $2147.08 Garden,,Housing
T-Mobile,Service fee,Bills & Utilities
DELTA AIR LINES $548.72,,Transport
SKILLSHARE $595.55 Martial arts,,Education
SPOTIFY USA $55.37 Podcast,,Entertainment
Domino's,Groceries,Food & Drink
Zalando,منزل,Shopping
BANK FEE $42.75,,Other
Bet,Faxing,Other
Vivid Seats,Movie ticket,Entertainment
Sears Optical,Urgent care,Healthcare
LOWES #2780 $1437.83 Cleaning,,Housing
Reliant Energy,公用事业,Bills & Utilities
Babysitter,Lost item,Other
UBER *TRIP $780.05,,Transport
First American,Remodel,Housing
NETFLIX.COM $82.95 Bowling night,,Entertainment
STATE FARM INS $105.13,,Bills & Utilities
Hard Rock Cafe,Wrap,Food & Drink
UBER *TRIP $186.66,,Transport
APPLE STORE PURCHASE $199.24 Clothing,,Shopping
Disability,Holiday pay,Income
USPS POSTAGE $106.09 Unit rental,,Other
Bond Maturity,Stock dividend,Income
Greggs,Holiday dinner,Food & Drink
CareNow,Physical exam,Healthcare
VENMO CASHOUT $9465.02,,Income
Qdoba,Brunch,Food & Drink
State Farm,Recurring charge,Bills & Utilities
ONLINE ORDER Dollar General Holiday gift,,Shopping
Shopify,gehalt,Income
SHELL OIL NEW YORK #8348 First class,,Transport
Zaxby's,Cocktail,Food & Drink
PG&E,اشتراك,Bills & Utilities
T-MOBILE AUTOPAY $261.20,,Bills & Utilities
Termite Treatment,Contractor,Housing
Costa Coffee SUBSCRIPTION RENEWAL Afternoon tea,,Food & Drink
WESTERN UNION $21.46,,Other
DOORDASH *Bakery PURCHASE Snack,,Food & Drink
WAL-MART SUPERCENTER #3712,,Shopping
Barnes & Noble,Baby items,Shopping
Lowe's,аренда,Housing
ONLINE PURCHASE Ben & Jerry's.COM,,Food & Drink
PURCHASE AUTHORIZED Noodle Shop $35.20 Tea,,Food & Drink
Comcast,Internet,Bills & Utilities
Personal Trainer,음악,Entertainment
Quest Diagnostics,مستشفى,Healthcare
Family plan,تأمين,Bills & Utilities
Cable Bill,services,Bills & Utilities
Dairy Queen,,Food & Drink
APPLE STORE PURCHASE $453.38,,Shopping
Intellectual Property,आय,Income
Trade School,université,Education
WAL-MART SUPERCENTER #6234,,Shopping
Tax Payment,Water bill,Bills & Utilities
NETFLIX.COM $179.59,,Entertainment
Commission,Commission,Income
Nykaa,School supplies,Shopping
Maid Brigade,Windows,Housing
UPS SHIPPING $163.77,,Other
Royalty Payment,Award,Income
STATE FARM INS $329.17,,Bills & Utilities
Golden Corral,Burger,Food & Drink
Peet's Coffee,Wrap,Food & Drink
Little Caesars,Coffee,Food & Drink
Michaels,vêtements,Shopping
SHELL OIL SYDNEY #8241,,Transport
Content subscription,Facial,Entertainment
City Bus,택시,Transport
Hobby,بث,Entertainment
Shake Shack,Wrap,Food & Drink
VRBO,Repair,Housing
eBay,Pet supplies,Shopping
Peacock,entretenimento,Entertainment
METRO TRANSIT $317.69,,Transport
T-MOBILE AUTOPAY $104.60,,Bills & Utilities
ONLINE PURCHASE Golden Corral.COM Sandwich,,Food & Drink
PARKING HOUSTON $469.64 Oil change,,Transport
Maid Brigade,жилье,Housing
Storage,Fine payment,Other
Pet Store,Charity,Other
Monthly Pass,Uber,Transport
Shell Recharge,Highway toll,Transport
Lab work,Hospital stay,Healthcare
Upwork,급여,Income
UNIVERSITY TUITION $1630.22 Data science course,,Education
PROPERTY TAX $2267.70,,Housing
POS PURCHASE Marco's Pizza SINGAPORE,,Food & Drink
PURCHASE AUTHORIZED Shake Shack $53.61 Bowl,,Food & Drink
Enterprise Rent-A-Car,Alignment,Transport
USPS POSTAGE $196.81,,Other
Window Repair,,Housing
NETFLIX.COM $80.84 Fitness class,,Entertainment
DEBIT PURCHASE Micro Center Monitor,,Shopping
Parking,Tire rotation,Transport
DIRECT DEPOSIT PAYROLL $2870.58 Settlement check,,Income
Lidl,,Food & Drink
Retail Purchase,roupas,Shopping
Upwork,Rebate check,Income
UNITED AIRLINES $459.86 Ride share,,Transport
USPS POSTAGE $105.98 ATM,,Other
STATE TREASURY REFUND IRS refund,,Income
CHEGG STUDY $527.56 Language learning,,Education
Tesla Supercharger,Flight ticket,Transport
METRO TRANSIT $287.28 Oil change,,Transport
SpotHero,Daily commute,Transport
Tesco,عشاء,Food & Drink
CARD 3860 PURCHASE Five Guys Late night snack,,Food & Drink
Sauna,Live music,Entertainment
AMC THEATRES PHOENIX $71.82 Game night,,Entertainment
SeatGeek,Training session,Entertainment
Board Game Cafe,,Entertainment
Accountant,Childcare,Other
Consulting Fee,доход,Income
Civic,일반,Other
Charity,Laundry,Other
PAYPAL TRANSFER $325.78,,Income
FEDEx SHIPPING $98.35 Legal fee,,Other
BANK FEE $145.21,,Other
UBER EATS *Coffee Shop PURCHASE Water,,Food & Drink
AT&T,Gas bill,Bills & Utilities
Stationery,Loan payment,Education
ONLINE ORDER HomeGoods,,Shopping
STATE FARM INS $80.72,,Bills & Utilities
Seminar,강좌,Education
Regal Cinemas,ترفيه,Entertainment
DENTAL ASSOCIATES $1411.35 Annual checkup,,Healthcare
AMC THEATRES SYDNEY $89.29,,Entertainment
AMAZON.COM PURCHASE $48.53,,Shopping
Dave & Buster's,Wrap,Food & Drink
Royalty Payment,devolución,Income
Zillow,Home insurance,Housing
Yo! Sushi,Beer,Food & Drink
SunPass,Supercharger,Transport
Imaging Center,Medicine,Healthcare
First Aid,Specialist visit,Healthcare
Snapchat,música,Entertainment
Bloomingdale's,Accessories,Shopping
U-Haul,Vacation rental,Housing
Chili's,Dessert,Food & Drink
Lottery Ticket,General expense,Other
iCloud,Late fee,Bills & Utilities
NETFLIX.COM $142.16,,Entertainment
Souplantation SUBSCRIPTION RENEWAL Takeout,,Food & Drink
NETFLIX.COM $195.53,,Entertainment
Microsoft Learn,Online course,Education
Robinhood,Claim settlement,Income
HOME DEPOT.COM $2152.47 Lease payment,,Housing
SAT Prep,विश्वविद्यालय,Education
FasTrak,出租车,Transport
CHEGG STUDY $1425.50,,Education
Myntra,تسوق,Shopping
DEBIT CARD PURCHASE KFC,,Food & Drink
PHARMACY PURCHASE $380.94,,Healthcare
Uber,avion,Transport
CVS PHARMACY #5688 $1304.23,,Healthcare
Deli,Sandwich,Food & Drink
CareNow,salud,Healthcare
SKILLSHARE $1759.70,,Education
La Taqueria,dîner,Food & Drink
Dior,إلكترونيات,Shopping
TICKETMASTER $114.58 Fair,,Entertainment
UBER EATS *Wine Shop PURCHASE Family meal,,Food & Drink
DataCamp,शिक्षा,Education
Brinks,구독,Bills & Utilities
Donation,Unit rental,Other
Electrify America,,Transport
IRS TREAS 310 TAX REF Contract work,,Income
USPS,Delivery,Other
Rite Aid,salud,Healthcare
Zelle,आय,Income
Rental Income,دفعة,Income
Cash Back,,Income
IRS TREAS 310 TAX REF Claim settlement,,Income
Government,Top-up,Other
Conference,Martial arts,Education
Nightclub,Live show,Entertainment
UBER *TRIP $395.98 Regular gas,,Transport
Netflix,Streaming subscription,Entertainment
DOORDASH *Hard Rock Cafe PURCHASE,,Food & Drink
BANK FEE $134.54,,Other
401k Distribution,Overtime,Income
PG&E,請求書,Bills & Utilities
APPLE STORE PURCHASE $126.48 Birthday gift,,Shopping
Dollar Tree,магазин,Shopping
Apple Music,Music,Entertainment
DEBIT CARD PURCHASE Papa John's Cocktail,,Food & Drink
SKILLSHARE $347.40,,Education
ACH CREDIT Rebate,,Income
MasterClass,universität,Education
UNIVERSITY TUITION $825.05,,Education
Amazon Locker,Storage rental,Other
GEICO PAYMENT $143.28 Security system,,Bills & Utilities
DENTAL ASSOCIATES $590.72 X-ray,,Healthcare
VENMO CASHOUT $802.82,,Income
Mall,Shopping,Shopping
Princeton Review,Enrollment,Education
Surgery,치과,Healthcare
HOME DEPOT #9945 $1512.72,,Housing
DEBIT CARD PURCHASE Marco's Pizza Iced Coffee,,Food & Drink
Freelance Client,Shop earnings,Income
TARGET T-8974 PURCHASE,,Shopping
PLURALSIGHT $1902.04 Art class,,Education
UNIVERSITY TUITION $309.28 Textbook,,Education
Roofing,Garden,Housing
Cleaning Service,Shipping,Housing
HOSPITAL BILL $1376.47,,Healthcare
Optometrist,歯科,Healthcare
ACH CREDIT IRS,,Income
VENMO CASHOUT $8744.17,,Income
COURSERA PURCHASE $955.00,,Education
UDEMY COURSE $162.09,,Education
Charles Schwab,Royalties,Income
PARKING CHICAGO $10.76,,Transport
Health Center,pharmacie,Healthcare
BANK FEE $189.63 Stamp,,Other
Newegg,Wedding gift,Shopping
LOWES #1271 $2935.88,,Housing
Toll,Monthly subscription,Other
AMC THEATRES PHOENIX $176.26,,Entertainment
COURSERA PURCHASE $403.70,,Education
B&H Photo,购物,Shopping
PLURALSIGHT $827.68 Guitar lesson,,Education
BEST BUY #6462 SYDNEY,,Shopping
Prize Money,оплата,Income
BOOK STORE $606.30 Grant,,Education
Pottery Barn,Jacket,Shopping
LYFT RIDES $630.28,,Transport
ER visit,Counseling,Healthcare
Art Gallery,娱乐,Entertainment
Toll,Faxing,Other
Consulting Fee,Bonus,Income
Michaels,Watch,Shopping
KAISER PERMANENTE $47.85 Therapy,,Healthcare
UNIVERSITY TUITION $1683.27 Application fee,,Education
Pandora,musik,Entertainment
COMCAST CABLE $260.85,,Bills & Utilities
HOME DEPOT.COM $2728.52,,Housing
Exxon,One way,Transport
AUTOPAY VERIZON WIRELESS $282.25,,Bills & Utilities
DOORDASH *Hardee's PURCHASE,,Food & Drink
TARGET T-2721 PURCHASE Sports equipment,,Shopping
Louis Vuitton,Charger,Shopping
Lime,поездка,Transport
BEST BUY #4081 MUMBAI Game purchase,,Shopping
Micro Center,Accessories,Shopping
Tax Payment,Maintenance fee,Bills & Utilities
Gratuity,환급,Income
TICKETMASTER $104.64,,Entertainment
PG&E ELECTRIC $174.58 Maintenance fee,,Bills & Utilities
RENT PAYMENT $2450.89,,Housing
Prepaid Card,متنوع,Other
FEDEx SHIPPING $96.09,,Other
TARGET T-8282 PURCHASE Sandals,,Shopping
WESTERN UNION $9.96,,Other
BEST BUY #1454 TOKYO Watch,,Shopping
POS PURCHASE Arby's SAO PAULO Date night,,Food & Drink
Gas Bill,Monthly premium,Bills & Utilities
Chipotle Mexican Grill,Cake,Food & Drink
Direct Energy,,Bills & Utilities
E-commerce Purchase,kleidung,Shopping
PHARMACY PURCHASE $430.44 Blood work,,Healthcare
AUTOPAY VERIZON WIRELESS $223.85 Insurance,,Bills & Utilities
TARGET T-3494 PURCHASE,,Shopping
Crate & Barrel,إلكترونيات,Shopping
PG&E ELECTRIC $299.48,,Bills & Utilities
Retail Store,Daily purchase,Other
MEDICAL CENTER $341.00,,Healthcare
BANK FEE $97.37 Legal fee,,Other
UPS SHIPPING $183.39,,Other
Apple Store,,Shopping
Chili's,,Food & Drink
Cedars-Sinai,Braces,Healthcare
AUTOPAY VERIZON WIRELESS $61.14 Auto-pay,,Bills & Utilities
PURCHASE AUTHORIZED Dutch Bros $4.06,,Food & Drink
Sylvan Learning,livres,Education
License Renewal,Student fee,Education
Thrift Store,Childcare,Other
OB/GYN,Root canal,Healthcare
Seafood Market,Tea,Food & Drink
APPLE STORE PURCHASE $24.73 Monitor,,Shopping
Tip,Insurance payout,Income
SPOTIFY USA $115.18 Comedy show,,Entertainment
UPS SHIPPING $138.96,,Other
E*Trade,возврат,Income
JioMart,Speaker,Shopping
DOORDASH *Little Caesars PURCHASE,,Food & Drink
Termite Treatment,Camera system,Housing
First Aid,medizinisch,Healthcare
Taxi,旅行,Transport
MISC PURCHASE $179.61,,Other
ASUS,Cable,Shopping
DIVIDEND BANK $4621.65 Monthly salary,,Income
CARD 4576 PURCHASE Smoothie Bar All-you-can-eat,,Food & Drink
Southwest Airlines,Brake pads,Transport
Direct Energy,facturas,Bills & Utilities
Buffalo Wild Wings STORE #9760 PURCHASE Birthday cake,,Food & Drink
AMC THEATRES NEW YORK $9.55,,Entertainment
Plant Store,Delivery,Other
Qdoba,Happy hour,Food & Drink
Paramount+,Digital purchase,Entertainment
GEICO PAYMENT $231.92 Gas bill,,Bills & Utilities
Grab,Parking fee,Transport
Car2Go,Seat upgrade,Transport
Hardee's,Sandwich,Food & Drink
American Airlines,Round trip,Transport
MORTGAGE PAYMENT $1598.31,,Housing
Mount Sinai,Medical bill,Healthcare
Gym,Facial,Entertainment
Etsy,T-shirt,Shopping
Insurance Premium,rechnungen,Bills & Utilities
POS PURCHASE Grubhub Order SINGAPORE Bowl,,Food & Drink
TICKETMASTER $90.62 Spa treatment,,Entertainment
Art School,Online learning,Education
DEBIT CARD PURCHASE Kroger Fresh produce,,Food & Drink
Water Park,Gym membership,Entertainment
PLAYSTATION STORE $159.75 Movie,,Entertainment
Warehouse,Filing fee,Other
STEAM PURCHASE $33.80 Premium subscription,,Entertainment
FEDEx SHIPPING $41.91,,Other
DENTAL ASSOCIATES $798.15,,Healthcare
DELTA AIR LINES $192.63 Gas,,Transport
Prize Money,退款,Income
USPS POSTAGE $7.98 Fine payment,,Other
Vocational Training,Lifetime access,Education
Pizza Hut,,Food & Drink
Neurologist,Root canal,Healthcare
United Airlines,Oil change,Transport
WALGREENS #1444 $1132.61,,Healthcare
Bonus,지급,Income
Verizon,보험,Bills & Utilities
Handyman,رهن عقاري,Housing
BEST BUY #4713 SEOUL Camping,,Shopping
Tea House,Weekly groceries,Food & Drink
Clinic,Consultation,Healthcare
Raising Cane's,Coffee,Food & Drink
MORTGAGE PAYMENT $2719.37,,Housing
STATE FARM INS $124.59 Service charge,,Bills & Utilities
BOOK STORE $1784.26,,Education
Tile,Cleaning,Housing
DEBIT CARD PURCHASE Dutch Bros,,Food & Drink
Conference,SAT prep,Education
Aspen Dental,Extraction,Healthcare
Pizza Place,Food,Food & Drink
Lease Payment,Taxi,Transport
UBER *TRIP $645.88,,Transport
HOME DEPOT.COM $699.32,,Housing
Postmates Order SUBSCRIPTION RENEWAL,,Food & Drink
Internet Bill,Mobile plan,Bills & Utilities
USPS POSTAGE $93.86 Various,,Other
Walgreens,salud,Healthcare
SKILLSHARE $1179.73,,Education
PLURALSIGHT $1718.40 Certification,,Education
Trader Joe's,Birthday cake,Food & Drink
Pad Thai Kitchen,Juice,Food & Drink
Specialty Store,Camping,Shopping
Instacart Grocery,아침,Food & Drink
UDEMY COURSE $626.46,,Education
National Car Rental,Daily commute,Transport
Electric Bill,Electric bill,Bills & Utilities
Restoration Hardware,,Shopping
Merry Maids,Lease payment,Housing
Facebook Marketplace,رهن عقاري,Housing
COURSERA PURCHASE $1544.25 Application fee,,Education
GOVERNMENT PAYMENT $148.01,,Other
Greyhound,Brake pads,Transport
Rebate,,Income
WESTERN UNION $76.10 Contribution,,Other
WAL-MART SUPERCENTER #8119,,Shopping
Nightclub,سينما,Entertainment
Apple,Slippers,Shopping
GOVERNMENT PAYMENT $26.13,,Other
Exxon,Fuel,Transport
Pet Hospital,Emergency,Healthcare
LYFT RIDES $667.11,,Transport
MEDICAL CENTER $1362.91,,Healthcare
Training Course,교육,Education
UDEMY COURSE $1485.95 Certificate program,,Education
Prada,Boots,Shopping
DEBIT CARD PURCHASE Pizza Place,,Food & Drink
UPS SHIPPING $67.65,,Other
Walmart,geschäft,Shopping
TARGET T-9711 PURCHASE Belt,,Shopping
State Tax Refund,Monthly salary,Income
BOOK STORE $1272.33,,Education
AAA,,Transport
CVS PHARMACY #6351 $1400.69,,Healthcare
HOA DUES $2267.52,,Housing
Coffee Shop,عشاء,Food & Drink
UPS SHIPPING $186.40,,Other
PHARMACY PURCHASE $790.40 Lab results,,Healthcare
PAYPAL TRANSFER $3277.73 Award,,Income
MEDICAL CENTER $1328.43 Physical exam,,Healthcare
Pluralsight,образование,Education
VENMO CASHOUT $9844.03 Consulting,,Income
Rental Income,Points redemption,Income
Tandoori Nights,Chicken,Food & Drink
LabCorp,Medicine,Healthcare
Security System,HOA fee,Housing
HOA DUES $749.73 Airbnb stay,,Housing
Walmart Pharmacy,farmácia,Healthcare
Gratuity,Side hustle,Income
T-MOBILE AUTOPAY $77.40,,Bills & Utilities
Plumber,vivienda,Housing
SPOTIFY USA $74.58,,Entertainment
Frontier,ईंधन,Transport
NIKE.COM ORDER PURCHASE Adapter,,Shopping
STOCK SALE FREE $7671.25,,Income
T-MOBILE AUTOPAY $331.34 Installation fee,,Bills & Utilities
RENT PAYMENT $1376.03,,Housing
GCP Training,大学,Education
Freenow,In-flight meal,Transport
AMC THEATRES SINGAPORE $145.15 Comedy show,,Entertainment
Bath & Body Works,電子機器,Shopping
AUTOPAY VERIZON WIRELESS $116.36 Mobile plan,,Bills & Utilities
Recycling,abonnement,Bills & Utilities
GOVERNMENT PAYMENT $43.39,,Other
Cleaning Service,loyer,Housing
Penalty,Prepaid load,Other
Guitar Lessons,SAT prep,Education
DIRECT DEPOSIT PAYROLL $6146.62 Award,,Income
SKILLSHARE $1059.53 Certification,,Education
PLURALSIGHT $1160.00 Tuition payment,,Education
Music album,Pedicure,Entertainment
DIRECT DEPOSIT PAYROLL $9400.74 Airbnb income,,Income
GEICO PAYMENT $216.29,,Bills & Utilities
BEST BUY #2671 CHICAGO,,Shopping
Comedy Club,Manicure,Entertainment
Coinbase,Royalties,Income
Overdraft Fee,Certification,Other
APPLE STORE PURCHASE $229.93,,Shopping
Cracker Barrel,Smoothie,Food & Drink
Auto Insurance,Auto payment,Transport
UNIVERSITY TUITION $1776.57,,Education
STATE FARM INS $197.75 Internet,,Bills & Utilities
DEBIT PURCHASE Nordstrom Wedding gift,,Shopping
Michael Kors,maison,Shopping
AWS Training,Coding bootcamp,Education
Nando's,Business lunch,Food & Drink
Circus,Training session,Entertainment
West End,Facial,Entertainment
NETFLIX.COM $81.49 Theatre,,Entertainment
UBER *TRIP $141.62,,Transport
Michaels,einkaufen,Shopping
GCP Training,コース,Education
SHELL OIL MUMBAI #7849,,Transport
Tutoring Center,Swimming lesson,Education
HOME DEPOT #8983 $737.73 Packing,,Housing
Vivint,Insurance,Bills & Utilities
Prepaid plan,مرافق,Bills & Utilities
Habitat for Humanity,Charity,Other
Water Bill,Administrative fee,Bills & Utilities
Longhorn Steakhouse,Meal,Food & Drink
Tax Payment,مرافق,Bills & Utilities
UBER *TRIP $498.26,,Transport
APPLE STORE PURCHASE $320.64 In-app purchase,,Shopping
WESTERN UNION $65.41 Tithe,,Other
Dividend Payment,Paycheck,Income
New Balance,電子機器,Shopping
Lidl,Counter service,Food & Drink
STATE FARM INS $232.12,,Bills & Utilities
CVS,,Shopping
Ambulance,LASIK,Healthcare
POS PURCHASE KFC CHICAGO,,Food & Drink
Peacock,Annual plan,Entertainment
ParkWhiz,Registration,Transport
In-N-Out Burger,Groceries,Food & Drink
Pawn Shop,Boarding,Other
XBOX LIVE $194.68 Game purchase,,Entertainment
Contractor,Plumber,Housing
Ulta Beauty,,Shopping
DIRECT DEBIT Hulu $299.50,,Bills & Utilities
DELTA AIR LINES $663.51,,Transport
HBO Max,música,Entertainment
Twitch,Game night,Entertainment
Employer Payroll,Paycheck,Income
Shell,One way,Transport
MAINTENANCE Lowe's $2822.15 Shipping,,Housing
Facebook Marketplace,reparación,Housing
Nothing Bundt Cakes,Family meal,Food & Drink
BP,transport,Transport
School,Technology fee,Education
Dog Walking,,Other
Lottery Ticket,各种,Other
Temu,ショッピング,Shopping
Plant Store,autres,Other
PURCHASE AUTHORIZED Smoothie King $34.51,,Food & Drink
RENT PAYMENT $1463.58,,Housing
Settlement,Paycheck,Income
AMC THEATRES BERLIN $68.60,,Entertainment
IKEA,Jacket,Shopping
Vet Clinic,Medical supplies,Healthcare
TICKETMASTER $181.98,,Entertainment
Babysitter,Replacement,Other
DOORDASH *Tesco PURCHASE,,Food & Drink
FEDEx SHIPPING $61.14,,Other
MRI,Counseling,Healthcare
COURSERA PURCHASE $1762.76,,Education
School,पाठ्यक्रम,Education
Comixology,Pay-per-view,Entertainment
Cleveland Clinic,,Healthcare
Postmates Order,Fries,Food & Drink
RECURRING PAYMENT AT&T Auto-pay,,Bills & Utilities
STEAM PURCHASE $190.82,,Entertainment
Rosetta Stone,Comedy show,Entertainment
AUTOPAY VERIZON WIRELESS $268.87,,Bills & Utilities
ADT,Cable,Bills & Utilities
National Grid,,Bills & Utilities
USAA,utilidades,Bills & Utilities
Escape Room,Series,Entertainment
Psychiatrist,Physical exam,Healthcare
Netflix,Broadband,Bills & Utilities
Religious Organization,Dry cleaning,Other
PLURALSIGHT $1931.47 Yoga class,,Education
Papa John's,,Food & Drink
METRO TRANSIT $222.04,,Transport
VENMO CASHOUT $1138.76,,Income
Dollar Tree,Boots,Shopping
VENMO CASHOUT $4213.66,,Income
Copy Shop,雑多,Other
Angi,수리,Housing
U-Haul,Windows,Housing
Overtime Pay,Airbnb income,Income
Shell,Gas,Transport
MAINTENANCE Painting $1414.80,,Housing
Instituto Cervantes,مدرسة,Education
TNT,Lost item,Other
APPLE STORE PURCHASE $7.89 Hat,,Shopping
Cinemark,Audiobook,Entertainment
UNITED AIRLINES $320.56 Gas,,Transport
Optometrist,Specialist visit,Healthcare
Dunkin',restaurante,Food & Drink
Dance Classes,Monthly subscription,Education
Mosquito Control,إيجار,Housing
Pool Service,Utility deposit,Housing
Chegg,Test preparation,Education
CVS PHARMACY #8102 $626.21 Emergency,,Healthcare
AMAZON.COM PURCHASE $236.96,,Shopping
HOME DEPOT #2001 $642.83,,Housing
Art Gallery,Video games,Entertainment
FEDEx SHIPPING $62.01,,Other
STEAM PURCHASE $157.75,,Entertainment
Costco,Cake,Food & Drink
Wheelchair,hôpital,Healthcare
Pawn Shop,geral,Other
DEBIT CARD PURCHASE Grubhub Order,,Food & Drink
Mini Golf,Theatre,Entertainment
PLAYSTATION STORE $25.76 Video games,,Entertainment
Deezer,Video games,Entertainment
Crate & Barrel,Gloves,Shopping
DIVIDEND SSDI $1411.44,,Income
COMCAST CABLE $97.73,,Bills & Utilities
Hulu,nebenkosten,Bills & Utilities
TJ Maxx,Belt,Shopping
Netflix,Insurance,Bills & Utilities
STOCK SALE SALE $3398.86,,Income
UPS SHIPPING $86.01,,Other
Parking,Airport transfer,Transport
Travelers,Gas bill,Bills & Utilities
TGI Friday's,Buffet,Food & Drink
PAYPAL TRANSFER $8877.64,,Income
Game Ticket,Museum visit,Entertainment
Miscellaneous,,Other
METRO TRANSIT $663.21 Car wash,,Transport
Apple Music,In-game purchase,Entertainment
Rebate,Settlement check,Income
MORTGAGE PAYMENT $702.86,,Housing
Paychex,paiement,Income
UPS SHIPPING $165.04,,Other
BEST BUY #5742 SINGAPORE Bracelet,,Shopping
Nothing Bundt Cakes SUBSCRIPTION RENEWAL Salad,,Food & Drink
BOOK STORE $825.84 Tech course,,Education
CARD 0319 PURCHASE Walmart Steak,,Food & Drink
Airbnb,Utility deposit,Housing
Toll,Flight,Transport
Pluralsight,школа,Education
Animal Hospital,farmácia,Healthcare
Various,Other expense,Other
PROPERTY TAX $1375.81,,Housing
CARD 9873 PURCHASE Smoothie King Salad,,Food & Drink
DIVIDEND TOPT $766.87,,Income
Apartment,Garden,Housing
CubeSmart,抵押贷款,Housing
Church,Legal fee,Other
Mattress Store,Vacation rental,Housing
DEBIT PURCHASE Ashley Furniture,,Shopping
Lufthansa,旅行,Transport
Crypto Exchange,Shop earnings,Income
WAL-MART SUPERCENTER #4593,,Shopping
Dell,电子产品,Shopping
SPOTIFY USA $106.54 Annual plan,,Entertainment
Dermatologist,Emergency,Healthcare
GEICO PAYMENT $44.63,,Bills & Utilities
JioMart,منزل,Shopping
Apartment,抵押贷款,Housing
Wayfair,Outdoor gear,Shopping
Consignment,Bank fee,Other
STATE TREASURY REFUND Patent income,,Income
Sushi Bar,ресторан,Food & Drink
SCHOOL PAYMENT $1720.15,,Education
GOVERNMENT PAYMENT $26.33,,Other
PLAYSTATION STORE $153.08,,Entertainment
Crate & Barrel,Electronics,Shopping
Roofing,住房,Housing
Adidas,Charger,Shopping
Mortgage,Furniture,Housing
Neiman Marcus,compras,Shopping
Stationery,教育,Education
Cinemark,kino,Entertainment
Coinbase,,Income
CrossFit,Monitoring fee,Bills & Utilities
Art School,Scholarship,Education
CVS PHARMACY #1751 $1064.74 Specialist visit,,Healthcare
SKILLSHARE $471.28,,Education
New Balance,Makeup,Shopping
SCHOOL PAYMENT $972.68 Lab fee,,Education
Moe's Southwest Grill,Fresh produce,Food & Drink
Women's Health Center,médical,Healthcare
Sweetgreen,Pizza,Food & Drink
VENMO CASHOUT $3673.65,,Income
Charter,versorgung,Bills & Utilities
Lowe's,किराया,Housing
MoneyGram,verschiedenes,Other
Kindle,Annual plan,Entertainment
DELTA AIR LINES $488.98,,Transport
Tutoring Center,SAT prep,Education
Termite Treatment,租金,Housing
Court Payment,Administrative fee,Bills & Utilities
Coinbase,IRS refund,Income
KAISER PERMANENTE $513.06,,Healthcare
Pet Emergency,Dental cleaning,Healthcare
QUEST DIAGNOSTICS $649.18 Counseling,,Healthcare
Kaplan,Lab fee,Education
SCHOOL PAYMENT $384.78 Enrollment,,Education
Cracker Barrel,Buffet,Food & Drink
Tailor,Notary,Other
Guitar Lessons,Monthly subscription,Education
Child Support,Monthly premium,Bills & Utilities
Book Store,Workshop,Education
DEBIT PURCHASE Dell,,Shopping
Electronics,Gadgets,Shopping
NETFLIX.COM $82.57,,Entertainment
Yoga,流媒体,Entertainment
METRO TRANSIT $258.95,,Transport
Yellow Cab,Street parking,Transport
PURCHASE AUTHORIZED Nothing Bundt Cakes $79.76,,Food & Drink
Stationery,Cooking class,Education
Peet's Coffee,Sushi,Food & Drink
McDonald's,Counter service,Food & Drink
Ocean State Job Lot,कपड़े,Shopping
Google Career Certificates,Swimming lesson,Education
Dairy Queen,Holiday dinner,Food & Drink
PAYPAL TRANSFER $4265.51,,Income
Reebok,einkaufen,Shopping
Tutoring Center,Martial arts,Education
Mechanic,Bridge toll,Transport
Google Workspace,servicios,Bills & Utilities
Crypto Exchange,지급,Income
Liberty Mutual,Water bill,Bills & Utilities
SAT Prep,Language learning,Education
HBO Max,영화,Entertainment
SCHOOL PAYMENT $1896.71 Guitar lesson,,Education
UBER *TRIP $691.29,,Transport
COURSERA PURCHASE $1303.91,,Education
UBER EATS *Thai Basil PURCHASE Birthday cake,,Food & Drink
Exxon,In-flight meal,Transport
Pay-per-view,بث,Entertainment
UDEMY COURSE $659.77 Tuition payment,,Education
APPLE STORE PURCHASE $167.79,,Shopping
PLURALSIGHT $595.95 Cooking class,,Education
Social Security,pago,Income
PURCHASE AUTHORIZED KFC $60.08,,Food & Drink
AT&T,Overdue payment,Bills & Utilities
Lufthansa,سفر,Transport
Airbnb,Rental income,Income
Legal Services,Dry cleaning,Other
Lawn Care,Maid service,Housing
Planned Parenthood,Procedure,Healthcare
Parking,Parking fee,Transport
Rite Aid,歯科,Healthcare
AUTOPAY VERIZON WIRELESS $285.06 Installation fee,,Bills & Utilities
Music School,Art class,Education
La Taqueria,comida,Food & Drink
Buffalo Wild Wings,merceria,Food & Drink
Codecademy,English class,Education
Bolt,viagem,Transport
Voucher,Storage rental,Other
Coursera,libros,Education
Angi,Airbnb stay,Housing
LIVE NATION $56.87 Documentary,,Entertainment
Rewards,Settlement check,Income
Miscellaneous,Gift card purchase,Other
GOVERNMENT PAYMENT $73.77,,Other
MEDICAL CENTER $1272.26 Braces,,Healthcare
Cracker Barrel,abendessen,Food & Drink
SPOTIFY USA $95.21 Film,,Entertainment
Dividend Payment,Gig payment,Income
Lease,Lawn mowing,Housing
Sprint,Processing fee,Bills & Utilities
MAINTENANCE Handyman $2067.88 Deep clean,,Housing
Microsoft Store,Cable,Shopping
LYFT RIDES $412.56,,Transport
Parking,أخرى,Other
Airport,viagem,Transport
Goethe Institut,Online course,Education
RECURRING PAYMENT Charter autopay,,Bills & Utilities
Attorney,Storage rental,Other
Notebooks,Learning,Education
LYFT RIDES $753.41 Inspection,,Transport
HOME DEPOT #4103 $1331.73,,Housing
T-MOBILE AUTOPAY $38.57,,Bills & Utilities
PLAYSTATION STORE $133.38,,Entertainment
MRI,Extraction,Healthcare
Employer Inc.,付款,Income
UPS SHIPPING $187.96 Gift card purchase,,Other
Republic Services,Processing fee,Bills & Utilities
Training Course,éducation,Education
Chipotle,Breakfast,Food & Drink
HOA DUES $1337.87 Lawn mowing,,Housing
Travelers,Broadband,Bills & Utilities
Medical Center,Blood work,Healthcare
WAL-MART SUPERCENTER #6084,,Shopping
Ecobee,Roofing,Housing
CHEGG STUDY $1999.56 Student loan,,Education
USPS POSTAGE $17.30,,Other
Gold's Gym,Internet,Bills & Utilities
Tax Payment,Late fee,Bills & Utilities
DoorDash Order,عشاء,Food & Drink
Therapy Session,Orthodontist,Healthcare
Urologist,X-ray,Healthcare
XBOX LIVE $112.66,,Entertainment
UDEMY COURSE $1466.03,,Education
XBOX LIVE $149.34,,Entertainment
Textbook Store,Tuition payment,Education
TICKETMASTER $175.90,,Entertainment
Karaoke,,Entertainment
WALGREENS #2869 $544.62 Pet vet visit,,Healthcare
STEAM PURCHASE $97.95,,Entertainment
Goethe Institut,Registration fee,Education
USPS POSTAGE $150.94,,Other
Transit Pass,One way,Transport
AMAZON.COM PURCHASE $408.98,,Shopping
Cava SUBSCRIPTION RENEWAL Bowl,,Food & Drink
Bird,Business class,Transport
Moving Company,hipoteca,Housing
IHOP STORE #5257 PURCHASE Smoothie,,Food & Drink
Tutoring Center,schule,Education
UBER *TRIP $317.44 Parking fee,,Transport
Zillow,Remodel,Housing
LYFT RIDES $439.61 Alignment,,Transport
AUTOPAY VERIZON WIRELESS $86.19,,Bills & Utilities
AUTOPAY VERIZON WIRELESS $59.37 monthly charge,,Bills & Utilities
T-MOBILE AUTOPAY $164.73,,Bills & Utilities
Rental Income,استرداد,Income
WESTERN UNION $198.96,,Other
Community Center,Penalty,Other
SCHOOL PAYMENT $1513.77 Student loan,,Education
In-N-Out Burger,Deli order,Food & Drink
DELTA AIR LINES $149.53 Inspection,,Transport
Under Armour,,Shopping
AMAZON.COM PURCHASE $365.42,,Shopping
USPS,عام,Other
Pad Thai Kitchen,Holiday dinner,Food & Drink
Greyhound,Inspection,Transport
Nest,Move-in fee,Housing
BOOK STORE $353.44,,Education
HOA DUES $2682.98,,Housing
XBOX LIVE $150.73,,Entertainment
CARD 5443 PURCHASE Publix Sushi,,Food & Drink
The Halal Guys,早餐,Food & Drink
DOORDASH *Postmates Order PURCHASE Drive-through,,Food & Drink
TICKETMASTER $63.83 Premium subscription,,Entertainment
STATE FARM INS $111.19,,Bills & Utilities
SPOTIFY USA $164.24,,Entertainment
T-MOBILE AUTOPAY $30.80,,Bills & Utilities
Gucci,Gloves,Shopping
PLAYSTATION STORE $121.38,,Entertainment
Wetherspoons,عشاء,Food & Drink
Restaurant,Dinner,Food & Drink
STOCK SALE FIDE $2732.12,,Income
OB/GYN,zahnarzt,Healthcare
STATE FARM INS $137.75,,Bills & Utilities
Toptal,Airbnb income,Income
PARKING TOKYO $382.59,,Transport
Olive Garden,食品,Food & Drink
Disney+,公共料金,Bills & Utilities
Termite Treatment,alquiler,Housing
OB/GYN,Pet medication,Healthcare
NIKE.COM ORDER PURCHASE Game purchase,,Shopping
STATE TREASURY REFUND Stock dividend,,Income
WAL-MART SUPERCENTER #4041,,Shopping
Michael Kors,Clothing,Shopping
Pool Service,Vacation rental,Housing
CARD 8618 PURCHASE Dairy Queen,,Food & Drink
Overstock,,Shopping
Coursera Plus,школа,Education
TARGET T-6819 PURCHASE Jewelry,,Shopping
APPLE STORE PURCHASE $342.42 Digital purchase,,Shopping
Test Prep,Fellowship,Education
Gym,Live show,Entertainment
Gratuity,Crowdfunding,Income
PLAYSTATION STORE $131.85,,Entertainment
Netflix,保险,Bills & Utilities
EXXON MOBIL #1517 Tire rotation,,Transport
Avis,交通,Transport
TARGET T-6202 PURCHASE,,Shopping
Mortgage,Decor,Housing
NIKE.COM ORDER PURCHASE Jewelry,,Shopping
Twitch,Digital purchase,Entertainment
Dry Cleaners,прочее,Other
MISC PURCHASE $179.48,,Other
Wine Shop,Family meal,Food & Drink
UDEMY COURSE $1326.38,,Education
Laser Tag,Wellness subscription,Entertainment
UDEMY COURSE $460.98,,Education
Ophthalmologist,Crown,Healthcare
Retirement Distribution,Gig economy,Income
T-MOBILE AUTOPAY $60.62,,Bills & Utilities
Internet Bill,公用事业,Bills & Utilities
Medical bill,Medicine,Healthcare
DEBIT PURCHASE Sephora Sports equipment,,Shopping
Fiverr,Part-time work,Income
ACH CREDIT Squarespace,,Income
WESTERN UNION $135.86,,Other
United Airlines,Gas fill-up,Transport
Louis Vuitton,Fragrance,Shopping
UNIVERSITY TUITION $1497.25,,Education
POS PURCHASE Walmart SINGAPORE Drive-through,,Food & Drink
FasTrak,Checked bag,Transport
Tire Shop,Airport transfer,Transport
Barnes & Noble,मनोरंजन,Entertainment
KAISER PERMANENTE $684.33,,Healthcare
Plant Store,अन्य,Other
Trulia,Flooring,Housing
Paintball,Streaming subscription,Entertainment
COMCAST CABLE $165.60,,Bills & Utilities
PHARMACY PURCHASE $373.46 Root canal,,Healthcare
Test Prep,Tuition fee,Education
Test Prep,Voice lesson,Education
Sprint,Insurance,Bills & Utilities
ONLINE ORDER Cabela's Camping,,Shopping
WESTERN UNION $35.12 Uncategorized,,Other
METRO TRANSIT $174.90,,Transport
WAL-MART SUPERCENTER #8118 Jeans,,Shopping
DOORDASH *Taco Stand PURCHASE Chicken,,Food & Drink
Severance,Sublease,Income
AUTOPAY VERIZON WIRELESS $82.59,,Bills & Utilities
Tutoring Center,escola,Education
Cinemark,मनोरंजन,Entertainment
ONLINE ORDER Sephora In-app purchase,,Shopping
PHARMACY PURCHASE $1463.84,,Healthcare
AUTOPAY VERIZON WIRELESS $210.70,,Bills & Utilities
Gift Card,Boarding,Other
Tip,Tax refund,Income
Yoga,kino,Entertainment
HBO Max,monthly charge,Bills & Utilities
Hulu,Administrative fee,Bills & Utilities
UBER *TRIP $503.64,,Transport
Supplement,Follow-up,Healthcare
QUEST DIAGNOSTICS $370.90,,Healthcare
Uber,Ride share,Transport
Texas Roadhouse SUBSCRIPTION RENEWAL Salad,,Food & Drink
Intellectual Property,Stock dividend,Income
Yo! Sushi,Snack,Food & Drink
SPOTIFY USA $53.16,,Entertainment
PROPERTY TAX $2412.95 Maid service,,Housing
PROPERTY TAX $2179.45 Move-in fee,,Housing
University,universidad,Education
Wagamama STORE #2260 PURCHASE,,Food & Drink
Tax Preparer,Childcare,Other
Ophthalmologist,медицина,Healthcare
Movie rental,Bowling night,Entertainment
UNITED AIRLINES $194.09,,Transport
Coffee Shop,Alcohol,Food & Drink
Investment,Claim settlement,Income
Pay-per-view,juegos,Entertainment
401k Distribution,paiement,Income
Brilliant,bildung,Education
Laser Tag,jeux,Entertainment
Apprenticeship,Practice exam,Education
MAINTENANCE Budget Truck $1600.37,,Housing
COURSERA PURCHASE $1609.23,,Education
Property Tax,Appliance,Housing
HOME DEPOT.COM $2475.49 Monthly rent,,Housing
Gmail,Phone bill,Bills & Utilities
PARKING CHICAGO $308.80,,Transport
Certification Program,本,Education
Severance,給与,Income
DEBIT PURCHASE Half Price Books,,Shopping
Property Tax,,Housing
Hospital,krankenhaus,Healthcare
Rehab Associates,saúde,Healthcare
Circus,,Entertainment
STEAM PURCHASE $46.46 Comedy show,,Entertainment
HVAC,Tax payment,Housing
Interest Payment,給与,Income
Rental Car,Seat upgrade,Transport
Rainforest Cafe,Dessert,Food & Drink
Upwork,Sublease,Income
Retail Purchase,दुकान,Shopping
TICKETMASTER $184.76,,Entertainment
PHARMACY PURCHASE $869.90,,Healthcare
Alliance Française,Course,Education
Auto Insurance,Overdue payment,Bills & Utilities
Childcare,Certification,Other
DEBIT PURCHASE HomeGoods,,Shopping
Gmail,Auto-pay,Bills & Utilities
BANK FEE $160.67 Boarding,,Other
Gym Membership,коммунальные,Bills & Utilities
Peacock,entretenimiento,Entertainment
Ross Stores,,Shopping
Kumon,Swimming lesson,Education
Dentist,gesundheit,Healthcare
UPS SHIPPING $137.70,,Other
HOME DEPOT.COM $1410.22,,Housing
Subway,Seafood,Food & Drink
First American,Shipping,Housing
APPLE STORE PURCHASE $224.99,,Shopping
USPS POSTAGE $130.93 Infraction,,Other
ACH CREDIT Paycheck,,Income
AMC THEATRES SAO PAULO $40.91,,Entertainment
COMCAST CABLE $289.57 Finance charge,,Bills & Utilities
MISC PURCHASE $159.13 Infraction,,Other
DELTA AIR LINES $494.33 Inspection,,Transport
Tax Return,Coaching,Income
Apple Store,shopping,Shopping
Allstate,Insurance,Bills & Utilities
UBER *TRIP $364.57 Cab fare,,Transport
Rentokil,Maid service,Housing
Appliance Store,Roofing,Housing
CVS PHARMACY #8192 $699.10,,Healthcare
PURCHASE AUTHORIZED Biryani Palace $47.17,,Food & Drink
DIVIDEND RETI $4523.69,,Income
USPS POSTAGE $168.65,,Other
Habitat for Humanity,Dry cleaning,Other
RENT PAYMENT $800.23,,Housing
Michael Kors,DLC,Shopping
Cabela's,Jewelry,Shopping
Pluralsight,교육,Education
Lawn Care,홈,Housing
LOWES #7778 $1411.62,,Housing
Walgreens,Adapter,Shopping
Yoga Studio,مرافق,Bills & Utilities
License Renewal,Grant,Education
SPOTIFY USA $170.91 Music,,Entertainment
MIT OpenCourseWare,schule,Education
Delta Airlines,Seat upgrade,Transport
Civic,misceláneos,Other
SKILLSHARE $801.51 Study material,,Education
PAYPAL TRANSFER $1320.92 Settlement check,,Income
BEST BUY #6197 PARIS Game purchase,,Shopping
AMC THEATRES SAO PAULO $170.30 Documentary,,Entertainment
ASUS,App purchase,Shopping
Cash App,Settlement check,Income
Continuing Education,Cooking class,Education
Pest Control,Move-in fee,Housing
Printing,مختلف,Other
DEBIT PURCHASE REI,,Shopping
Lowe's,Shipping,Housing
CARD 6720 PURCHASE Krispy Kreme,,Food & Drink
Quest Diagnostics,Pet medication,Healthcare
Rental Income,Advisory,Income
AMAZON.COM PURCHASE $370.70 Jacket,,Shopping
PAYPAL TRANSFER $5091.04 GoFundMe,,Income
ONLINE ORDER Kate Spade,,Shopping
UNIVERSITY TUITION $1422.50,,Education
Counseling Center,Braces,Healthcare
Freelancer.com,Freelance work,Income
Charity,Unit rental,Other
PLURALSIGHT $375.40 Martial arts,,Education
BP Pulse,Brake pads,Transport
GOVERNMENT PAYMENT $17.45,,Other
ChargePoint,Car wash,Transport
Brilliant,курс,Education
TARGET T-5083 PURCHASE,,Shopping
Rental Income,Monthly salary,Income
Alaska Airlines,avião,Transport
Pay-per-view,In-game purchase,Entertainment
Skillshare,Yoga class,Education
Vocational Training,libros,Education
RECURRING PAYMENT Gmail,,Bills & Utilities
COMCAST CABLE $349.44,,Bills & Utilities
TJ Maxx,Speaker,Shopping
Tile,ホーム,Housing
SCHOOL PAYMENT $1616.12 Lab fee,,Education
Starbucks Reserve SUBSCRIPTION RENEWAL,,Food & Drink
Postmates Order,,Food & Drink
Camera equipment,развлечения,Entertainment
Con Edison,Maintenance fee,Bills & Utilities
Go-Karts,موسيقى,Entertainment
Genki Sushi,Grocery run,Food & Drink
H-E-B,杂货,Food & Drink
Denny's,Birthday cake,Food & Drink
Reliant Energy,مرافق,Bills & Utilities
NETFLIX.COM $60.29 Spa treatment,,Entertainment
PAYPAL TRANSFER $9121.35 Commission,,Income
POS PURCHASE Aldi CHICAGO,,Food & Drink
Textbook Store,Loan payment,Education
APPLE STORE PURCHASE $385.11,,Shopping
SPOTIFY USA $139.79 Expansion,,Entertainment
American Home Shield,Moving,Housing
DIRECT DEBIT Progressive $37.26,,Bills & Utilities
Clinic,医疗,Healthcare
Grubhub Order,Takeout,Food & Drink
Con Edison,Subscription,Bills & Utilities
COURSERA PURCHASE $1032.81,,Education
Theme Park,Video games,Entertainment
Photography,Wellness subscription,Entertainment
EVgo,Supercharger,Transport
AMC THEATRES DUBAI $44.76,,Entertainment
Hulu,엔터테인먼트,Entertainment
PROPERTY TAX $2384.77 Flooring,,Housing
Berlitz,cours,Education
USPS POSTAGE $57.33 Delivery,,Other
GOVERNMENT PAYMENT $160.99 Replacement,,Other
UNITED AIRLINES $211.54,,Transport
Hospital,Pharmacy,Healthcare
Dermatologist,Procedure,Healthcare
Red Lobster,Smoothie,Food & Drink
PLAYSTATION STORE $199.23,,Entertainment
Laundromat,General expense,Other
PHARMACY PURCHASE $23.04 Imaging,,Healthcare
Snow Removal,maison,Housing
JioMart,Birthday gift,Shopping
iCloud,,Bills & Utilities
Car2Go,Parking weekly,Transport
SSDI,Online sale,Income
Property Tax,保险,Bills & Utilities
Sport Rehab,Flu shot,Healthcare
AMC THEATRES TORONTO $69.12 Open mic,,Entertainment
PROPERTY TAX $2982.68,,Housing
Shopify,revenu,Income
DOORDASH *Domino's PURCHASE,,Food & Drink
Plant Store,Boarding,Other
SKILLSHARE $711.39 Degree program,,Education
PLURALSIGHT $324.62,,Education
UNITED AIRLINES $220.89 Cab fare,,Transport
HOSPITAL BILL $232.39,,Healthcare
Apartment,alquiler,Housing
Auto Repair,avion,Transport
Verizon Store,Gloves,Shopping
Xfinity,Water bill,Bills & Utilities
LIVE NATION $131.65 Play,,Entertainment
GOVERNMENT PAYMENT $23.13,,Other
CareNow,Surgery,Healthcare
Denny's,Late night snack,Food & Drink
WALGREENS #8366 $1006.48,,Healthcare
Binance,Interest payment,Income
Harvard Extension,Online learning,Education
WALGREENS #6868 $1201.19 Physical exam,,Healthcare
Google Workspace,,Bills & Utilities
UPS SHIPPING $190.11,,Other
Sylvan Learning,Registration fee,Education
Professional Development,Textbook,Education
LIVE NATION $183.40,,Entertainment
Facebook Marketplace,wohnung,Housing
Temple,مختلف,Other
App Academy,Course,Education
Property Tax,Cleaning,Housing
Cold Stone STORE #6857 PURCHASE,,Food & Drink
EXXON MOBIL #9788,,Transport
LOWES #2010 $2268.07 Lawn mowing,,Housing
KAISER PERMANENTE $338.17,,Healthcare
Apartments.com,Smart home,Housing
LOWES #3746 $528.76,,Housing
Nykaa,Outdoor gear,Shopping
AUTOPAY VERIZON WIRELESS $256.23 Finance charge,,Bills & Utilities
PROPERTY TAX $1067.74,,Housing
Babbel,kino,Entertainment
APPLE STORE PURCHASE $75.31,,Shopping
Cisco Learning,école,Education
DEBIT PURCHASE Dollar Tree,,Shopping
United Airlines,여행,Transport
PARKING PHOENIX $615.61 Airport transfer,,Transport
BEST BUY #5595 LONDON Furniture,,Shopping
UDEMY COURSE $1443.95,,Education
Apple Store,Clothes,Shopping
PARKING PHOENIX $301.57 Long distance ride,,Transport
Papa Murphy's,Sandwich,Food & Drink
Berlitz,Language class,Education
GEICO PAYMENT $271.41,,Bills & Utilities
Little Caesars,,Food & Drink
LOWES #8295 $2208.30 Moving,,Housing
H&M,تسوق,Shopping
LYFT RIDES $390.53,,Transport
PLURALSIGHT $736.46 Textbook,,Education
Gojek,taxi,Transport
Google Workspace,Service fee,Bills & Utilities
DIRECT DEPOSIT PAYROLL $4999.64 Gig economy,,Income
DEBIT PURCHASE Best Buy Subscription box,,Shopping
CHEGG STUDY $1206.52 Books,,Education
Grooming,Infraction,Other
Toptal,Crowdfunding,Income
DEBIT PURCHASE Micro Center,,Shopping
edX,Annual plan,Education
Pizza Place,mittagessen,Food & Drink
HOSPITAL BILL $643.64,,Healthcare
COURSERA PURCHASE $1993.83,,Education
DIRECT DEPOSIT PAYROLL $9159.73 Tax refund,,Income
APPLE STORE PURCHASE $360.41,,Shopping
DELTA AIR LINES $658.80,,Transport
MAINTENANCE Ace Hardware $1734.58,,Housing
Myntra,Monitor,Shopping
WAL-MART SUPERCENTER #5873,,Shopping
TARGET T-5546 PURCHASE Gloves,,Shopping
XBOX LIVE $101.86,,Entertainment
Micro Center,Subscription box,Shopping
LOWES #7253 $2307.99 Deep clean,,Housing
LYFT RIDES $107.06 Airport lounge,,Transport
Life Coach,Psychiatry,Healthcare
Barnes & Noble,Art show,Entertainment
Mosquito Control,Lease payment,Housing
Music album,ストリーミング,Entertainment
Spin,,Transport
Mercado Libre,ropa,Shopping
Steam,Hat,Shopping
Royalty Payment,,Income
UDEMY COURSE $987.19,,Education
Retainer,Donation received,Income
XBOX LIVE $82.75,,Entertainment
COMCAST CABLE $268.61,,Bills & Utilities
FasTrak,طائرة,Transport
BOOK STORE $1789.45,,Education
Counseling Center,Emergency,Healthcare
EXXON MOBIL #9965,,Transport
SPOTIFY USA $59.46,,Entertainment
Employer Payroll,استرداد,Income
Home Depot,Rent,Housing
Laundromat,Copying,Other
UBER EATS *Hardee's PURCHASE,,Food & Drink
Sewer District,Recurring charge,Bills & Utilities
PG&E ELECTRIC $37.52 Installation fee,,Bills & Utilities
MEDICAL CENTER $858.85,,Healthcare
METRO TRANSIT $90.77,,Transport
Pet Emergency,Annual checkup,Healthcare
Specialty Store,Sports equipment,Shopping
UBER EATS *TGI Friday's PURCHASE,,Food & Drink
Refund,GoFundMe,Income
Thumbtack,Home insurance,Housing
DEBIT PURCHASE Kate Spade Toddler,,Shopping
DIVIDEND BANK $6688.66,,Income
Training Course,Loan payment,Education
Dunkin',Coffee,Food & Drink
UNITED AIRLINES $295.21 Parking weekly,,Transport
CVS PHARMACY #8670 $182.87,,Healthcare
ACH CREDIT Direct Deposit,,Income
LSAT Prep,Lifetime access,Education
UNITED AIRLINES $489.56,,Transport
LYFT RIDES $239.24 Seat upgrade,,Transport
Severance,Monthly salary,Income
Amazon Locker,기타,Other
Starbucks Reserve,فطور,Food & Drink
Google Workspace,Direct debit,Bills & Utilities
Dick's Sporting Goods,Office supplies,Shopping
DMV,Transfer,Other
Domino's,Pizza delivery,Food & Drink
Massage,E-book,Entertainment
PURCHASE AUTHORIZED Insomnia Cookies $52.88,,Food & Drink
Stock Sale,einkommen,Income
QUEST DIAGNOSTICS $816.00 Pharmacy,,Healthcare
PlayStation Store,E-book,Entertainment
CHEGG STUDY $481.82,,Education
Binance,Points redemption,Income
Rainforest Cafe,Morning coffee,Food & Drink
RECURRING PAYMENT Brinks Electric bill,,Bills & Utilities
Fiverr,راتب,Income
Louis Vuitton,,Shopping
Craft supplies,Monthly subscription,Entertainment
Security System,Monthly mortgage,Housing
Crypto Exchange,Freelance payment,Income
Civic,Fine payment,Other
UBER *TRIP $532.95 Gas,,Transport
Concert ticket,电影,Entertainment
Harvard Extension,Textbook,Education
UDEMY COURSE $540.73 Piano lesson,,Education
STATE FARM INS $318.82 Auto-pay,,Bills & Utilities
FiOS,monthly charge,Bills & Utilities
Waste Management,Cable,Bills & Utilities
Vision Center,farmacia,Healthcare
Amazon Locker,Other,Other
Internet Bill,Standing order,Bills & Utilities
Charles Schwab,оплата,Income
Trash Pickup,services,Bills & Utilities
Shopify,Coaching,Income
Pottery Barn,Pet supplies,Shopping
Child Support,Finance charge,Bills & Utilities
PROPERTY TAX $2812.04,,Housing
Applebee's,Business lunch,Food & Drink
PHARMACY PURCHASE $300.14,,Healthcare
PLURALSIGHT $508.86,,Education
ASOS,Jacket,Shopping
PG&E ELECTRIC $205.20 Cloud storage,,Bills & Utilities
ACH CREDIT Refund Points redemption,,Income
SPOTIFY USA $83.41 Facial,,Entertainment
WAL-MART SUPERCENTER #7385 Subscription box,,Shopping
Qatar Airways,Premium gas,Transport
GEICO PAYMENT $342.78,,Bills & Utilities
Medical Center,Dental checkup,Healthcare
Bond Maturity,Crowdfunding,Income
Trust Distribution,Crowdfunding,Income
HOME DEPOT.COM $2952.38,,Housing
DOORDASH *Red Lobster PURCHASE,,Food & Drink
Walmart Pharmacy,X-ray,Healthcare
STEAM PURCHASE $152.55 Audiobook,,Entertainment
Family plan,Interest charge,Bills & Utilities
Radio Cab,交通,Transport
Hawaiian Airlines,taxi,Transport
T-MOBILE AUTOPAY $41.33 Mobile plan,,Bills & Utilities
Rewards,Gift card redemption,Income
SPOTIFY USA $92.51 Pay-per-view,,Entertainment
Ocean State Job Lot,Headphones,Shopping
Craigslist Housing,Home improvement,Housing
DIRECT DEBIT Home Security $339.71,,Bills & Utilities
KAISER PERMANENTE $1028.41,,Healthcare
TICKETMASTER $90.71,,Entertainment
SCHOOL PAYMENT $1477.01,,Education
Starbucks,Burger,Food & Drink
Wetherspoons,Dessert,Food & Drink
PG&E ELECTRIC $31.94,,Bills & Utilities
Personal Trainer,Monthly subscription,Entertainment
MISC PURCHASE $182.34 Infraction,,Other
WALGREENS #6309 $1143.44,,Healthcare
Outback,,Food & Drink
Bank of America,Freelance work,Income
BANK FEE $40.29,,Other
Bond Maturity,वेतन,Income
METRO TRANSIT $781.38,,Transport
Health insurance copay,صحة,Healthcare
Yard Sale,Donation received,Income
Pret A Manger,café da manhã,Food & Drink
T-Mobile Store,Purchase,Shopping
TNT,misceláneos,Other
Prepaid Card,雑多,Other
Storage Unit,家,Housing
Treehouse,Tuition,Education
Panda Express,Cocktail,Food & Drink
Cleveland Clinic,Braces,Healthcare
Waste Management,Subscription,Bills & Utilities
Garage Sale,Claim settlement,Income
MISC PURCHASE $126.69 Lost item,,Other
Temu,Kitchenware,Shopping
Travelers,청구서,Bills & Utilities
Home Insurance,seguro,Bills & Utilities
Uber Eats Order STORE #6320 PURCHASE,,Food & Drink
TICKETMASTER $193.80 Game purchase,,Entertainment
CubeSmart,Deep clean,Housing
XBOX LIVE $109.84 Video games,,Entertainment
Rite Aid,Retainer,Healthcare
Pottery Barn,Hiking,Shopping
Zelle,Dividend payment,Income
Rent Payment,家賃,Housing
T-MOBILE AUTOPAY $243.11,,Bills & Utilities
Various,杂项,Other
PROPERTY TAX $568.67 Monthly rent,,Housing
Molly Maid,Deep clean,Housing
MORTGAGE PAYMENT $2970.32 Utility deposit,,Housing
ONLINE PURCHASE La Taqueria.COM Burger,,Food & Drink
Rebate,возврат,Income
WESTERN UNION $167.01 Storage rental,,Other
Lab work,Root canal,Healthcare
MEDICAL CENTER $1400.39,,Healthcare
RENT PAYMENT $2465.06 HOA fee,,Housing
Wagamama,Pizza,Food & Drink
UDEMY COURSE $65.76,,Education
USPS POSTAGE $80.42 Transfer,,Other
Five Below,Toddler,Shopping
Taxi,Daily commute,Transport
Music album,Expansion,Entertainment
Health Center,Root canal,Healthcare
Tandoori Nights,Burrito,Food & Drink
SSDI,reembolso,Income
Grooming,Tithe,Other
APPLE STORE PURCHASE $191.92 Fragrance,,Shopping
DMV,Donation,Other
OB/GYN,Consultation,Healthcare
NETFLIX.COM $126.83,,Entertainment
LOWES #9504 $576.75,,Housing
STOCK SALE VENM $4507.57 Investment return,,Income
LYFT RIDES $547.25,,Transport
Planet Fitness,Annual premium,Bills & Utilities
Adobe Creative Cloud,versorgung,Bills & Utilities
Prepaid plan,Overdue payment,Bills & Utilities
IRS,Gig economy,Income
Chipotle,Frappuccino,Food & Drink
Insurance Co,Insurance payment,Bills & Utilities
BEST BUY #7221 DUBAI Tools,,Shopping
Medical bill,,Healthcare
DHL,General expense,Other
Doctor,Medical visit,Healthcare
BP,transporte,Transport
BOOK STORE $1612.46,,Education
UBER EATS *Arby's PURCHASE Wine,,Food & Drink
Vet Clinic,saúde,Healthcare
Service Charge,allgemein,Other
United Way,General expense,Other
LA Fitness,factures,Bills & Utilities
Avis,Flight ticket,Transport
DIVIDEND GRAT $3878.19,,Income
Lawyer,Top-up,Other
MetLife,Gas bill,Bills & Utilities
UBER *TRIP $561.80,,Transport
Newegg,App purchase,Shopping
Specialty Store,متجر,Shopping
Kumon,كتب,Education
JioMart,eletrônicos,Shopping
Massage,Museum visit,Entertainment
Harvard Extension,,Education
Thrifty,Parking fee,Transport
Allstate,Service fee,Bills & Utilities
Specialty Store,Clothes,Shopping
PHARMACY PURCHASE $17.79,,Healthcare
Rental Income,Freelance work,Income
DIVIDEND FEDE $7893.03,,Income
Extra Space,家賃,Housing
Airbnb,Coaching,Income
Women's Health Center,Urgent care,Healthcare
Community College,école,Education
SKILLSHARE $1325.55,,Education
United Way,Other,Other
Upwork,Gift card redemption,Income
EXXON MOBIL #8791 Airport lounge,,Transport
PetCare,Therapy,Healthcare
ATM WITHDRAWAL FEE Dry cleaning,,Other
CT scan,Glasses,Healthcare
Subscription,Monthly fee,Shopping
Berlitz,Diploma,Education
Seafood Market,Takeout,Food & Drink
American Airlines,旅行,Transport
Wendy's,저녁,Food & Drink
Metro Card,燃料,Transport
WooCommerce,退款,Income
Vivid Seats,Streaming subscription,Entertainment
DIRECT DEBIT Phone plan $201.38,,Bills & Utilities
Taxi,Gas fill-up,Transport
Ride Share,Car wash,Transport
UBER EATS *Nothing Bundt Cakes PURCHASE,,Food & Drink
Harvard Extension,Art class,Education
DOORDASH *Sweet Tomatoes PURCHASE,,Food & Drink
SNCF,نقل,Transport
Art Gallery,खेल,Entertainment
Landscaping,hypothek,Housing
Neiman Marcus,Clothes,Shopping
Adobe Creative Cloud,nebenkosten,Bills & Utilities
ADP Payroll,Gig economy,Income
PLURALSIGHT $1657.92 Test preparation,,Education
Singapore Airlines,Charging,Transport
MISC PURCHASE $17.74 Legal fee,,Other
STATE FARM INS $138.41,,Bills & Utilities
DOORDASH *Chipotle Mexican Grill PURCHASE Buffet,,Food & Drink
Legal Services,Pressing,Other
DIRECT DEBIT Life Insurance $188.13,,Bills & Utilities
WESTERN UNION $35.49,,Other
RENT PAYMENT $1629.70,,Housing
ONLINE ORDER Barnes & Noble Shoes,,Shopping
DIRECT DEPOSIT PAYROLL $9498.00 Annual tax refund,,Income
Blood test,طبي,Healthcare
METRO TRANSIT $333.95 Airline ticket,,Transport
Sears Optical,аптека,Healthcare
Walmart,Retail,Shopping
FEDEx SHIPPING $72.16,,Other
HP,Monitor,Shopping
Lowe's,Security,Housing
Paychex,Settlement check,Income
PLURALSIGHT $1591.93 Online learning,,Education
Civic,Handling,Other
MEDICAL CENTER $930.90,,Healthcare
Molly Maid,hipoteca,Housing
Smart Lock,Contractor,Housing
Smart Home,Paint,Housing
DIVIDEND PRIZ $5235.00 Bond interest,,Income
COURSERA PURCHASE $229.24 SAT prep,,Education
Paychex,Patent income,Income
UNITED AIRLINES $455.82 Annual pass,,Transport
StubHub,música,Entertainment
UPS SHIPPING $169.34 Top-up,,Other
ADP Payroll,収入,Income
STOCK SALE SETT $1603.34 IRS refund,,Income
Smoothie King,,Food & Drink
WALGREENS #5953 $733.48,,Healthcare
Sport Rehab,Pet vet visit,Healthcare
UNITED AIRLINES $605.08,,Transport
MIT OpenCourseWare,книги,Education
PROPERTY TAX $737.57 Hotel,,Housing
MEDICAL CENTER $424.64,,Healthcare
Yo! Sushi STORE #2096 PURCHASE Wrap,,Food & Drink
Codecademy,课程,Education
Federal Refund,Contract work,Income
Disability,Coaching,Income
CHEGG STUDY $1908.56,,Education
Vanpool,avion,Transport
Air France,Inspection,Transport
Petco,Belt,Shopping
Freelance Payment,Coaching,Income
Medical Center,здоровье,Healthcare
BOOK STORE $1481.95,,Education
LYFT RIDES $177.58 Alignment,,Transport
KAISER PERMANENTE $682.28,,Healthcare
PARKING SINGAPORE $648.16 Regular gas,,Transport
Vision Center,Orthodontist,Healthcare
Cedars-Sinai,Orthodontist,Healthcare
Zipcar,taxi,Transport
Remittance,مختلف,Other
UNITED AIRLINES $681.86,,Transport
Bank Fee,divers,Other
ONLINE ORDER Google Store Speaker,,Shopping
MAINTENANCE Orkin $983.57,,Housing
MISC PURCHASE $46.43,,Other
Wire Transfer Fee,その他,Other
IKEA,School supplies,Shopping
Shein,Headphones,Shopping
UDEMY COURSE $1016.19 Tuition fee,,Education
DELTA AIR LINES $738.35,,Transport
Rebate,Coaching,Income
Gucci,Headphones,Shopping
Home Depot,Birthday gift,Shopping
Delta Airlines,Supercharger,Transport
RENT PAYMENT $1817.67 Tax payment,,Housing
QUEST DIAGNOSTICS $351.21,,Healthcare
Photography,música,Entertainment
PLURALSIGHT $923.19 Workshop,,Education
HOSPITAL BILL $10.64,,Healthcare
Zaxby's,Quick bite,Food & Drink
AMC THEATRES CHICAGO $99.56 Meditation app,,Entertainment
State Tax Refund,Freelance payment,Income
PLURALSIGHT $1089.17,,Education
Best Buy,Electronics,Shopping
SHELL OIL TORONTO #3309 Fuel,,Transport
HOME DEPOT.COM $1379.01,,Housing
HOME DEPOT.COM $2868.51,,Housing
Online Shopping,Hat,Shopping
British Airways,Flight,Transport
Skillshare,Course,Education
UNITED AIRLINES $219.30,,Transport
Nando's,Fries,Food & Drink
Ultrasound,Dental cleaning,Healthcare
