merchant,description,category
DELTA AIR LINES $738.35,,Transport
West Elm,,Shopping
Gojek,Airport transfer,Transport
Phone Bill,Broadband,Bills & Utilities
MEDICAL CENTER $517.59 Pet medication,,Healthcare
Treehouse,kurs,Education
Insurance Premium,Fiber,Bills & Utilities
Tip,Sublease,Income
Airbnb,,Housing
DENTAL ASSOCIATES $250.59,,Healthcare
CHEGG STUDY $1425.50,,Education
ACH CREDIT Lottery Winnings,,Income
Rail Europe,Highway toll,Transport
Con Edison,Broadband,Bills & Utilities
STATE FARM INS $263.39,,Bills & Utilities
VENMO CASHOUT $7598.57,,Income
Prize Money,pago,Income
Dentist,Urgent care,Healthcare
Radiology Associates,,Healthcare
NETFLIX.COM $80.84 Fitness class,,Entertainment
UNITED AIRLINES $459.86 Ride share,,Transport
CVS PHARMACY #5130 $1496.66 Pet medication,,Healthcare
UBER EATS *Pret A Manger PURCHASE Snack,,Food & Drink
UPS SHIPPING $165.84,,Other
Johns Hopkins,Filling,Healthcare
BOOK STORE $480.24,,Education
Radiology Associates,медицина,Healthcare
APPLE STORE PURCHASE $492.92,,Shopping
TICKETMASTER $48.29,,Entertainment
CARD 2431 PURCHASE Insomnia Cookies,,Food & Drink
RENT PAYMENT $800.23,,Housing
Yoga,kino,Entertainment
VENMO CASHOUT $3142.03,,Income
Tonkotsu Ramen,Fries,Food & Drink
Chick-fil-A,食事,Food & Drink
GoFundMe,,Other
Greyhound,топливо,Transport
CHEGG STUDY $755.22 Scholarship,,Education
MEDICAL CENTER $508.64 Root canal,,Healthcare
PARKING HOUSTON $603.58,,Transport
Tutoring Center,SAT prep,Education
DENTAL ASSOCIATES $798.15,,Healthcare
Temple,مختلف,Other
Tax Preparer,General expense,Other
GCP Training,大学,Education
DELTA AIR LINES $488.98,,Transport
Trulia,Smart home,Housing
Metro,Car rental,Transport
TARGET T-7496 PURCHASE Retail,,Shopping
AMC THEATRES TORONTO $10.42 Manicure,,Entertainment
Clinic,Supplement,Healthcare
Freelancer.com,Paycheck,Income
Miscellaneous,Contribution,Other
Harvard Extension,Online learning,Education
Budget Truck,Decor,Housing
Prize Money,Settlement check,Income
Federal Refund,Points redemption,Income
Vivid Seats,Concert,Entertainment
Coinbase,IRS refund,Income
Restoration Hardware,Toys,Shopping
Shell,Daily commute,Transport
JioMart,ملابس,Shopping
Sylvan Learning,Diploma,Education
IRS TREAS 310 TAX REF Prize,,Income
Live Nation,Pedicure,Entertainment
PHARMACY PURCHASE $1498.23,,Healthcare
In-N-Out Burger,Groceries,Food & Drink
PG&E,請求書,Bills & Utilities
Best Buy,casa,Shopping
Habitat for Humanity,Stamp,Other
Tax Return,Contract work,Income
Convenience Fee,Other,Other
SCHOOL PAYMENT $864.70 Art class,,Education
Delta Airlines,Seat upgrade,Transport
TARGET T-9045 PURCHASE Cable,,Shopping
Realtor.com,Hotel,Housing
VENMO CASHOUT $9302.85,,Income
STATE TREASURY REFUND Patent income,,Income
WALGREENS #4646 $610.29 CPAP supplies,,Healthcare
Doctor,медицина,Healthcare
Verizon,보험,Bills & Utilities
Google Career Certificates,Language class,Education
Craft supplies,Series,Entertainment
El Pollo Loco,,Food & Drink
Childcare,أخرى,Other
STOCK SALE FIVE $359.45,,Income
Lawyer,Filing fee,Other
DIRECT DEBIT Phone Bill $328.50,,Bills & Utilities
TaskRabbit,Move-in fee,Housing
DMV,Scanning,Other
MAINTENANCE Handyman $2067.88 Deep clean,,Housing
UBER EATS *Yo! Sushi PURCHASE Iced Coffee,,Food & Drink
HOA Payment,Hotel,Housing
Wire Transfer Fee,,Other
IHOP,,Food & Drink
Airline Ticket,,Transport
Treehouse,universität,Education
Barnes & Noble,Art show,Entertainment
Hawaiian Airlines,,Transport
ACH CREDIT Garage Sale Gift card redemption,,Income
GOVERNMENT PAYMENT $5.66 Stamp,,Other
JioMart,منزل,Shopping
Regal Cinemas,Art show,Entertainment
PG&E ELECTRIC $60.60 Cable,,Bills & Utilities
RECURRING PAYMENT OneDrive,,Bills & Utilities
Thrifty,Oil change,Transport
SCHOOL PAYMENT $210.75 Monthly subscription,,Education
JetBlue,viagem,Transport
SCHOOL PAYMENT $403.55 Monthly subscription,,Education
Emirates,voyage,Transport
CARD 5445 PURCHASE Krispy Kreme,,Food & Drink
PLURALSIGHT $543.97 Degree program,,Education
Car Wash,سفر,Transport
RENT PAYMENT $2245.98 Furniture,,Housing
Exxon,In-flight meal,Transport
Employer Inc.,Investment return,Income
T-MOBILE AUTOPAY $125.41 Software subscription,,Bills & Utilities
Donation,Unit rental,Other
UNIVERSITY TUITION $71.11,,Education
Lawn Care,Packing,Housing
freeCodeCamp,Technology fee,Education
Brake Service,First class,Transport
Longhorn Steakhouse,Counter service,Food & Drink
PlayStation Store,Movie,Entertainment
Shake Shack,食料品,Food & Drink
ATM WITHDRAWAL FEE Transfer,,Other
STEAM PURCHASE $104.37,,Entertainment
GOVERNMENT PAYMENT $62.83,,Other
Del Taco,,Food & Drink
DIRECT DEBIT Disney+ $114.86,,Bills & Utilities
MEDICAL CENTER $930.90,,Healthcare
Service Charge,разное,Other
PG&E ELECTRIC $224.37 Cable,,Bills & Utilities
Reebok,,Shopping
DIRECT DEBIT Allstate $239.40 Broadband,,Bills & Utilities
SKILLSHARE $976.32 Scholarship,,Education
Zalando,T-shirt,Shopping
D&D Session,Audiobook,Entertainment
XBOX LIVE $45.81 Family plan,,Entertainment
Bath & Body Works,Sports equipment,Shopping
Freelancer.com,Bonus,Income
ONLINE PURCHASE La Taqueria.COM Burger,,Food & Drink
RENT PAYMENT $2469.50,,Housing
Refund,salaire,Income
MORTGAGE PAYMENT $940.00 Flooring,,Housing
Lowe's,Skincare,Shopping
TNT,विभिन्न,Other
STOCK SALE ADP  $2305.52 Freelance payment,,Income
County Tax,Monthly premium,Bills & Utilities
Chipotle,Frappuccino,Food & Drink
IHOP,épicerie,Food & Drink
Government,general,Other
Etsy,कपड़े,Shopping
PLURALSIGHT $1701.03 Student loan,,Education
Newegg,App purchase,Shopping
Brilliant,,Education
COURSERA PURCHASE $1644.74 Tech course,,Education
Remittance,مختلف,Other
Rainforest Cafe,Fries,Food & Drink
UNITED AIRLINES $605.08,,Transport
National Car Rental,One way,Transport
Apple Store,Clothes,Shopping
Naan Stop,नाश्ता,Food & Drink
PHARMACY PURCHASE $1004.77,,Healthcare
Cox Communications,abonnement,Bills & Utilities
UNITED AIRLINES $688.60 Flight ticket,,Transport
Severance,給与,Income
SeatGeek,,Entertainment
UBER *TRIP $536.24,,Transport
PAYPAL TRANSFER $5091.04 GoFundMe,,Income
Biryani Palace,Burrito,Food & Drink
Five Below,Coat,Shopping
401k Distribution,зарплата,Income
Longhorn Steakhouse,Late night snack,Food & Drink
Bond Maturity,Stock dividend,Income
Music School,Study guide,Education
Mental Health,Eye exam,Healthcare
Mechanic,Business class,Transport
PHARMACY PURCHASE $849.97,,Healthcare
Goethe Institut,课程,Education
Yoga Studio,Standing order,Bills & Utilities
Babysitter,otros,Other
AMAZON.COM PURCHASE $275.35 Apparel,,Shopping
edX,Student loan,Education
XBOX LIVE $28.15,,Entertainment
Redfin,家,Housing
Tax Return,reembolso,Income
COMCAST CABLE $301.26 Family plan,,Bills & Utilities
METRO TRANSIT $410.80 Airport transfer,,Transport
School Supplies,Martial arts,Education
Souplantation,,Food & Drink
Internet Bill,公共料金,Bills & Utilities
Miscellaneous,Misc purchase,Other
CVS PHARMACY #8670 $182.87,,Healthcare
Oil Change,Premium gas,Transport
Dunkin',Coffee,Food & Drink
Rehab Associates,LASIK,Healthcare
PG&E ELECTRIC $290.52 Service charge,,Bills & Utilities
QUEST DIAGNOSTICS $754.41,,Healthcare
LOWES #5080 $2723.63,,Housing
STEAM PURCHASE $148.01,,Entertainment
UNIVERSITY TUITION $723.90 Study material,,Education
Recycling,Administrative fee,Bills & Utilities
Accountant,Prepaid load,Other
Tonkotsu Ramen,,Food & Drink
Blood test,طبي,Healthcare
Caffe Nero,रात का खाना,Food & Drink
Myntra,買い物,Shopping
POS PURCHASE Lidl SYDNEY Frappuccino,,Food & Drink
UNIVERSITY TUITION $1105.66 Monthly subscription,,Education
Renters Insurance,Broadband,Bills & Utilities
ACH CREDIT Yard Sale,,Income
Retirement Distribution,remboursement,Income
Renters Insurance,Subscription,Bills & Utilities
Gift Money,Monthly salary,Income
Five Below,Office supplies,Shopping
MinuteClinic,krankenhaus,Healthcare
MORTGAGE PAYMENT $812.09,,Housing
PARKING SYDNEY $754.57,,Transport
Dick's Sporting Goods,Gadgets,Shopping
Direct Energy,servicios,Bills & Utilities
Window Repair,बंधक,Housing
Prize Money,Shop earnings,Income
Planet Fitness,,Bills & Utilities
FEDEx SHIPPING $116.82,,Other
SPOTIFY USA $97.40,,Entertainment
Reliant Energy,Standing order,Bills & Utilities
GOVERNMENT PAYMENT $14.33 Prepaid load,,Other
Sephora,전자제품,Shopping
EXXON MOBIL #9788,,Transport
Seafood Market,Tea,Food & Drink
Coursera Plus,Dance class,Education
FedEx,Miscellaneous,Other
Skillshare,大学,Education
Direct Deposit,Dividend payment,Income
GOVERNMENT PAYMENT $73.77,,Other
MinuteClinic,,Healthcare
TNT,Handling,Other
Amazon,,Shopping
PetCare,Braces,Healthcare
Wingstop,,Food & Drink
FEDEx SHIPPING $93.20 Storage rental,,Other
PG&E ELECTRIC $45.79,,Bills & Utilities
PlayStation Store,Video games,Entertainment
AUTOPAY VERIZON WIRELESS $116.36 Mobile plan,,Bills & Utilities
CHEGG STUDY $128.04,,Education
SimpliSafe,Installation fee,Bills & Utilities
CVS PHARMACY #8069 $144.15,,Healthcare
SoundCloud,DLC,Entertainment
Garage Door,Move-in fee,Housing
Kumon,Tuition,Education
UPS SHIPPING $183.39,,Other
PROPERTY TAX $614.46,,Housing
Car Rental,Toll,Transport
BOOK STORE $1372.61,,Education
DoorDash Order,عشاء,Food & Drink
HOME DEPOT.COM $1270.98,,Housing
Auto Repair,Flight ticket,Transport
Bonus Payment,Commission,Income
T-Mobile,Auto-pay,Bills & Utilities
Walmart,geschäft,Shopping
Plant Store,Fine payment,Other
JioMart,Jacket,Shopping
Budget Truck,إصلاح,Housing
EXXON MOBIL #5817 Charging,,Transport
Etsy,Skincare,Shopping
Restoration Hardware,Kitchenware,Shopping
Pizza Hut,,Food & Drink
Refund,Refund,Income
Rite Aid,,Shopping
Amazon Locker,Storage rental,Other
Blood test,अस्पताल,Healthcare
Rebate,,Income
LYFT RIDES $561.48 Lyft,,Transport
HOME DEPOT #4103 $1331.73,,Housing
DIVIDEND EMPL $5082.37,,Income
Tidal,संगीत,Entertainment
Whole Foods,Groceries,Food & Drink
STATE TREASURY REFUND Paycheck,,Income
Plumbing,,Housing
USPS POSTAGE $134.10 Consultation,,Other
Verizon Store,Purchase,Shopping
Thumbtack,Home insurance,Housing
Biryani Palace,ужин,Food & Drink
Greyhound,,Transport
Gojek,Inspection,Transport
Gambling,Babysitting,Other
Olive Garden,Sandwich,Food & Drink
EA Play,,Entertainment
SCHOOL PAYMENT $1308.07,,Education
Michaels,,Shopping
Xbox Game Pass,,Entertainment
DIRECT DEBIT YouTube Premium $319.01,,Bills & Utilities
Starbucks,Counter service,Food & Drink
Netflix,Processing fee,Bills & Utilities
Flooring,住房,Housing
QUEST DIAGNOSTICS $1007.89 Extraction,,Healthcare
Photography,सिनेमा,Entertainment
USPS POSTAGE $198.41,,Other
LeetCode,Study guide,Education
Auto Insurance,Deductible,Bills & Utilities
Nanny,Kennel,Other
Women's Health Center,薬局,Healthcare
DELTA AIR LINES $74.21 Oil change,,Transport
DELTA AIR LINES $121.24 Charging,,Transport
Chanel,kleidung,Shopping
Bank Fee,Delivery,Other
Kaplan,школа,Education
MoneyGram,andere,Other
H&M,,Shopping
Ride Share,EV charging,Transport
Nando's,Holiday dinner,Food & Drink
Printing,各种,Other
Seminar,강좌,Education
MAINTENANCE Orkin $983.57,,Housing
Gratuity,Side hustle,Income
Gym Membership,Finance charge,Bills & Utilities
BOOK STORE $1621.65 Scholarship,,Education
BOOK STORE $620.87,,Education
Starbucks,Coffee,Food & Drink
STOCK SALE 401K $510.36 Paycheck,,Income
Property Tax,Tax payment,Housing
Sweetgreen,,Food & Drink
Tropical Smoothie,café,Food & Drink
PAYPAL TRANSFER $3438.71,,Income
Exxon,Bridge toll,Transport
PAYPAL TRANSFER $3156.43,,Income
PROPERTY TAX $1946.36 Smart home,,Housing
ATM WITHDRAWAL FEE Wire,,Other
Medicine,Imaging,Healthcare
KAISER PERMANENTE $939.50,,Healthcare
Rent Payment,주택담보대출,Housing
WALGREENS #8631 $451.56,,Healthcare
PROPERTY TAX $2467.13 Repair,,Housing
Waste Management,,Bills & Utilities
GOVERNMENT PAYMENT $5.13 ATM,,Other
Pluralsight,Textbook,Education
DENTAL ASSOCIATES $14.12,,Healthcare
HOME DEPOT #9945 $1512.72,,Housing
Wayfair,Wedding gift,Shopping
CHEGG STUDY $1051.03,,Education
LensCrafters,dentista,Healthcare
Legal Services,Miscellaneous,Other
Penalty,,Other
RENT PAYMENT $1629.70,,Housing
Radio Cab,交通,Transport
WESTERN UNION $198.96,,Other
Parking Meter,Airline ticket,Transport
Kindle,Audiobook,Entertainment
FlixBus,비행기,Transport
UNITED AIRLINES $414.00,,Transport
UBER EATS *Hardee's PURCHASE,,Food & Drink
Cava,Delivery,Food & Drink
Photography,,Entertainment
DEBIT PURCHASE PetSmart,,Shopping
CubeSmart,reparo,Housing
American Home Shield,Maintenance,Housing
Netflix,Interest charge,Bills & Utilities
METRO TRANSIT $80.67,,Transport
Personal Trainer,musik,Entertainment
H&M,買い物,Shopping
BANK FEE $43.89 Babysitting,,Other
Tropical Smoothie,Dessert,Food & Drink
Bank of America,Annual tax refund,Income
Fitness Class,Meditation app,Entertainment
DOORDASH *Tandoori Nights PURCHASE,,Food & Drink
TICKETMASTER $90.62 Spa treatment,,Entertainment
Dairy Queen,खाना,Food & Drink
PHARMACY PURCHASE $997.81,,Healthcare
Shein,Ring,Shopping
Phone plan,बिल,Bills & Utilities
Yoga Studio,Overdue payment,Bills & Utilities
AMC THEATRES DUBAI $44.76,,Entertainment
Nando's,Soda,Food & Drink
AMAZON.COM PURCHASE $222.94 Baby items,,Shopping
Electric Bill,factures,Bills & Utilities
Travelers,सदस्यता,Bills & Utilities
Dermatologist,Procedure,Healthcare
AUTOPAY VERIZON WIRELESS $142.14,,Bills & Utilities
Fiverr,Airbnb income,Income
SCHOOL PAYMENT $597.42,,Education
NETFLIX.COM $180.67 Festival,,Entertainment
HOME DEPOT.COM $1925.91,,Housing
Workshop,образование,Education
Booking.com,Utility deposit,Housing
UDEMY COURSE $697.49,,Education
Michaels,खरीदारी,Shopping
Pet Emergency,,Healthcare
UPS SHIPPING $114.67 Various,,Other
Comixology,Pay-per-view,Entertainment
KAISER PERMANENTE $1433.90,,Healthcare
DEBIT CARD PURCHASE Kroger Fresh produce,,Food & Drink
QUEST DIAGNOSTICS $788.85,,Healthcare
RECURRING PAYMENT Insurance Premium,,Bills & Utilities
Greggs,café,Food & Drink
Psychologist,gesundheit,Healthcare
Walmart Pharmacy,Vaccination,Healthcare
WESTERN UNION $11.92,,Other
Plumbing,Plumber,Housing
ParkWhiz,Registration,Transport
Recycling,账单,Bills & Utilities
FiOS,보험,Bills & Utilities
UBER *TRIP $116.71,,Transport
UBER EATS *Carl's Jr. PURCHASE,,Food & Drink
SKILLSHARE $357.10,,Education
Urgent Care,ヘルスケア,Healthcare
Town Hall,Lost item,Other
ATM Fee,misceláneos,Other
DIRECT DEBIT Health Insurance $40.23,,Bills & Utilities
Auto Insurance,Auto payment,Transport
Apartment,alquiler,Housing
WESTERN UNION $76.10 Contribution,,Other
BOOK STORE $1481.95,,Education
Optometrist,Specialist visit,Healthcare
Alliance Française,университет,Education
Notebooks,educación,Education
Mayo Clinic,Medical,Healthcare
Aquarium,cine,Entertainment
Escape Room,,Entertainment
GOVERNMENT PAYMENT $54.60 Dry cleaning,,Other
Rite Aid,santé,Healthcare
Tax Payment,Monitoring fee,Bills & Utilities
ASOS,Charger,Shopping
Nike,,Shopping
STATE TREASURY REFUND Claim settlement,,Income
HOA Payment,,Housing
Lowe's,Gift,Shopping
BANK FEE $134.54,,Other
DIRECT DEBIT Life Insurance $188.13,,Bills & Utilities
Ophthalmologist,Diabetic supplies,Healthcare
TICKETMASTER $30.47,,Entertainment
AMC THEATRES LONDON $152.51,,Entertainment
KAISER PERMANENTE $1011.25 Pet surgery,,Healthcare
Hulu,सदस्यता,Bills & Utilities
State Farm,Maintenance fee,Bills & Utilities
U-Haul,Windows,Housing
Home Security,abonnement,Bills & Utilities
Photography,Wellness subscription,Entertainment
Poker Night,Streaming subscription,Entertainment
Neiman Marcus,Fragrance,Shopping
PLAYSTATION STORE $121.38,,Entertainment
Hawaiian Airlines,taxi,Transport
MasterClass,Learning,Education
HOA Payment,Landscaping,Housing
GEICO PAYMENT $171.39,,Bills & Utilities
STATE FARM INS $77.51 Family plan,,Bills & Utilities
Tile,Home insurance,Housing
Miscellaneous,Fine payment,Other
Electric Bill,,Bills & Utilities
STEAM PURCHASE $157.90 Fair,,Entertainment
ATM Fee,Other expense,Other
LSAT Prep,Lifetime access,Education
SKILLSHARE $25.52,,Education
E*Trade,remboursement,Income
JioMart,Clothes,Shopping
STOCK SALE FIDE $2732.12,,Income
Renters Insurance,Electric bill,Bills & Utilities
Nando's,Fries,Food & Drink
EVgo,교통,Transport
METRO TRANSIT $485.75,,Transport
Aldi STORE #9478 PURCHASE,,Food & Drink
Tile,Cleaning,Housing
COMCAST CABLE $197.21,,Bills & Utilities
Concert ticket,映画,Entertainment
CARD 5907 PURCHASE Curry House Morning coffee,,Food & Drink
LIVE NATION $41.99 Live music,,Entertainment
BOOK STORE $1612.46,,Education
METRO TRANSIT $228.70 Tire rotation,,Transport
LSAT Prep,curso,Education
Copy Shop,Prepaid load,Other
Curry House SUBSCRIPTION RENEWAL,,Food & Drink
DIRECT DEBIT Progressive $37.26,,Bills & Utilities
Alaska Airlines,Round trip,Transport
Civic,일반,Other
Book Store,Learning,Education
ONLINE ORDER GameStop Boots,,Shopping
Trainline,Inspection,Transport
Health Center,牙科,Healthcare
Jump Start,In-flight meal,Transport
UDEMY COURSE $1447.68 Monthly subscription,,Education
Pluralsight,Certification,Education
PLAYSTATION STORE $110.09,,Entertainment
ONLINE PURCHASE Dishoom.COM,,Food & Drink
HBO Max,बिल,Bills & Utilities
MEDICAL CENTER $1251.79 Medical visit,,Healthcare
COMCAST CABLE $169.27 Late fee,,Bills & Utilities
Capital Gains,Award,Income
Apartments.com,Remodel,Housing
METRO TRANSIT $443.50 Brake pads,,Transport
Petco,,Shopping
CHEGG STUDY $1739.18 Loan payment,,Education
Pet Boarding,Top-up,Other
Community College,école,Education
H-E-B,Frappuccino,Food & Drink
Crypto Exchange,دفعة,Income
TICKETMASTER $143.88,,Entertainment
VENMO CASHOUT $295.12 Claim settlement,,Income
STOCK SALE YARD $2598.24 Bonus,,Income
SHELL OIL DUBAI #9035,,Transport
Sport Rehab,,Healthcare
Rental Income,Online sale,Income
USPS POSTAGE $163.67,,Other
Music album,entretenimiento,Entertainment
YouTube Premium,Monthly fee,Bills & Utilities
Cisco Learning,Student loan,Education
Various,Stamp,Other
COMCAST CABLE $349.44,,Bills & Utilities
NIKE.COM ORDER PURCHASE Subscription box,,Shopping
Budget,,Transport
Dollar Tree,Boots,Shopping
POS PURCHASE KFC CHICAGO,,Food & Drink
QUEST DIAGNOSTICS $615.16,,Healthcare
Toptal,Refund,Income
IKEA,商店,Shopping
EXXON MOBIL #1488 Flight ticket,,Transport
Lottery Winnings,工资,Income
Thai Basil,Counter service,Food & Drink
Civic,Misc purchase,Other
ATM Fee,잡다,Other
Language School,Cooking class,Education
SpotHero,Daily commute,Transport
Mosque,Prepaid load,Other
LOWES #8153 $1970.34,,Housing
Pluralsight,Degree program,Education
FedEx,diversos,Other
AUTOPAY VERIZON WIRELESS $82.59,,Bills & Utilities
HOA DUES $1613.13,,Housing
Hardee's,فطور,Food & Drink
AT&T Store,einkaufen,Shopping
Skillshare,Grant,Education
PetSmart,Furniture,Shopping
Etsy,Licensing,Income
Starbucks STORE #2444 PURCHASE,,Food & Drink
HOSPITAL BILL $693.70 Imaging,,Healthcare
ADP Payroll,,Income
Lowe's,casa,Shopping
Vanguard,Freelance payment,Income
PAYPAL TRANSFER $8752.15,,Income
Republic Services,Security system,Bills & Utilities
Tailor,,Other
CreativeLive,English class,Education
AMC THEATRES SINGAPORE $183.52,,Entertainment
TICKETMASTER $127.30,,Entertainment
LabCorp,Follow-up,Healthcare
DOORDASH *Moe's Southwest Grill PURCHASE Chicken,,Food & Drink
FEDEx SHIPPING $51.18 Replacement,,Other
MISC PURCHASE $68.96,,Other
PROPERTY TAX $1656.23,,Housing
MEDICAL CENTER $537.77 Dental cleaning,,Healthcare
AT&T Store,,Shopping
Dance Classes,Online learning,Education
Rebate,Patent income,Income
NETFLIX.COM $19.25,,Entertainment
HOA Dues,Broadband,Bills & Utilities
Molly Maid,Home warranty,Housing
Etsy,GoFundMe,Income
STATE FARM INS $58.51,,Bills & Utilities
Nanny,Charity,Other
Stand-up Show,streaming,Entertainment
Avis,,Transport
Dance Classes,,Education
Trulia,Electrician,Housing
Temu,전자제품,Shopping
KAISER PERMANENTE $1268.08 Eye exam,,Healthcare
DIRECT DEBIT Gmail $85.30,,Bills & Utilities
TJX,,Shopping
Microsoft 365,订阅,Bills & Utilities
DOORDASH *Papa Murphy's PURCHASE Lunch,,Food & Drink
PHARMACY PURCHASE $447.56 Psychiatry,,Healthcare
CrossFit,seguro,Bills & Utilities
Movie rental,,Entertainment
ONLINE ORDER Online Shopping,,Shopping
Stand-up Show,Game purchase,Entertainment
SKILLSHARE $1325.55,,Education
Freelancer.com,paiement,Income
XBOX LIVE $184.68,,Entertainment
USAA,Direct debit,Bills & Utilities
ONLINE ORDER TJ Maxx,,Shopping
Disney+,facturas,Bills & Utilities
Notebooks,Loan payment,Education
APPLE STORE PURCHASE $83.48,,Shopping
Garage Door,,Housing
SAT Prep,universität,Education
Gucci,Adapter,Shopping
Mental Health,Procedure,Healthcare
Singapore Airlines,Uber,Transport
Extra Space,Monthly mortgage,Housing
Mechanic,Flight,Transport
Charles Schwab,Patent income,Income
Ola,Tire rotation,Transport
Con Edison,Subscription,Bills & Utilities
Thrift Store,divers,Other
USAA,Electric bill,Bills & Utilities
UBER EATS *Papa Murphy's PURCHASE,,Food & Drink
WALGREENS #8777 $81.07 Consultation,,Healthcare
CareNow,Physical exam,Healthcare
TJX,ملابس,Shopping
Myntra,Toddler,Shopping
Rent Payment,Monthly rent,Housing
COMCAST CABLE $82.35,,Bills & Utilities
Brinks,订阅,Bills & Utilities
ATM Fee,सामान्य,Other
Upwork,返金,Income
Sam's Club,Microtransaction,Shopping
Nanny,общее,Other
Gift Card,Replacement,Other
APPLE STORE PURCHASE $190.10 Beauty products,,Shopping
Kaiser Permanente,médico,Healthcare
UBER *TRIP $506.13,,Transport
SHELL OIL SINGAPORE #6884,,Transport
HOA Dues,보험,Bills & Utilities
USPS POSTAGE $194.06,,Other
Continuing Education,Coding bootcamp,Education
DEBIT PURCHASE Nordstrom Wedding gift,,Shopping
VENMO CASHOUT $2955.58,,Income
QUEST DIAGNOSTICS $816.00 Pharmacy,,Healthcare
Retirement Distribution,Interest payment,Income
STOCK SALE GIFT $8063.74 Part-time work,,Income
UPS SHIPPING $114.28,,Other
Curry House,Wrap,Food & Drink
Rite Aid,电子产品,Shopping
Theatre,Play,Entertainment
Yo! Sushi,Snack,Food & Drink
BEST BUY #2460 TORONTO Beauty products,,Shopping
DELTA AIR LINES $548.72,,Transport
LensCrafters,Procedure,Healthcare
PAYPAL TRANSFER $8168.40,,Income
STATE FARM INS $39.68,,Bills & Utilities
UNIVERSITY TUITION $1440.54 Student fee,,Education
PHARMACY PURCHASE $152.90 Crown,,Healthcare
CVS Pharmacy,,Healthcare
At Home,einkaufen,Shopping
DMV,Misc purchase,Other
Church,Tithe,Other
PLAYSTATION STORE $30.34,,Entertainment
UBER *TRIP $549.70 Vehicle lease,,Transport
SPOTIFY USA $76.11,,Entertainment
PROPERTY TAX $2209.98,,Housing
Charity,その他,Other
ONLINE PURCHASE Yo! Sushi.COM,,Food & Drink
LIVE NATION $82.99,,Entertainment
Paramount+,संगीत,Entertainment
Amazon Prime,Direct debit,Bills & Utilities
SCHOOL PAYMENT $1407.32 Guitar lesson,,Education
Veterinarian,X-ray,Healthcare
Dairy Queen,Burger,Food & Drink
Safeway,Family meal,Food & Drink
QUEST DIAGNOSTICS $369.10,,Healthcare
Termite Treatment,Maid service,Housing
Coach,,Shopping
Verizon,बिल,Bills & Utilities
Home Depot,Furniture,Shopping
Tax Return,付款,Income
DIRECT DEPOSIT PAYROLL $6146.62 Award,,Income
Bass Pro Shops,Online shopping,Shopping
USPS POSTAGE $138.46,,Other
FlixBus,First class,Transport
Rentokil,Maid service,Housing
Orkin,ипотека,Housing
PROPERTY TAX $2185.63 Rent,,Housing
Brake Service,Tire rotation,Transport
COURSERA PURCHASE $335.77,,Education
Apple TV+,Theme park,Entertainment
ATM WITHDRAWAL FEE Monthly subscription,,Other
DEBIT CARD PURCHASE El Pollo Loco Counter service,,Food & Drink
Instacart Grocery,,Food & Drink
Zelle,환급,Income
Ophthalmologist,Follow-up,Healthcare
Gucci,Holiday gift,Shopping
Amazon Prime,Family plan,Bills & Utilities
T-MOBILE AUTOPAY $231.11 Monthly fee,,Bills & Utilities
Drone,,Entertainment
COURSERA PURCHASE $1716.21,,Education
NETFLIX.COM $70.81 Open mic,,Entertainment
HP,Hat,Shopping
Hobby Lobby,खरीदारी,Shopping
Air France,Inspection,Transport
T-MOBILE AUTOPAY $309.10 Broadband,,Bills & Utilities
Child Support,,Bills & Utilities
UBER *TRIP $259.82 Vehicle lease,,Transport
HOSPITAL BILL $610.36,,Healthcare
WESTERN UNION $168.93,,Other
DIRECT DEPOSIT PAYROLL $6339.62,,Income
CVS PHARMACY #2692 $331.92 Crown,,Healthcare
Piano Lessons,Certificate program,Education
STEAM PURCHASE $197.56,,Entertainment
ACH CREDIT Disability,,Income
CareNow,Surgery,Healthcare
PlayStation Plus,Theatre,Entertainment
Professional Development,Guitar lesson,Education
StubHub,música,Entertainment
PLURALSIGHT $827.68 Guitar lesson,,Education
Laser Tag,jeux,Entertainment
NETFLIX.COM $133.64 Audiobook,,Entertainment
COMCAST CABLE $225.61 Security system,,Bills & Utilities
PLURALSIGHT $1902.04 Art class,,Education
Five Below,elektronik,Shopping
DataCamp,शिक्षा,Education
HOME DEPOT.COM $1521.64 Storage,,Housing
Khan Academy,Cooking class,Education
Tutor,éducation,Education
In-N-Out Burger,,Food & Drink
Comcast,,Bills & Utilities
Barnes & Noble,Game night,Entertainment
Severance,zahlung,Income
IRS TREAS 310 TAX REF Coaching,,Income
CVS PHARMACY #8192 $699.10,,Healthcare
LYFT RIDES $21.38,,Transport
Interest Payment,Monthly salary,Income
Contractor,reparatur,Housing
Twitch,Annual plan,Entertainment
H-E-B,Takeout,Food & Drink
FEDEx SHIPPING $84.98 Various,,Other
ER visit,LASIK,Healthcare
MEDICAL CENTER $424.64,,Healthcare
WALGREENS #1379 $855.40,,Healthcare
UPS,Monthly subscription,Other
DEBIT PURCHASE Dollar Tree,,Shopping
Live Nation,Annual plan,Entertainment
Newegg,,Shopping
Tax Payment,Maintenance fee,Bills & Utilities
Miscellaneous,,Other
PG&E ELECTRIC $301.25 Service fee,,Bills & Utilities
TICKETMASTER $185.14,,Entertainment
Apartments.com,Maid service,Housing
MEDICAL CENTER $1421.67,,Healthcare
HOME DEPOT #4350 $1712.49 Shipping,,Housing
T-MOBILE AUTOPAY $161.68,,Bills & Utilities
Yellow Cab,,Transport
DENTAL ASSOCIATES $1107.47,,Healthcare
Radiology Associates,चिकित्सा,Healthcare
Art School,,Education
Airport,Oil change,Transport
RENT PAYMENT $2945.58 Lease payment,,Housing
POS PURCHASE Butcher Shop SEOUL,,Food & Drink
MORTGAGE PAYMENT $1545.26 Paint,,Housing
SCHOOL PAYMENT $1896.71 Guitar lesson,,Education
Tax Preparer,,Other
SPOTIFY USA $68.97,,Entertainment
Heartland Dental,Surgery,Healthcare
Grubhub Order,Fresh produce,Food & Drink
Toll,One way,Transport
Indian Railways,,Transport
Princeton Review,Textbook,Education
Aspen Dental,Lab results,Healthcare
Hulu,assinatura,Bills & Utilities
Netflix,Streaming subscription,Entertainment
Charles Schwab,Bonus,Income
T-MOBILE AUTOPAY $261.20,,Bills & Utilities
FlixBus,,Transport
Lease,Lawn mowing,Housing
Chevron,,Transport
Pizza,Pizza,Food & Drink
ONLINE ORDER Retail Purchase Quarterly box,,Shopping
Amazon Music,,Entertainment
Pho Hoa,Pasta,Food & Drink
FEDEx SHIPPING $62.75 Tax prep,,Other
Craigslist Housing,Home improvement,Housing
WALGREENS #9461 $961.32 Medical supplies,,Healthcare
QUEST DIAGNOSTICS $1354.54 Prescription,,Healthcare
Facebook Marketplace Housing,Appliance,Housing
DOORDASH *Olive Garden PURCHASE Birthday cake,,Food & Drink
Etsy,Shop earnings,Income
Five Below,إلكترونيات,Shopping
BEST BUY #5053 DUBAI,,Shopping
Cisco Learning,Spanish class,Education
STATE FARM INS $336.75 Utility bill,,Bills & Utilities
STEAM PURCHASE $7.97,,Entertainment
Steam,Live show,Entertainment
IRCTC,Train ticket,Transport
Dairy Queen,Holiday dinner,Food & Drink
DIRECT DEBIT Health Insurance $161.53,,Bills & Utilities
Board Game Cafe,DLC,Entertainment
Pool Service,Vacation rental,Housing
GRE Prep,Course,Education
UDEMY COURSE $1326.38,,Education
AUTOPAY VERIZON WIRELESS $167.48,,Bills & Utilities
HOA DUES $1638.01,,Housing
RECURRING PAYMENT Netflix Finance charge,,Bills & Utilities
Rental Income,استرداد,Income
DOORDASH *Tesco PURCHASE,,Food & Drink
BJ's Wholesale,服装,Shopping
DEBIT PURCHASE Dollar General,,Shopping
BEST BUY #2227 SAO PAULO,,Shopping
AliExpress,Microtransaction,Shopping
Souplantation,Salad,Food & Drink
Bowling,,Entertainment
Vocational Training,Textbook,Education
Cisco Learning,Workshop,Education
QUEST DIAGNOSTICS $1439.92,,Healthcare
PAYPAL TRANSFER $3965.93,,Income
Longhorn Steakhouse,Date night,Food & Drink
CHEGG STUDY $1988.29 Books,,Education
Hulu,Film,Entertainment
CareNow,,Healthcare
T-MOBILE AUTOPAY $268.68 Family plan,,Bills & Utilities
MORTGAGE PAYMENT $2499.86 Lawn mowing,,Housing
PG&E ELECTRIC $335.32,,Bills & Utilities
Gym Membership,,Bills & Utilities
Public Storage,,Housing
APPLE STORE PURCHASE $83.53 Holiday gift,,Shopping
BANK FEE $123.28 Fine payment,,Other
STATE TREASURY REFUND Sublease,,Income
Mount Sinai,,Healthcare
PG&E ELECTRIC $330.53 Broadband,,Bills & Utilities
FiOS,Subscription,Bills & Utilities
NETFLIX.COM $167.92,,Entertainment
Pet Emergency,Imaging,Healthcare
Government,सामान्य,Other
PHARMACY PURCHASE $361.75,,Healthcare
GOVERNMENT PAYMENT $170.89,,Other
DEBIT CARD PURCHASE Safeway,,Food & Drink
TARGET T-2311 PURCHASE Sunglasses,,Shopping
Tax Preparer,diversos,Other
Skillshare,,Education
ONLINE PURCHASE Tea House.COM,,Food & Drink
Red Lobster,점심,Food & Drink
VENMO CASHOUT $8744.17,,Income
Late Fee,Wire,Other
MEDICAL CENTER $1408.67 Diabetic supplies,,Healthcare
PARKING TOKYO $704.98 Annual pass,,Transport
USPS POSTAGE $80.42 Transfer,,Other
AMC THEATRES TORONTO $183.40 Game night,,Entertainment
Imaging Center,Medicine,Healthcare
Cleaning Service,hogar,Housing
Amazon Locker,अन्य,Other
GCP Training,,Education
RENT PAYMENT $2479.10,,Housing
STEAM PURCHASE $11.48,,Entertainment
Papa John's,Water,Food & Drink
West End,Pay-per-view,Entertainment
Charles Schwab,Award,Income
PG&E ELECTRIC $21.37,,Bills & Utilities
AUTOPAY VERIZON WIRELESS $63.08,,Bills & Utilities
HOME DEPOT.COM $2590.80 Security,,Housing
Landscaping,,Housing
Cleaning Service,Home insurance,Housing
Qdoba,Weekly groceries,Food & Drink
AT&T Store,Watch,Shopping
U-Haul,Airbnb stay,Housing
Barnes & Noble,jogos,Entertainment
Salvation Army,Postage,Other
Tax Payment,مرافق,Bills & Utilities
Denny's,Late night snack,Food & Drink
UPS SHIPPING $161.39,,Other
SCHOOL PAYMENT $933.85,,Education
ONLINE PURCHASE Dutch Bros.COM,,Food & Drink
Lime,Bus fare,Transport
VENMO CASHOUT $6307.71 Insurance payout,,Income
BANK FEE $157.55,,Other
Commission,Cash back reward,Income
XBOX LIVE $24.34 Premium subscription,,Entertainment
Property Management Co.,,Housing
Blood test,gesundheit,Healthcare
H&M,Phone case,Shopping
Condo Fees,versorgung,Bills & Utilities
Angi,Flooring,Housing
CVS PHARMACY #3678 $619.59 Medical bill,,Healthcare
City Bus,택시,Transport
Walmart Pharmacy,COVID vaccine,Healthcare
Home Insurance,Wireless service,Bills & Utilities
PURCHASE AUTHORIZED Bakery $69.80,,Food & Drink
Lawn Care,Renovation,Housing
GRE Prep,Online course,Education
Insomnia Cookies STORE #8039 PURCHASE Groceries,,Food & Drink
POS PURCHASE KFC TOKYO,,Food & Drink
LSAT Prep,,Education
UPS SHIPPING $149.95,,Other
PHARMACY PURCHASE $430.44 Blood work,,Healthcare
UBER EATS *Walmart PURCHASE,,Food & Drink
Xfinity,サブスクリプション,Bills & Utilities
Qatar Airways,Checked bag,Transport
Safeway,Salad,Food & Drink
Air France,وقود,Transport
Redfin,住宅,Housing
DIVIDEND BANK $4621.65 Monthly salary,,Income
AUTOPAY VERIZON WIRELESS $210.70,,Bills & Utilities
Nintendo Online,DLC,Entertainment
Pet Store,Handling,Other
Marco's Pizza,,Food & Drink
Facebook Marketplace,vivienda,Housing
DELTA AIR LINES $61.38 Taxi,,Transport
Crutches,Pet medication,Healthcare
PLAYSTATION STORE $68.63 Music streaming,,Entertainment
RENT PAYMENT $1208.81 Property tax,,Housing
SPOTIFY USA $163.05 Movie ticket,,Entertainment
QUEST DIAGNOSTICS $1358.00,,Healthcare
Health Center,طبي,Healthcare
BANK FEE $104.52,,Other
PROPERTY TAX $2205.43 Rent,,Housing
Vivid Seats,Movie ticket,Entertainment
Pharmacy,,Healthcare
Self Storage,ATM,Other
ONLINE ORDER Bloomingdale's,,Shopping
Flipkart,Retail,Shopping
AAA,,Transport
Festival pass,Museum visit,Entertainment
AWS Training,Swimming lesson,Education
Paycheck,Rental property,Income
IRS TREAS 310 TAX REF Cash back reward,,Income
Home Warranty,ипотека,Housing
National Grid,Broadband,Bills & Utilities
Social Security,付款,Income
MISC PURCHASE $159.13 Infraction,,Other
Alliance Française,Course,Education
Ulta Beauty,Toddler,Shopping
PAYPAL TRANSFER $1744.02,,Income
Mercado Libre,,Shopping
UNIVERSITY TUITION $825.05,,Education
Laundromat,Unit rental,Other
Pottery Barn,дом,Shopping
Notary,sonstiges,Other
UPS SHIPPING $182.17,,Other
BEST BUY #4081 MUMBAI Game purchase,,Shopping
Appliance Store,Roofing,Housing
Side Gig,reembolso,Income
GEICO PAYMENT $30.50,,Bills & Utilities
PG&E ELECTRIC $31.94,,Bills & Utilities
Physical Therapy,स्वास्थ्य,Healthcare
Freelance Client,ingresos,Income
TARGET T-3511 PURCHASE,,Shopping
E-ZPass,Oil change,Transport
Bonus Payment,Capital gains,Income
IRS TREAS 310 TAX REF Points redemption,,Income
TICKETMASTER $135.83,,Entertainment
HBO Max,monthly charge,Bills & Utilities
Live Nation,엔터테인먼트,Entertainment
Game Ticket,musik,Entertainment
Greyhound,taxi,Transport
Raising Cane's,,Food & Drink
CompTIA,,Education
PROPERTY TAX $2327.40,,Housing
GEICO PAYMENT $292.89 Recurring charge,,Bills & Utilities
Metro,यात्रा,Transport
Vanguard,Annual tax refund,Income
Surgery,병원,Healthcare
Piano Lessons,escola,Education
Emergency room,medizinisch,Healthcare
Cava,Business lunch,Food & Drink
HOSPITAL BILL $1376.47,,Healthcare
COMCAST CABLE $283.77 Broadband,,Bills & Utilities
Casino,Museum visit,Entertainment
SKILLSHARE $941.82,,Education
WESTERN UNION $5.97,,Other
Cisco Learning,Textbook,Education
Hulu,,Bills & Utilities
CARD 4834 PURCHASE Buffalo Wild Wings Catering order,,Food & Drink
PURCHASE AUTHORIZED Noodle Shop $35.20 Tea,,Food & Drink
CompTIA,школа,Education
PLAYSTATION STORE $83.93,,Entertainment
Casino,,Other
Under Armour,покупки,Shopping
WESTERN UNION $61.12 Daily purchase,,Other
Medical Center,Blood work,Healthcare
Gusto Payroll,Donation received,Income
WAL-MART SUPERCENTER #7641,,Shopping
HOSPITAL BILL $1056.64,,Healthcare
Disability,,Income
Texas Roadhouse,저녁,Food & Drink
Settlement,भुगतान,Income
COMCAST CABLE $48.87 Service fee,,Bills & Utilities
GoFundMe,Daily purchase,Other
BANK FEE $56.53 Gift card purchase,,Other
OB/GYN,dentiste,Healthcare
University,Data science course,Education
PARKING CHICAGO $27.26,,Transport
Transit Pass,Charging,Transport
Dermatologist,Medical visit,Healthcare
freeCodeCamp,Piano lesson,Education
Flatiron School,Test preparation,Education
STEAM PURCHASE $21.34,,Entertainment
Lyft,Detailing,Transport
Freelance Client,,Income
Ride Share,Monthly transit,Transport
D&D Session,Expansion,Entertainment
Cleveland Clinic,pharmacie,Healthcare
Sonic,,Food & Drink
Vanguard,State refund,Income
GOVERNMENT PAYMENT $113.01,,Other
Vivint,Electric bill,Bills & Utilities
XBOX LIVE $68.29,,Entertainment
Freelance Payment,Coaching,Income
Supplement,Vaccination,Healthcare
UNITED AIRLINES $623.00,,Transport
PARKING SINGAPORE $768.98,,Transport
TICKETMASTER $55.77,,Entertainment
USPS POSTAGE $103.80,,Other
GOVERNMENT PAYMENT $21.18,,Other
Security System,Moving,Housing
Discovery+,Pay-per-view,Entertainment
PARKING SINGAPORE $648.16 Regular gas,,Transport
Mattress Store,Airbnb stay,Housing
Coursera,libros,Education
LIVE NATION $72.77 Theme park,,Entertainment
PLURALSIGHT $1837.37,,Education
Bond Maturity,返金,Income
DELTA AIR LINES $89.85 Bus fare,,Transport
DELTA AIR LINES $583.42 Round trip,,Transport
Macy's,Clothing,Shopping
Facebook Marketplace,reparación,Housing
Spectrum,구독,Bills & Utilities
Pho Hoa,음식,Food & Drink
West End,Fair,Entertainment
Chipotle,,Food & Drink
Cash App,Donation received,Income
GCP Training,libros,Education
DELTA AIR LINES $149.53 Inspection,,Transport
DEBIT CARD PURCHASE Hardee's,,Food & Drink
PetSmart,Birthday gift,Shopping
Lufthansa,Taxi,Transport
Notary,,Other
Storage,,Other
COMCAST CABLE $249.27 Cloud storage,,Bills & Utilities
EA Play,Museum visit,Entertainment
USPS POSTAGE $84.11 Kennel,,Other
Babbel,,Entertainment
Sears Optical,Physical exam,Healthcare
APPLE STORE PURCHASE $224.34 Shoes,,Shopping
Google Career Certificates,,Education
Coursera,Yoga class,Education
In-N-Out Burger,Brunch,Food & Drink
STATE TREASURY REFUND Cash back reward,,Income
Kate Spade,Home decor,Shopping
Duke Energy,Convenience fee,Bills & Utilities
PG&E,,Bills & Utilities
Airbnb,Paint,Housing
PAYPAL TRANSFER $4382.57 Bond interest,,Income
Moe's Southwest Grill,Lunch,Food & Drink
Go-Karts,موسيقى,Entertainment
COURSERA PURCHASE $358.67,,Education
Upwork,,Income
MAINTENANCE Pool Service $2875.47,,Housing
Bath & Body Works,Home decor,Shopping
Juice Bar,,Food & Drink
Cleveland Clinic,Braces,Healthcare
FEDEx SHIPPING $122.29,,Other
BJ's Wholesale,Online shopping,Shopping
Uber,ईंधन,Transport
FiOS,,Bills & Utilities
UNIVERSITY TUITION $1572.97,,Education
DIRECT DEBIT Frontier Communications $64.84,,Bills & Utilities
DIRECT DEPOSIT PAYROLL $8589.33,,Income
METRO TRANSIT $564.96,,Transport
DEBIT PURCHASE Adidas,,Shopping
Test Prep,Lifetime access,Education
Noodle Shop,Deli order,Food & Drink
MISC PURCHASE $199.85,,Other
Tailor,Certification,Other
SHELL OIL MUMBAI #8368 Car rental,,Transport
POS PURCHASE Noodle Shop SAO PAULO,,Food & Drink
Charity,,Other
Retail Purchase,Phone case,Shopping
DENTAL ASSOCIATES $740.08 Wellness visit,,Healthcare
AMC THEATRES SINGAPORE $145.15 Comedy show,,Entertainment
Medical equipment,,Healthcare
School Supplies,образование,Education
Language School,学校,Education
Theme Park,Spa treatment,Entertainment
Singapore Airlines,combustível,Transport
CenturyLink,,Bills & Utilities
Health insurance copay,दंत चिकित्सक,Healthcare
Prepaid plan,Overdue payment,Bills & Utilities
Phone plan,Overdue payment,Bills & Utilities
Paramount+,Podcast,Entertainment
LYFT RIDES $173.12,,Transport
The Halal Guys,咖啡,Food & Drink
Venmo,Sublease,Income
Wendy's,Lunch,Food & Drink
Disney+,DLC,Entertainment
COURSERA PURCHASE $1762.76,,Education
LIVE NATION $78.75,,Entertainment
TARGET T-2030 PURCHASE Beauty products,,Shopping
Planet Fitness,Installation fee,Bills & Utilities
Kaiser Permanente,Hospital stay,Healthcare
OB/GYN,zahnarzt,Healthcare
YouTube Music,Music streaming,Entertainment
Grooming,Replacement,Other
UDEMY COURSE $1250.24 Tuition payment,,Education
ONLINE PURCHASE IHOP.COM Burrito,,Food & Drink
DIVIDEND WOOC $7256.56,,Income
Shell,Parking weekly,Transport
Training Course,교육,Education
Women's Health Center,,Healthcare
DIVIDEND RENT $5191.04,,Income
EVgo,Metro pass,Transport
CVS PHARMACY #1506 $1002.89,,Healthcare
Ticketmaster,,Entertainment
Cedars-Sinai,Urgent care,Healthcare
WAL-MART SUPERCENTER #7393,,Shopping
PAYPAL TRANSFER $9121.35 Commission,,Income
Rite Aid,hospital,Healthcare
Smart Lock,Pest control,Housing
Betting,unterhaltung,Entertainment
HP,,Shopping
Bath & Body Works,,Shopping
Wire Transfer Fee,その他,Other
AUTOPAY VERIZON WIRELESS $196.25 Direct debit,,Bills & Utilities
Test Prep,교육,Education
CVS,Jeans,Shopping
DEBIT PURCHASE Bloomingdale's Phone case,,Shopping
Brilliant,大学,Education
DIRECT DEPOSIT PAYROLL $595.35 Tax refund,,Income
Starbucks,Espresso,Food & Drink
Skillsoft,escuela,Education
KAISER PERMANENTE $113.82 Root canal,,Healthcare
Coursera,Swimming lesson,Education
MEDICAL CENTER $1426.70,,Healthcare
BP Pulse,Brake pads,Transport
ATM Fee,Daily purchase,Other
Golden Corral,almuerzo,Food & Drink
Flower Shop,Daycare,Other
U-Haul,hipoteca,Housing
BEST BUY #1890 LOS ANGELES,,Shopping
ONLINE ORDER Sephora Cable,,Shopping
Pizza Place,mittagessen,Food & Drink
Nightclub,سينما,Entertainment
Home Depot,,Housing
Pay-per-view,juegos,Entertainment
HOME DEPOT #5526 $851.72,,Housing
Domino's,Pizza delivery,Food & Drink
Medical equipment,hôpital,Healthcare
RENT PAYMENT $908.40,,Housing
RENT PAYMENT $822.89 Plumber,,Housing
DMV,Daily purchase,Other
KAISER PERMANENTE $1147.08,,Healthcare
Adidas,衣類,Shopping
Broadway,ストリーミング,Entertainment
VENMO CASHOUT $4030.37 Claim settlement,,Income
Prepaid Card,,Other
Royalty Payment,Side hustle,Income
WAL-MART SUPERCENTER #6234,,Shopping
SHELL OIL CHICAGO #1815,,Transport
Surgery,फार्मेसी,Healthcare
Genki Sushi,Snack,Food & Drink
USPS POSTAGE $196.81,,Other
CHEGG STUDY $1136.81,,Education
Biryani Palace,Catering order,Food & Drink
Convenience Fee,,Other
DELTA AIR LINES $50.28,,Transport
Disability,수입,Income
Ulta Beauty,,Shopping
Government,Daily purchase,Other
KAISER PERMANENTE $247.60 Supplement,,Healthcare
Refund,Freelance work,Income
UBER EATS *Chick-fil-A PURCHASE,,Food & Drink
Ambulance,LASIK,Healthcare
Buffalo Wild Wings,Cake,Food & Drink
CVS PHARMACY #3287 $422.84 Doctor visit,,Healthcare
Apple,Gift,Shopping
MISC PURCHASE $75.38,,Other
UNITED AIRLINES $455.82 Annual pass,,Transport
GoFundMe,Damage payment,Other
AMAZON.COM PURCHASE $432.64 Beauty products,,Shopping
Adidas,,Shopping
Ramen Ichiran,किराने का सामान,Food & Drink
Facebook Marketplace Housing,,Housing
BOOK STORE $214.78,,Education
Bun Bo Hue,Afternoon tea,Food & Drink
Legal Services,Legal fee,Other
Transit Authority,ईंधन,Transport
UPS SHIPPING $9.38,,Other
Royalty Payment,,Income
Udemy,Scholarship,Education
STATE TREASURY REFUND Side hustle,,Income
DEBIT CARD PURCHASE Bun Bo Hue Milkshake,,Food & Drink
Town Hall,Miscellaneous,Other
General Assembly,Language learning,Education
Ring Doorbell,Monthly rent,Housing
GEICO PAYMENT $231.92 Gas bill,,Bills & Utilities
WALGREENS #9561 $1329.35,,Healthcare
JetBlue,,Transport
TICKETMASTER $164.32 Premium subscription,,Entertainment
TARGET T-1982 PURCHASE,,Shopping
BlaBlaCar,Highway toll,Transport
Denny's,Beer,Food & Drink
Chili's,Family meal,Food & Drink
GEICO PAYMENT $107.04 Finance charge,,Bills & Utilities
UBER *TRIP $532.95 Gas,,Transport
Texas Roadhouse,Quick bite,Food & Drink
Con Edison,Wireless service,Bills & Utilities
Lottery Winnings,devolución,Income
Freelancer.com,reembolso,Income
Storage,一般,Other
DHL,Other,Other
LOWES #1785 $2204.20,,Housing
PHARMACY PURCHASE $1230.10,,Healthcare
Facebook Marketplace,Packing,Housing
Seminar,Cooking class,Education
Publix STORE #4614 PURCHASE,,Food & Drink
Consulting Fee,,Income
Life Coach,,Healthcare
E-ZPass,Fuel,Transport
AT&T,monthly charge,Bills & Utilities
T-Mobile Store,Charger,Shopping
CHEGG STUDY $527.56 Language learning,,Education
Landscaping,Lease payment,Housing
Ecobee,Monthly mortgage,Housing
BANK FEE $23.51,,Other
Lyft,Monthly transit,Transport
CARD 5443 PURCHASE Publix Sushi,,Food & Drink
Raising Cane's,Afternoon tea,Food & Drink
Nykaa,ショッピング,Shopping
MEDICAL CENTER $68.41,,Healthcare
AUTOPAY VERIZON WIRELESS $114.39,,Bills & Utilities
Continuing Education,Study material,Education
Yard Sale,वेतन,Income
Uber,Ride share,Transport
Microsoft 365,Phone bill,Bills & Utilities
Home Security,Internet,Bills & Utilities
MAINTENANCE Ace Hardware $2909.17 Plumber,,Housing
EXXON MOBIL #8043 Gas,,Transport
Sale Proceeds,Refund,Income
UNIVERSITY TUITION $587.59,,Education
Netflix,Wellness subscription,Entertainment
Rail Europe,Oil change,Transport
VENMO CASHOUT $7317.81,,Income
CT scan,X-ray,Healthcare
BANK FEE $183.05 Dry cleaning,,Other
Papa Murphy's,обед,Food & Drink
DENTAL ASSOCIATES $695.26,,Healthcare
FEDEx SHIPPING $166.15,,Other
Lease Payment,Bus fare,Transport
HOME DEPOT #4709 $2725.03,,Housing
Season Pass,Expansion,Entertainment
METRO TRANSIT $403.12,,Transport
Baggage Fee,Airport lounge,Transport
Valet Parking,Registration,Transport
Butcher Shop,Bowl,Food & Drink
Caffe Nero SUBSCRIPTION RENEWAL,,Food & Drink
Zelle,راتب,Income
HVAC,hogar,Housing
Card Game,Season pass,Entertainment
United Airlines,In-flight meal,Transport
NIKE.COM ORDER PURCHASE School supplies,,Shopping
Seminar,Enrollment,Education
Retainer,환급,Income
STOCK SALE ROYA $2287.84 Gig payment,,Income
STEAM PURCHASE $13.42,,Entertainment
Charter,보험,Bills & Utilities
AT&T,Interest charge,Bills & Utilities
MISC PURCHASE $46.43,,Other
MORTGAGE PAYMENT $1070.64,,Housing
CHEGG STUDY $314.60,,Education
UBER *TRIP $732.88,,Transport
Princeton Review,Spanish class,Education
POS PURCHASE McDonald's NEW YORK,,Food & Drink
Karaoke,Fair,Entertainment
MAINTENANCE Flooring $1804.15 Monthly rent,,Housing
HOA DUES $1960.95,,Housing
Yoga Studio,,Bills & Utilities
NETFLIX.COM $75.37 Gym membership,,Entertainment
DELTA AIR LINES $429.08,,Transport
Handyman,رهن عقاري,Housing
Apple,Keyboard,Shopping
Pret A Manger,,Food & Drink
Subway STORE #5922 PURCHASE,,Food & Drink
RECURRING PAYMENT Ring,,Bills & Utilities
Broadway,Theme park,Entertainment
Laundromat,Miscellaneous,Other
Property Tax,Moving,Housing
WAL-MART SUPERCENTER #7385 Subscription box,,Shopping
Rite Aid,Ring,Shopping
METRO TRANSIT $91.94,,Transport
Michaels,vêtements,Shopping
Prize Money,Airbnb income,Income
Qdoba,dîner,Food & Drink
WAL-MART SUPERCENTER #6073,,Shopping
RENT PAYMENT $1944.19,,Housing
Chanel,Sports equipment,Shopping
Employer Inc.,revenu,Income
Certification Program,本,Education
NETFLIX.COM $194.60 Meditation app,,Entertainment
Voucher,Storage rental,Other
DMV,Transfer,Other
LIVE NATION $185.28 Gym membership,,Entertainment
PG&E ELECTRIC $35.60,,Bills & Utilities
MEDICAL CENTER $1212.13,,Healthcare
FEDEx SHIPPING $96.09,,Other
Sweetgreen,Dinner,Food & Drink
JOANN,electrónica,Shopping
Department Store,Belt,Shopping
RENT PAYMENT $1957.08,,Housing
Thai Basil,Salad,Food & Drink
SCHOOL PAYMENT $892.40,,Education
AUTOPAY VERIZON WIRELESS $106.58,,Bills & Utilities
Popeyes,Business lunch,Food & Drink
Ophthalmologist,,Healthcare
PROPERTY TAX $1618.13,,Housing
UNITED AIRLINES $339.29 Uber,,Transport
TICKETMASTER $41.55,,Entertainment
Sewer District,Security system,Bills & Utilities
CARD 3959 PURCHASE Arby's,,Food & Drink
CHEGG STUDY $1909.19,,Education
Content subscription,E-book,Entertainment
Kaiser Permanente,医院,Healthcare
ATM WITHDRAWAL FEE Delivery,,Other
Zara,compras,Shopping
ATM WITHDRAWAL FEE Laundry,,Other
Stock Sale,Part-time work,Income
Dollar General,电子产品,Shopping
Zillow,Home insurance,Housing
USPS POSTAGE $105.98 ATM,,Other
Michaels,Birthday gift,Shopping
Nightclub,Live music,Entertainment
APPLE STORE PURCHASE $272.63 Printer,,Shopping
Refund,IRS refund,Income
PAYPAL TRANSFER $8690.24,,Income
Dry Cleaners,прочее,Other
Kaiser Permanente,Doctor visit,Healthcare
Sweet Tomatoes,Quick bite,Food & Drink
Peet's Coffee,Sushi,Food & Drink
Electrify America,燃料,Transport
UPS SHIPPING $1.88 Donation,,Other
UNIVERSITY TUITION $1693.03 Application fee,,Education
JioMart,Birthday gift,Shopping
Taxi,Daily commute,Transport
USPS POSTAGE $6.25 Certification,,Other
Naan Stop,Dinner,Food & Drink
CARD 0637 PURCHASE Caffe Nero,,Food & Drink
Garage Sale,Royalties,Income
CT scan,طبي,Healthcare
MRI,Medical supplies,Healthcare
Ophthalmologist,Crown,Healthcare
P.O. Box,общее,Other
Coinbase,Stock dividend,Income
UDEMY COURSE $751.39 Learning,,Education
AUTOPAY VERIZON WIRELESS $169.18 monthly charge,,Bills & Utilities
PG&E ELECTRIC $122.40,,Bills & Utilities
COURSERA PURCHASE $1377.23 Dance class,,Education
KAISER PERMANENTE $404.16 Vitamins,,Healthcare
HOA DUES $2983.35,,Housing
MAINTENANCE Realtor.com $793.16,,Housing
Pharmacy,Prescription,Healthcare
FEDEx SHIPPING $69.65,,Other
HOA DUES $2794.86 Property tax,,Housing
Lufthansa,Car rental,Transport
FEDEx SHIPPING $10.70 Top-up,,Other
PARKING LOS ANGELES $710.23,,Transport
Merry Maids,Lease payment,Housing
AUTOPAY VERIZON WIRELESS $108.00,,Bills & Utilities
Facebook Marketplace,رهن عقاري,Housing
HP,Scarf,Shopping
PARKING SAO PAULO $458.62 Long distance ride,,Transport
Radio Cab,транспорт,Transport
DIVIDEND FEDE $7893.03,,Income
KAISER PERMANENTE $79.15,,Healthcare
Progressive,Service charge,Bills & Utilities
PROPERTY TAX $2384.77 Flooring,,Housing
UBER EATS *Insomnia Cookies PURCHASE Afternoon tea,,Food & Drink
LYFT RIDES $524.51,,Transport
MAINTENANCE Budget Truck $1600.37,,Housing
Apprenticeship,교육,Education
TNT,,Other
Bond Maturity,給与,Income
Rewards,Refund,Income
Home Warranty,,Housing
Ring,Late fee,Bills & Utilities
HOSPITAL BILL $1114.24,,Healthcare
QUEST DIAGNOSTICS $1282.54,,Healthcare
VENMO CASHOUT $3394.22 Holiday pay,,Income
Audible,ストリーミング,Entertainment
MIT OpenCourseWare,schule,Education
Crunchyroll,,Entertainment
Funimation,musik,Entertainment
Google Workspace,Service fee,Bills & Utilities
Spa Day,Museum visit,Entertainment
COURSERA PURCHASE $255.45 Dance class,,Education
LYFT RIDES $148.92,,Transport
El Pollo Loco,Deli order,Food & Drink
Hard Rock Cafe SUBSCRIPTION RENEWAL,,Food & Drink
Parking,,Transport
UBER *TRIP $427.61 Oil change,,Transport
Vanpool,Bridge toll,Transport
Sweetgreen,restaurant,Food & Drink
Landscaping,hypothek,Housing
LOWES #4481 $1976.76 Repair supplies,,Housing
Longhorn Steakhouse,Meal,Food & Drink
Sewer Bill,公用事业,Bills & Utilities
ADT,구독,Bills & Utilities
Textbook Store,Study material,Education
Community College,Learning,Education
FEDEx SHIPPING $82.25,,Other
Property Tax,,Bills & Utilities
RECURRING PAYMENT Gmail,,Bills & Utilities
CompTIA,Data science course,Education
Molly Maid,Flooring,Housing
PHARMACY PURCHASE $567.11,,Healthcare
Under Armour,Quarterly box,Shopping
FedEx,allgemein,Other
SPOTIFY USA $193.41,,Entertainment
ATM WITHDRAWAL FEE Damage payment,,Other
Freenow,飞机,Transport
Locksmith,Packing,Housing
Refund,付款,Income
KAISER PERMANENTE $349.71 Vaccination,,Healthcare
LIVE NATION $82.67 Wellness subscription,,Entertainment
Rebate,Claim settlement,Income
Gucci,Gloves,Shopping
SSDI,Rental income,Income
Service Charge,,Other
Penske,Maid service,Housing
Shake Shack SUBSCRIPTION RENEWAL Iced Coffee,,Food & Drink
Binance,,Income
Thrift Store,,Other
DHL,Penalty,Other
School Supplies,Study material,Education
BOOK STORE $1691.51 Technology fee,,Education
Applebee's SUBSCRIPTION RENEWAL Counter service,,Food & Drink
LIVE NATION $160.17,,Entertainment
Car Wash,First class,Transport
Content subscription,Fitness class,Entertainment
IRCTC,Regular gas,Transport
Burger King,Quick bite,Food & Drink
Mini Golf,Premium subscription,Entertainment
Disability,Bond interest,Income
E-commerce Purchase,kleidung,Shopping
FEDEx SHIPPING $138.33 Faxing,,Other
Nando's,Business lunch,Food & Drink
SimpliSafe,Fiber,Bills & Utilities
Electrical,抵押贷款,Housing
CHEGG STUDY $494.12 Practice exam,,Education
PG&E,اشتراك,Bills & Utilities
MEDICAL CENTER $86.97 Vitamins,,Healthcare
MORTGAGE PAYMENT $2431.48,,Housing
Wingstop,Groceries,Food & Drink
Walmart,Milkshake,Food & Drink
Bonus,erstattung,Income
SHELL OIL HOUSTON #2672,,Transport
Thumbtack,Packing,Housing
Golden Corral,Grocery run,Food & Drink
HomeGoods,가게,Shopping
GEICO PAYMENT $157.43 Service fee,,Bills & Utilities
Employer Payroll,Investment return,Income
Roofing,reparación,Housing
GOVERNMENT PAYMENT $153.29 Various,,Other
The Halal Guys,Date night,Food & Drink
Bass Pro Shops,電子機器,Shopping
Federal Refund,수입,Income
Cava,식료품,Food & Drink
Chick-fil-A,,Food & Drink
Fry's Electronics,ショッピング,Shopping
Continuing Education,Monthly subscription,Education
ER visit,Medical visit,Healthcare
RENT PAYMENT $2465.06 HOA fee,,Housing
Azure Certification,escola,Education
SKILLSHARE $248.93 Test preparation,,Education
MORTGAGE PAYMENT $2427.66 HOA fee,,Housing
Tidal,cinéma,Entertainment
Southwest Airlines,,Transport
WALGREENS #4855 $524.62 Pharmacy,,Healthcare
Garage Sale,收入,Income
Notebooks,Language learning,Education
Lowe's,سكن,Housing
AMC THEATRES SAO PAULO $102.27,,Entertainment
Chili's,,Food & Drink
Property Tax,Standing order,Bills & Utilities
CVS,Fragrance,Shopping
DEBIT CARD PURCHASE Chipotle Wine,,Food & Drink
LIVE NATION $142.89,,Entertainment
MEDICAL CENTER $1373.84,,Healthcare
FedEx Office,Monthly subscription,Other
QUEST DIAGNOSTICS $717.02,,Healthcare
Wish,Accessories,Shopping
Prescription,Doctor visit,Healthcare
Babbel,Pay-per-view,Entertainment
LabCorp,santé,Healthcare
D&D Session,Meditation app,Entertainment
Spirit,táxi,Transport
SHELL OIL SYDNEY #3125,,Transport
Airbnb,Licensing,Income
Freelance Payment,Licensing,Income
Spotify,,Entertainment
Craigslist Housing,बंधक,Housing
Radiology Associates,अस्पताल,Healthcare
WAL-MART SUPERCENTER #4593,,Shopping
VRBO,reparación,Housing
Social Security,Overtime,Income
Clinic,医疗,Healthcare
Mosquito Control,홈,Housing
Crutches,farmacia,Healthcare
Vision Center,Urgent care,Healthcare
Settlement,Paycheck,Income
Internet Bill,Installation fee,Bills & Utilities
Karaoke,流媒体,Entertainment
Sushi,Japanese,Food & Drink
Refund,,Income
Little Caesars,Birthday cake,Food & Drink
Nightclub,Streaming subscription,Entertainment
GOVERNMENT PAYMENT $98.22,,Other
Applebee's,Brunch,Food & Drink
DELTA AIR LINES $357.88 Parking weekly,,Transport
PHARMACY PURCHASE $886.88,,Healthcare
SAT Prep,Certification,Education
Employer Payroll,,Income
Camera equipment,streaming,Entertainment
Tax Return,Insurance payout,Income
Instituto Cervantes,Lifetime access,Education
Disney+,खेल,Entertainment
UDEMY COURSE $1726.20 Tuition payment,,Education
Grocery Store,Cappuccino,Food & Drink
Mosque,Scanning,Other
Cleaning Service,Shipping,Housing
First Aid,medizinisch,Healthcare
Concert,,Entertainment
Myntra,Quarterly box,Shopping
Conference,Certificate program,Education
Smart Lock,,Housing
Medical bill,LASIK,Healthcare
RECURRING PAYMENT State Farm Installation fee,,Bills & Utilities
Fitness Class,jogos,Entertainment
Enterprise Rent-A-Car,Diesel,Transport
DEBIT PURCHASE Marketplace Order,,Shopping
Funimation,Rental,Entertainment
eBay,Baby items,Shopping
Kroger,식료품,Food & Drink
At Home,Outdoor gear,Shopping
Electrician,किराया,Housing
COURSERA PURCHASE $1032.81,,Education
Toll,Car rental,Transport
Amtrak,تاكسي,Transport
WALGREENS #3659 $1456.81 Hospital stay,,Healthcare
D&D Session,Spa treatment,Entertainment
Health Insurance,公共料金,Bills & Utilities
Notary,divers,Other
VENMO CASHOUT $8148.58,,Income
Art Gallery,,Entertainment
Psychiatrist,चिकित्सा,Healthcare
Costco,Sushi,Food & Drink
PayPal,revenu,Income
LYFT RIDES $654.90,,Transport
UDEMY COURSE $515.21,,Education
MRI,Counseling,Healthcare
Art School,大学,Education
Counseling Center,,Healthcare
Ashley Furniture,Outdoor gear,Shopping
Starbucks Reserve,Weekend brunch,Food & Drink
Toll,Faxing,Other
Trade School,Study material,Education
DEBIT CARD PURCHASE Pizza Hut,,Food & Drink
DELTA AIR LINES $690.73 Airport lounge,,Transport
APPLE STORE PURCHASE $229.93,,Shopping
MEDICAL CENTER $412.52,,Healthcare
Reliant Energy,Installation fee,Bills & Utilities
PlayStation Plus,música,Entertainment
JioMart,电子产品,Shopping
Google Store,Outdoor gear,Shopping
DEBIT CARD PURCHASE IHOP,,Food & Drink
UDEMY COURSE $540.73 Piano lesson,,Education
Escape Room,Comedy show,Entertainment
METRO TRANSIT $625.79,,Transport
Yard Sale,Refund,Income
AWS Training,교육,Education
Dior,Shoes,Shopping
Postmates Order,Weekend brunch,Food & Drink
Freelancer.com,Freelance work,Income
Rail Europe,Parking fee,Transport
Cable Bill,services,Bills & Utilities
Direct Energy,تأمين,Bills & Utilities
Disability,Investment return,Income
DOORDASH *Butcher Shop PURCHASE Dessert,,Food & Drink
ChargePoint,Flight ticket,Transport
Federal Refund,Interest payment,Income
LOWES #3746 $528.76,,Housing
STATE TREASURY REFUND Commission,,Income
GCP Training,コース,Education
Aspen Dental,Extraction,Healthcare
MasterClass,Technology fee,Education
Dave & Buster's,Wrap,Food & Drink
Wetherspoons,Cocktail,Food & Drink
USPS POSTAGE $108.71 Contribution,,Other
Harvard Extension,Dance class,Education
RECURRING PAYMENT Child Support Gas bill,,Bills & Utilities
STATE TREASURY REFUND Rebate check,,Income
Trust Distribution,返金,Income
Starbucks STORE #2275 PURCHASE Taco,,Food & Drink
RENT PAYMENT $741.76 Maid service,,Housing
Dental Associates,Dental checkup,Healthcare
Pluralsight,,Education
Black Cab,Carry-on,Transport
Pawn Shop,Copying,Other
Facebook Marketplace,Vacation rental,Housing
Orthopedist,saúde,Healthcare
Redfin,抵押贷款,Housing
Charity,Unit rental,Other
Crypto Exchange,,Income
Commission,수입,Income
Crate & Barrel,Electronics,Shopping
HOME DEPOT #2001 $642.83,,Housing
PLURALSIGHT $1026.43 Martial arts,,Education
Dunkin',restaurante,Food & Drink
UPS SHIPPING $7.42,,Other
Vet Clinic,병원,Healthcare
Auto Insurance,Overdue payment,Bills & Utilities
Angi,Handyman,Housing
HOME DEPOT.COM $2692.55 Maintenance,,Housing
H&M,Pet supplies,Shopping
Mosquito Control,Lease payment,Housing
TARGET T-5411 PURCHASE Fragrance,,Shopping
Rehab Associates,,Healthcare
Barnes & Noble,ストリーミング,Entertainment
Ophthalmologist,Vitamins,Healthcare
LIVE NATION $180.79 Expansion,,Entertainment
Pest Control,Home insurance,Housing
XBOX LIVE $119.67,,Entertainment
PLURALSIGHT $595.95 Cooking class,,Education
LeetCode,Fellowship,Education
Paintball,spiele,Entertainment
USPS POSTAGE $152.21 Consultation,,Other
Tutoring Center,,Education
Cash Back,Freelance payment,Income
Language School,كتب,Education
Kroger,Weekend brunch,Food & Drink
Airbnb,Rebate check,Income
MIT OpenCourseWare,éducation,Education
Child Support,Administrative fee,Bills & Utilities
Lufthansa,Inspection,Transport
Vision Center,farmacia,Healthcare
Sears Optical,Prescription,Healthcare
Mattress Store,Monthly mortgage,Housing
AUTOPAY VERIZON WIRELESS $344.26 Software subscription,,Bills & Utilities
Retirement Distribution,Patent income,Income
Crate & Barrel,إلكترونيات,Shopping
LabCorp,Pet medication,Healthcare
Printing,Stamp,Other
Trash Pickup,,Bills & Utilities
Contractor,बंधक,Housing
DELTA AIR LINES $449.90,,Transport
Airbnb,revenu,Income
HOME DEPOT.COM $2748.52 Paint,,Housing
Craft supplies,Museum visit,Entertainment
Thai Basil,Catering order,Food & Drink
USPS POSTAGE $75.58,,Other
PHARMACY PURCHASE $579.44,,Healthcare
WAL-MART SUPERCENTER #2757 Microtransaction,,Shopping
Home Depot,Hardware,Shopping
Geico,,Bills & Utilities
Storage Unit,Tax payment,Housing
Avis,Cab fare,Transport
Recycling,abonnement,Bills & Utilities
Prada,Toys,Shopping
Terminix,réparation,Housing
Medical bill,pharmacie,Healthcare
FasTrak,Checked bag,Transport
SHELL OIL DUBAI #2077 Premium gas,,Transport
Disability,دفعة,Income
Budget,топливо,Transport
STOCK SALE ROYA $5355.88,,Income
MetLife,Gas bill,Bills & Utilities
HOA DUES $2349.80,,Housing
TARGET T-6638 PURCHASE,,Shopping
ONLINE PURCHASE Popeyes.COM,,Food & Drink
Social Security,pago,Income
Zelle,,Income
Deductible payment,Pet medication,Healthcare
Zara,Clothing,Shopping
SHELL OIL SINGAPORE #2658,,Transport
UBER *TRIP $120.96,,Transport
HOME DEPOT.COM $2409.59 Vacation rental,,Housing
Fine,Misc purchase,Other
Habitat for Humanity,Shipping,Other
CubeSmart,Packing,Housing
Prize Money,退款,Income
Greyhound,Ride share,Transport
First American,Appliance,Housing
Sam's Club,casa,Shopping
Disney+,Streaming,Entertainment
H-E-B,,Food & Drink
Papa Murphy's SUBSCRIPTION RENEWAL,,Food & Drink
StubHub,Game night,Entertainment
FedEx,Unknown,Other
UPS SHIPPING $120.36 Replacement,,Other
Wetherspoons STORE #6867 PURCHASE,,Food & Drink
County Tax,Administrative fee,Bills & Utilities
First American,,Housing
Budget,Street parking,Transport
STATE FARM INS $63.07 Wireless service,,Bills & Utilities
BOOK STORE $825.84 Tech course,,Education
Realtor.com,zuhause,Housing
AMC THEATRES SYDNEY $89.29,,Entertainment
Wish,,Shopping
Public Transit,transporte,Transport
Retail Store,divers,Other
Bolt,Charging,Transport
PARKING TOKYO $687.02,,Transport
COURSERA PURCHASE $1493.59,,Education
SCHOOL PAYMENT $601.30 Test preparation,,Education
Barnes & Noble,मनोरंजन,Entertainment
Car Rental,Taxi,Transport
Guitar Lessons,Enrollment,Education
STEAM PURCHASE $24.02,,Entertainment
Test Prep,대학교,Education
First American,Property tax,Housing
WAL-MART SUPERCENTER #2611 Outdoor gear,,Shopping
GEICO PAYMENT $44.63,,Bills & Utilities
RENT PAYMENT $2628.91 Property tax,,Housing
TICKETMASTER $37.76,,Entertainment
Spa Day,Rental,Entertainment
CubeSmart,Deep clean,Housing
Walmart,Footwear,Shopping
Fidelity,revenu,Income
HOME DEPOT.COM $925.38,,Housing
DEBIT PURCHASE Micro Center,,Shopping
Concert,Fair,Entertainment
POS PURCHASE Hard Rock Cafe MUMBAI Delivery,,Food & Drink
STEAM PURCHASE $12.02,,Entertainment
Spin,Gas fill-up,Transport
Pluralsight,Voice lesson,Education
ONLINE ORDER Kate Spade,,Shopping
Condo Fees,Finance charge,Bills & Utilities
Tandoori Nights,Water,Food & Drink
First Aid,Pet medication,Healthcare
Little Caesars SUBSCRIPTION RENEWAL Fries,,Food & Drink
Notebooks,Art class,Education
FedEx,Fine payment,Other
UBER *TRIP $308.00 Street parking,,Transport
MAINTENANCE Craigslist Housing $2263.51,,Housing
Sport Rehab,médico,Healthcare
Tax Return,Paycheck,Income
Lowe's,修理,Housing
Deli,,Food & Drink
T-Mobile,Phone bill,Bills & Utilities
UDEMY COURSE $1061.14,,Education
Ultrasound,Consultation,Healthcare
Furniture Store,修理,Housing
Allstate,Insurance,Bills & Utilities
Starbucks Reserve SUBSCRIPTION RENEWAL,,Food & Drink
BANK FEE $109.95 Prepaid load,,Other
Electrical,,Housing
IHOP,Lunch,Food & Drink
Electric Company,Electric bill,Bills & Utilities
QUEST DIAGNOSTICS $1408.84,,Healthcare
Medical bill,Medicine,Healthcare
PLURALSIGHT $322.15,,Education
FlixBus,Carry-on,Transport
Discovery+,엔터테인먼트,Entertainment
GMAT Prep,SAT prep,Education
CityMD,Imaging,Healthcare
USPS POSTAGE $5.16,,Other
Freenow,Parking fee,Transport
COURSERA PURCHASE $106.18,,Education
AMAZON.COM PURCHASE $448.69 Digital purchase,,Shopping
DIRECT DEPOSIT PAYROLL $8065.49 Freelance work,,Income
Cardiologist,صحة,Healthcare
Government,Prepaid load,Other
AUTOPAY VERIZON WIRELESS $166.67,,Bills & Utilities
Johns Hopkins,Pharmacy,Healthcare
Red Cross,,Other
Mount Sinai,Medical,Healthcare
Geico,Insurance,Bills & Utilities
Ambulance,Doctor visit,Healthcare
Season Pass,Training session,Entertainment
WooCommerce,Commission,Income
SCHOOL PAYMENT $1693.18,,Education
Zelle,आय,Income
UBER EATS *Deli PURCHASE,,Food & Drink
freeCodeCamp,schule,Education
H&M,Microtransaction,Shopping
Dollar Rental,Inspection,Transport
GEICO PAYMENT $237.27,,Bills & Utilities
WESTERN UNION $65.41 Tithe,,Other
IRS TREAS 310 TAX REF Refund,,Income
AMC Theatres,Movie ticket,Entertainment
Kindle,Annual plan,Entertainment
UNIVERSITY TUITION $1512.77,,Education
DEBIT PURCHASE Sephora Sports equipment,,Shopping
Denny's,,Food & Drink
DEBIT PURCHASE Apple Hardware,,Shopping
UBER EATS *Arby's PURCHASE Wine,,Food & Drink
UBER EATS *In-N-Out PURCHASE,,Food & Drink
DEBIT PURCHASE TJ Maxx,,Shopping
Ultrasound,Dental checkup,Healthcare
Marshalls,compras,Shopping
STATE TREASURY REFUND IRS refund,,Income
RENT PAYMENT $2361.45 Furniture,,Housing
MORTGAGE PAYMENT $1209.71 Monthly mortgage,,Housing
Louis Vuitton,дом,Shopping
City Tax,,Bills & Utilities
BEST BUY #9545 SINGAPORE Gadgets,,Shopping
DIRECT DEPOSIT PAYROLL $9754.04 Donation received,,Income
Aquarium,,Entertainment
UNITED AIRLINES $320.56 Gas,,Transport
QUEST DIAGNOSTICS $554.84,,Healthcare
RECURRING PAYMENT AT&T Auto-pay,,Bills & Utilities
Microsoft 365,,Bills & Utilities
Princeton Review,コース,Education
Pet Emergency,аптека,Healthcare
TICKETMASTER $124.95,,Entertainment
MORTGAGE PAYMENT $1081.00,,Housing
APPLE STORE PURCHASE $342.42 Digital purchase,,Shopping
Pet Store,잡다,Other
Veterinarian,अस्पताल,Healthcare
Baggage Fee,Economy class,Transport
LYFT RIDES $488.43 Brake pads,,Transport
Metro Card,Supercharger,Transport
Fidelity,Part-time work,Income
Lime,combustível,Transport
Flipkart,전자제품,Shopping
Tiffany & Co,elektronik,Shopping
Sport Rehab,Pet vet visit,Healthcare
FEDEx SHIPPING $140.97,,Other
License Fee,Donation received,Income
Craigslist,Camera system,Housing
Lawyer,Top-up,Other
WAL-MART SUPERCENTER #8118 Jeans,,Shopping
Wendy's,음식,Food & Drink
CARD 0319 PURCHASE Walmart Steak,,Food & Drink
Box,订阅,Bills & Utilities
Guitar Lessons,école,Education
Laundromat,divers,Other
PARKING DUBAI $76.14 Detailing,,Transport
GOVERNMENT PAYMENT $160.99 Replacement,,Other
Raising Cane's,Coffee,Food & Drink
Rent Payment,Electrician,Housing
Butcher Shop,Breakfast,Food & Drink
Airport,viagem,Transport
Pawn Shop,Misc purchase,Other
Gratuity,salário,Income
Hard Rock Cafe,Late night snack,Food & Drink
Pad Thai Kitchen,Juice,Food & Drink
COURSERA PURCHASE $1104.35,,Education
Sam's Club,ملابس,Shopping
Books-A-Million,Keyboard,Shopping
SCHOOL PAYMENT $1477.01,,Education
Airline Ticket,Annual pass,Transport
Trade School,université,Education
MORTGAGE PAYMENT $923.21,,Housing
MISC PURCHASE $105.22 Laundry,,Other
BP,Gas,Transport
CVS PHARMACY #4617 $1215.83,,Healthcare
Bank of America,Claim settlement,Income
Michaels,Art supplies,Shopping
T-Mobile Store,Online shopping,Shopping
SpotHero,In-flight meal,Transport
Ambulance,Filling,Healthcare
MEDICAL CENTER $973.07,,Healthcare
Sewer District,,Bills & Utilities
BioReference,Retainer,Healthcare
D&D Session,,Entertainment
WALGREENS #7924 $75.74,,Healthcare
HOME DEPOT.COM $1379.01,,Housing
MISC PURCHASE $11.92 Daycare,,Other
Venmo,State refund,Income
Hack Reactor,Art class,Education
Termite Treatment,Camera system,Housing
AMAZON.COM PURCHASE $464.46 Monitor,,Shopping
Etsy,Interest payment,Income
GOVERNMENT PAYMENT $26.33,,Other
AMC Theatres,Game night,Entertainment
Property Management Co.,Tax payment,Housing
Laser Tag,मनोरंजन,Entertainment
Sephora,Kitchenware,Shopping
Caffe Nero,Buffet,Food & Drink
BEST BUY #4590 CHICAGO,,Shopping
AUTOPAY VERIZON WIRELESS $349.13 Deductible,,Bills & Utilities
PHARMACY PURCHASE $1030.01 Flu shot,,Healthcare
Recycling,Standing order,Bills & Utilities
DIRECT DEPOSIT PAYROLL $5651.01,,Income
Amazon Music,музыка,Entertainment
PHARMACY PURCHASE $434.86,,Healthcare
SpotHero,Business class,Transport
TARGET T-6069 PURCHASE Hiking,,Shopping
NETFLIX.COM $53.70,,Entertainment
Plumber,Move-in fee,Housing
La Taqueria,Soda,Food & Drink
Qdoba,Happy hour,Food & Drink
Comixology,Manicure,Entertainment
SPOTIFY USA $59.93,,Entertainment
Apple Music,Series,Entertainment
Chipotle,essen,Food & Drink
DEBIT CARD PURCHASE Tea House,,Food & Drink
Workshop,Loan payment,Education
NETFLIX.COM $156.01,,Entertainment
Rental Car,Seat upgrade,Transport
NETFLIX.COM $187.45,,Entertainment
Temu,Fragrance,Shopping
DOORDASH *Sonic PURCHASE,,Food & Drink
iHeartRadio,Music streaming,Entertainment
PROPERTY TAX $1608.04,,Housing
USPS POSTAGE $17.30,,Other
Western Union,その他,Other
PROPERTY TAX $1231.99,,Housing
Doctor,больница,Healthcare
MAINTENANCE Orkin $2817.72 Maid service,,Housing
CreativeLive,Test preparation,Education
Retainer,Gift card redemption,Income
MRI,Emergency,Healthcare
QUEST DIAGNOSTICS $1215.22,,Healthcare
Dry Cleaners,Gift card purchase,Other
E*Trade,Freelance payment,Income
Yard Sale,erstattung,Income
NETFLIX.COM $102.61,,Entertainment
DIRECT DEBIT Brinks $50.49,,Bills & Utilities
Sonic,レストラン,Food & Drink
Vivid Seats,cinema,Entertainment
Sushi Bar,merceria,Food & Drink
COURSERA PURCHASE $193.91 Online course,,Education
The Cheesecake Factory,,Food & Drink
TICKETMASTER $50.31,,Entertainment
Parking,Registration,Transport
Shopify,revenu,Income
DENTAL ASSOCIATES $1230.51,,Healthcare
LIVE NATION $153.03,,Entertainment
Google Store,DLC,Shopping
Comcast,Gas bill,Bills & Utilities
MISC PURCHASE $194.38,,Other
BOOK STORE $1113.25,,Education
CVS PHARMACY #5189 $666.25 Pet surgery,,Healthcare
Electrify America,여행,Transport
HOME DEPOT #1942 $569.94,,Housing
Prize Money,paiement,Income
GoFundMe,Certification,Other
HOME DEPOT.COM $2034.61 Property tax,,Housing
License Renewal,Grant,Education
WESTERN UNION $35.49,,Other
Town Hall,Consultation,Other
UBER *TRIP $364.57 Cab fare,,Transport
Sale Proceeds,salario,Income
Cleveland Clinic,Medical,Healthcare
BANK FEE $164.31,,Other
UBER *TRIP $561.80,,Transport
VENMO CASHOUT $9942.41 Annual tax refund,,Income
State Tax Refund,Monthly salary,Income
FEDEx SHIPPING $73.03,,Other
Grubhub Order,Dessert,Food & Drink
Termite Treatment,租金,Housing
Netflix,Theme park,Entertainment
LOWES #8470 $784.20,,Housing
Prescription,Surgery,Healthcare
PG&E ELECTRIC $317.02,,Bills & Utilities
REI,전자제품,Shopping
Berlitz,,Education
GEICO PAYMENT $198.55 Monthly fee,,Bills & Utilities
T-MOBILE AUTOPAY $331.34 Installation fee,,Bills & Utilities
State Tax Refund,Tax refund,Income
Under Armour,,Shopping
Bob Evans,Afternoon tea,Food & Drink
Apple Music,cinéma,Entertainment
PG&E ELECTRIC $74.91 Service charge,,Bills & Utilities
Sewer Bill,Broadband,Bills & Utilities
Transit Pass,One way,Transport
BEST BUY #1366 BERLIN Keyboard,,Shopping
Ace Hardware,,Housing
Oil Change,Checked bag,Transport
RENT PAYMENT $2682.49,,Housing
Museum,,Entertainment
PURCHASE AUTHORIZED Nothing Bundt Cakes $79.76,,Food & Drink
Charity,Copying,Other
Wine Shop,Weekly groceries,Food & Drink
Overstock,電子機器,Shopping
SCHOOL PAYMENT $384.78 Enrollment,,Education
DIRECT DEBIT Water Bill $335.48,,Bills & Utilities
Dividend Payment,Freelance work,Income
Card Game,entretenimiento,Entertainment
KAISER PERMANENTE $819.36,,Healthcare
LabCorp,Dental checkup,Healthcare
Gojek,택시,Transport
Refund,आय,Income
AMC Theatres,,Entertainment
LIVE NATION $194.81 Fair,,Entertainment
RENT PAYMENT $881.66 HOA fee,,Housing
Chipotle Mexican Grill,Cake,Food & Drink
Xfinity,Software subscription,Bills & Utilities
PAYPAL TRANSFER $325.78,,Income
AMC THEATRES NEW YORK $9.55,,Entertainment
ONLINE ORDER Amazon,,Shopping
Shell Recharge,燃料,Transport
STATE FARM INS $97.18,,Bills & Utilities
HBO Max,autopay,Bills & Utilities
PROPERTY TAX $617.20 Flooring,,Housing
Tea House,Wine,Food & Drink
Grab,EV charging,Transport
Apartment,Rent,Housing
CVS PHARMACY #5732 $319.39,,Healthcare
Stationery,教育,Education
Side Gig,,Income
Water Bill,,Bills & Utilities
CHEGG STUDY $202.66,,Education
DIRECT DEBIT Electric Bill $294.97,,Bills & Utilities
Travelers,Gas bill,Bills & Utilities
Saks Fifth Avenue,,Shopping
AXS,,Entertainment
Florist,,Other
Apartments.com,,Housing
Cash App,Rental income,Income
TARGET T-1402 PURCHASE Clothing,,Shopping
Test Prep,Student fee,Education
REI,Coat,Shopping
Orkin,Hotel,Housing
WAL-MART SUPERCENTER #4041,,Shopping
Direct Energy,Utility bill,Bills & Utilities
Medicine,аптека,Healthcare
DIRECT DEPOSIT PAYROLL $1113.06,,Income
Walgreens,покупки,Shopping
Lease,hypothèque,Housing
Mental Health,Consultation,Healthcare
Community College,Scholarship,Education
PHARMACY PURCHASE $300.14,,Healthcare
UNITED AIRLINES $729.41,,Transport
ACH CREDIT Federal Refund,,Income
FEDEx SHIPPING $93.92,,Other
Orkin,Paint,Housing
Sears Optical,аптека,Healthcare
DELTA AIR LINES $494.33 Inspection,,Transport
Roofing,Garden,Housing
AMC THEATRES LOS ANGELES $176.38 Series,,Entertainment
Life Insurance,Broadband,Bills & Utilities
Golden Corral,mittagessen,Food & Drink
QUEST DIAGNOSTICS $782.73 Vitamins,,Healthcare
Toll,Flight,Transport
Pet Hospital,,Healthcare
DIVIDEND CRYP $5205.93,,Income
Aspen Dental,Medical supplies,Healthcare
Princeton Review,Certificate program,Education
DIRECT DEPOSIT PAYROLL $2870.58 Settlement check,,Income
HBO Max,Live music,Entertainment
Vet Clinic,медицина,Healthcare
HOME DEPOT #5452 $1812.25,,Housing
Google Career Certificates,Language learning,Education
Greyhound,Airport shuttle,Transport
Grooming,Kennel,Other
Consignment,विभिन्न,Other
Cash Back,Gift card redemption,Income
Lottery Winnings,,Income
Veterinarian,Prescription,Healthcare
Coffee Shop,Breakfast,Food & Drink
CHEGG STUDY $1715.73,,Education
HOSPITAL BILL $1198.36,,Healthcare
Pay-per-view,,Entertainment
Papa John's,아침,Food & Drink
Music School,Art class,Education
Hulu,,Entertainment
BEST BUY #1761 DUBAI,,Shopping
Orkin,Smart home,Housing
Google Workspace,servicios,Bills & Utilities
Zoo,Art show,Entertainment
Rental Car,Parking daily,Transport
Cabela's,DLC,Shopping
CVS PHARMACY #5643 $61.23,,Healthcare
AMC THEATRES TOKYO $151.50,,Entertainment
MAINTENANCE Smart Lock $827.85,,Housing
Google Career Certificates,universidade,Education
EXXON MOBIL #1005,,Transport
UBER *TRIP $482.95,,Transport
WooCommerce,استرداد,Income
MISC PURCHASE $188.09,,Other
Sewer Bill,Cloud storage,Bills & Utilities
Water Company,Family plan,Bills & Utilities
Thrift Store,Childcare,Other
United Way,Infraction,Other
EXXON MOBIL #7321 Carry-on,,Transport
Flight,Car wash,Transport
UNITED AIRLINES $228.26 Gas,,Transport
PARKING SAO PAULO $549.16 Round trip,,Transport
Tutoring Center,escola,Education
KAISER PERMANENTE $909.07 Glasses,,Healthcare
Cash App,einkommen,Income
UBER EATS *Dunkin' PURCHASE,,Food & Drink
KAISER PERMANENTE $1315.38 Consultation,,Healthcare
HOME DEPOT.COM $1583.27,,Housing
License Fee,IRS refund,Income
Codecademy,Tuition,Education
Chili's,Iced Coffee,Food & Drink
Severance,Sublease,Income
CHEGG STUDY $1999.56 Student loan,,Education
Five Below,Quarterly box,Shopping
EXXON MOBIL #6153,,Transport
UBER EATS *Coffee Shop PURCHASE Water,,Food & Drink
Aldi,,Food & Drink
KAISER PERMANENTE $841.41,,Healthcare
AUTOPAY VERIZON WIRELESS $256.23 Finance charge,,Bills & Utilities
Udemy,대학교,Education
LYFT RIDES $753.41 Inspection,,Transport
Sewer Bill,Software subscription,Bills & Utilities
COMCAST CABLE $248.51 Utility bill,,Bills & Utilities
QUEST DIAGNOSTICS $510.25,,Healthcare
DOORDASH *Jamba Juice PURCHASE,,Food & Drink
Adidas,Charger,Shopping
AMC THEATRES SEOUL $118.87,,Entertainment
Supplement,Dental checkup,Healthcare
UBER *TRIP $378.65,,Transport
UBER EATS *The Cheesecake Factory PURCHASE,,Food & Drink
Green Mountain Energy,Mobile plan,Bills & Utilities
Red Cross,Laundry,Other
Caffe Nero,レストラン,Food & Drink
Model building,,Entertainment
UNITED AIRLINES $323.90,,Transport
DIVIDEND UPWO $5582.17,,Income
AUTOPAY VERIZON WIRELESS $230.20,,Bills & Utilities
DIRECT DEPOSIT PAYROLL $1500.33 Bonus,,Income
Orkin,Pest control,Housing
FEDEx SHIPPING $66.94 Filing fee,,Other
Netflix,Play,Entertainment
LYFT RIDES $362.52,,Transport
Aspen Dental,Root canal,Healthcare
FEDEx SHIPPING $170.08,,Other
Prepaid Card,Certification,Other
Apple Music,Monthly premium,Bills & Utilities
Gojek,Parking fee,Transport
Mini Golf,Art show,Entertainment
AMC THEATRES MUMBAI $58.89,,Entertainment
SPOTIFY USA $9.32,,Entertainment
LOWES #2253 $1837.22,,Housing
Rainforest Cafe,ディナー,Food & Drink
Interest Payment,Bond interest,Income
Nest,,Housing
COMCAST CABLE $260.85,,Bills & Utilities
Bank Fee,Gift card purchase,Other
Renters Insurance,Monthly premium,Bills & Utilities
Water Bill,Subscription,Bills & Utilities
Vivid Seats,娱乐,Entertainment
Maid Brigade,Security,Housing
PROPERTY TAX $2304.70 Remodel,,Housing
Concert ticket,Streaming subscription,Entertainment
CARD 5579 PURCHASE Del Taco Family meal,,Food & Drink
CARD 3285 PURCHASE Starbucks Reserve Dinner,,Food & Drink
Side Gig,devolución,Income
TNT, various,Other
BP,Charging,Transport
Sonic,Espresso,Food & Drink
VENMO CASHOUT $4149.08,,Income
SHELL OIL LOS ANGELES #4134,,Transport
Disney+,assinatura,Bills & Utilities
Property Tax,Home insurance,Housing
Insomnia Cookies,Late night snack,Food & Drink
Postmates Order,Fries,Food & Drink
Comedy Club,Bowling night,Entertainment
First American,Remodel,Housing
Home Warranty,Home insurance,Housing
Babysitter,Monthly subscription,Other
DOORDASH *Red Lobster PURCHASE,,Food & Drink
Dance Classes,Monthly subscription,Education
AMC THEATRES TORONTO $69.12 Open mic,,Entertainment
Dermatologist,Extraction,Healthcare
DIRECT DEPOSIT PAYROLL $7116.03,,Income
CHEGG STUDY $1908.56,,Education
Babysitter,,Other
Subscription Service,일반,Other
Heartland Dental,Crown,Healthcare
CARD 8113 PURCHASE Wingstop Smoothie,,Food & Drink
PHARMACY PURCHASE $409.01 Braces,,Healthcare
Water Company,Water bill,Bills & Utilities
Netflix,구독,Bills & Utilities
HOME DEPOT.COM $699.32,,Housing
Alliance Française,पाठ्यक्रम,Education
AMAZON.COM PURCHASE $256.57 In-app purchase,,Shopping
DIRECT DEPOSIT PAYROLL $2622.49,,Income
Art Gallery,ストリーミング,Entertainment
Charles Schwab,,Income
GEICO PAYMENT $321.79,,Bills & Utilities
The Cheesecake Factory,Pizza,Food & Drink
Bolt,самолет,Transport
Venmo,Interest payment,Income
Steam,Sandals,Shopping
Bob Evans,Counter service,Food & Drink
XBOX LIVE $114.63 Festival,,Entertainment
QUEST DIAGNOSTICS $1337.01,,Healthcare
Xbox Game Pass,音乐,Entertainment
Upwork,Gig economy,Income
PHARMACY PURCHASE $784.46,,Healthcare
Cash App,Dividend payment,Income
Miscellaneous,allgemein,Other
HOA DUES $1052.76,,Housing
Urologist,X-ray,Healthcare
AMC THEATRES BERLIN $176.41,,Entertainment
Rebate,revenu,Income
TaskRabbit,Appliance,Housing
Panda Express,Cocktail,Food & Drink
Grill,Lunch,Food & Drink
PLURALSIGHT $1530.37,,Education
Property Management Co.,Airbnb stay,Housing
LOWES #8810 $2632.23,,Housing
PARKING PHOENIX $116.83 Parking daily,,Transport
HOA Payment,मरम्मत,Housing
Dermatologist,स्वास्थ्य,Healthcare
School,Cooking class,Education
Crypto Exchange,वापसी,Income
LOWES #5850 $1749.46,,Housing
BANK FEE $13.54,,Other
Fidelity,erstattung,Income
RECURRING PAYMENT Charter autopay,,Bills & Utilities
PROPERTY TAX $1375.81,,Housing
Fiverr,راتب,Income
PURCHASE AUTHORIZED Starbucks $74.97,,Food & Drink
Notebooks,Tuition fee,Education
Yard Sale,Award,Income
Deductible payment,ヘルスケア,Healthcare
PLAYSTATION STORE $58.66,,Entertainment
UPS SHIPPING $3.67 Unknown,,Other
Lenovo,,Shopping
Doctor,Lab results,Healthcare
UPS SHIPPING $169.34 Top-up,,Other
Gift Money,,Income
Tesco,Burger,Food & Drink
FEDEx SHIPPING $132.55 Storage rental,,Other
POS PURCHASE Golden Corral LOS ANGELES,,Food & Drink
DELTA AIR LINES $95.62 Taxi,,Transport
AT&T Store,School supplies,Shopping
Aldi,Weekend brunch,Food & Drink
DOORDASH *Sweet Tomatoes PURCHASE,,Food & Drink
XBOX LIVE $17.76 Art show,,Entertainment
Gym,музыка,Entertainment
Amazon Locker, various,Other
PG&E ELECTRIC $24.21,,Bills & Utilities
Spa Day,,Entertainment
Roofing,Pest control,Housing
BP,Parking daily,Transport
National Car Rental,Parking fee,Transport
GOVERNMENT PAYMENT $87.66 Shipping,,Other
MEDICAL CENTER $747.13,,Healthcare
UNITED AIRLINES $219.30,,Transport
Grubhub Order,Takeout,Food & Drink
Goethe Institut,Books,Education
Disability,Donation received,Income
DELTA AIR LINES $776.55 Monthly transit,,Transport
HVAC,Tax payment,Housing
USAA,utilidades,Bills & Utilities
Singapore Airlines,Carry-on,Transport
ACH CREDIT Trust Distribution,,Income
Bond Maturity,वेतन,Income
Kumon,강좌,Education
Art School,Online learning,Education
Uber,Gas,Transport
Ring Doorbell,,Housing
UDEMY COURSE $311.83,,Education
ONLINE ORDER Barnes & Noble Shoes,,Shopping
UPS SHIPPING $6.70,,Other
Electrician,Maintenance,Housing
BP,voyage,Transport
Ramen Ichiran,déjeuner,Food & Drink
Verizon Store,Monthly box,Shopping
AMAZON.COM PURCHASE $301.13,,Shopping
VENMO CASHOUT $3564.07,,Income
Rebate,Settlement check,Income
Electrical,Repair supplies,Housing
APPLE STORE PURCHASE $418.53,,Shopping
Cable Bill,Fiber,Bills & Utilities
Smoothie King,طعام,Food & Drink
WALGREENS #5953 $733.48,,Healthcare
STEAM PURCHASE $129.13,,Entertainment
Taco Stand,Late night snack,Food & Drink
MoneyGram,잡다,Other
SPOTIFY USA $35.31,,Entertainment
Lime,Highway toll,Transport
Gmail,factures,Bills & Utilities
Thai Basil,Snack,Food & Drink
Freelancer.com,,Income
DELTA AIR LINES $439.50 Checked bag,,Transport
Greyhound,Premium gas,Transport
MORTGAGE PAYMENT $850.45,,Housing
Consulting Fee,지급,Income
Publix SUBSCRIPTION RENEWAL,,Food & Drink
MISC PURCHASE $69.70,,Other
PetCare,Glasses,Healthcare
Mechanic,Annual pass,Transport
UPS SHIPPING $138.96,,Other
BANK FEE $36.72 Handling,,Other
GOVERNMENT PAYMENT $111.58,,Other
Deezer,cinéma,Entertainment
LOWES #4074 $2917.89,,Housing
Stanford Online,Voice lesson,Education
Hack Reactor,Certification,Education
TICKETMASTER $82.20,,Entertainment
Tidal,,Entertainment
D&D Session,Movie,Entertainment
TGI Friday's,Coffee,Food & Drink
Skillsoft,学校,Education
DEBIT PURCHASE Half Price Books Baby items,,Shopping
Parking,Tire rotation,Transport
Best Buy,إلكترونيات,Shopping
Rental Income,State refund,Income
HOME DEPOT.COM $1410.22,,Housing
USPS,Unknown,Other
DENTAL ASSOCIATES $677.44 Contacts,,Healthcare
Fuel,Parking weekly,Transport
Binance,Insurance payout,Income
Big Lots,,Shopping
Dermatologist,Hospital stay,Healthcare
Phone Bill,Annual premium,Bills & Utilities
Micro Center,покупки,Shopping
Animal Hospital,,Healthcare
STATE FARM INS $217.41,,Bills & Utilities
LIVE NATION $122.18,,Entertainment
Prize Money,Online sale,Income
Lowe's,Moving,Housing
RECURRING PAYMENT Life Insurance,,Bills & Utilities
AMAZON.COM PURCHASE $370.70 Jacket,,Shopping
NETFLIX.COM $106.37,,Entertainment
CHEGG STUDY $923.50 English class,,Education
West End,Facial,Entertainment
Nightclub,Fitness class,Entertainment
Tax Return,Coaching,Income
TaskRabbit,Security,Housing
MEDICAL CENTER $1338.15,,Healthcare
Dior,zuhause,Shopping
IRS TREAS 310 TAX REF GoFundMe,,Income
MAINTENANCE Electrician $2588.16,,Housing
Physical Therapy,Orthodontist,Healthcare
Game Ticket,Meditation app,Entertainment
Panera Bread,Bakery,Food & Drink
At Home,옷,Shopping
DOORDASH *Domino's PURCHASE,,Food & Drink
Airport Parking,,Transport
Community College,Certification,Education
EXXON MOBIL #4972,,Transport
BEST BUY #1805 NEW YORK Mouse,,Shopping
Papa John's,comestibles,Food & Drink
Freelancer.com,Coaching,Income
Yo! Sushi,,Food & Drink
ACH CREDIT Refund IRS refund,,Income
Bath & Body Works,Art supplies,Shopping
QUEST DIAGNOSTICS $486.01,,Healthcare
BANK FEE $180.03,,Other
Disney+,Monthly premium,Bills & Utilities
SPOTIFY USA $20.11 Festival,,Entertainment
Shein,DLC,Shopping
Attorney,diversos,Other
Apprenticeship,Practice exam,Education
TARGET T-7723 PURCHASE,,Shopping
HOME DEPOT #9464 $977.35,,Housing
QUEST DIAGNOSTICS $252.37 Orthodontist,,Healthcare
PLAYSTATION STORE $183.34 Training session,,Entertainment
Sports Event,Training session,Entertainment
RENT PAYMENT $552.96 Roofing,,Housing
Conference,SAT prep,Education
Professional Development,Lab fee,Education
STEAM PURCHASE $113.31,,Entertainment
Chipotle Mexican Grill,레스토랑,Food & Drink
XBOX LIVE $194.68 Game purchase,,Entertainment
Gift Card,Boarding,Other
SKILLSHARE $262.54 Yoga class,,Education
Dividend Payment,GoFundMe,Income
Dental Associates,Flu shot,Healthcare
Stock Sale,Gift card redemption,Income
Pret A Manger,café da manhã,Food & Drink
PHARMACY PURCHASE $610.63,,Healthcare
Outback,Late night snack,Food & Drink
General Assembly,Learning,Education
Continuing Education,Cooking class,Education
Conference,,Education
Rite Aid,쇼핑,Shopping
Laundromat,,Other
Cleaning Service,,Housing
Upwork,收入,Income
Barron's,Certification,Education
STEAM PURCHASE $152.55 Audiobook,,Entertainment
Uber,avion,Transport
Commission,Settlement check,Income
VENMO CASHOUT $1518.27 Rental income,,Income
STOCK SALE CHAR $4448.44,,Income
Streaming service,Gallery exhibition,Entertainment
UNITED AIRLINES $499.29,,Transport
Side Gig,راتب,Income
Upwork,Royalties,Income
DEBIT PURCHASE Michael Kors,,Shopping
Pet Hospital,médico,Healthcare
DIVIDEND DIRE $6281.54 Royalties,,Income
BP Pulse,Ride share,Transport
Dentist,Dental cleaning,Healthcare
REI,,Shopping
Dividend Payment,Consulting,Income
Boohoo,Birthday gift,Shopping
Donation,misceláneos,Other
Disability,Freelance payment,Income
NETFLIX.COM $137.66,,Entertainment
Steam,संगीत,Entertainment
Alimony,Late fee,Bills & Utilities
AMC Theatres,娱乐,Entertainment
Nest,Furniture,Housing
STOCK SALE AIRB $1103.76 Patent income,,Income
GOVERNMENT PAYMENT $168.15,,Other
Social Security,Side hustle,Income
FEDEx SHIPPING $28.99,,Other
UDEMY COURSE $1977.89 Certificate program,,Education
UNIVERSITY TUITION $1870.36,,Education
HOME DEPOT #5019 $672.00 Maid service,,Housing
NETFLIX.COM $42.09 DLC,,Entertainment
Ride Share,essence,Transport
PROPERTY TAX $2024.05 Home insurance,,Housing
ONLINE PURCHASE Tesco.COM Juice,,Food & Drink
Bonus Payment,,Income
Microsoft Learn,,Education
Retail Store,,Other
UBER EATS *Little Caesars PURCHASE,,Food & Drink
Rentokil,Smart home,Housing
Restoration Hardware,,Shopping
Nest,आवास,Housing
Crate & Barrel,ملابس,Shopping
FutureLearn,Coding bootcamp,Education
Lyft,transport,Transport
Nest,منزل,Housing
Paycheck,ingresos,Income
TikTok,,Entertainment
Micro Center,maison,Shopping
VRBO,Repair,Housing
COMCAST CABLE $196.95 Monthly premium,,Bills & Utilities
ONLINE PURCHASE Pizza Hut.COM,,Food & Drink
Car Rental,,Transport
MORTGAGE PAYMENT $1518.69,,Housing
Window Repair,Move-in fee,Housing
Instituto Cervantes,bücher,Education
STATE FARM INS $318.40 Cloud storage,,Bills & Utilities
Flight,Checked bag,Transport
UDEMY COURSE $65.76,,Education
X-ray,Root canal,Healthcare
COURSERA PURCHASE $417.11,,Education
AMC THEATRES SYDNEY $134.99 Theatre,,Entertainment
Prescription,CPAP supplies,Healthcare
Costa Coffee,All-you-can-eat,Food & Drink
CHEGG STUDY $1216.02 Learning,,Education
Art Gallery,Family plan,Entertainment
Thai Basil,café da manhã,Food & Drink
AMC THEATRES DUBAI $132.05,,Entertainment
West Elm,vêtements,Shopping
Handyman,Home warranty,Housing
WAL-MART SUPERCENTER #6084,,Shopping
Freelance Client,返金,Income
APPLE STORE PURCHASE $493.35 Microtransaction,,Shopping
Hobby Lobby,Slippers,Shopping
Delta Airlines,Supercharger,Transport
Car2Go,Parking weekly,Transport
Broadway,Battle pass,Entertainment
Paychex,,Income
Workshop,Voice lesson,Education
Live Nation,音乐,Entertainment
RECURRING PAYMENT Nationwide,,Bills & Utilities
Disability,Consulting,Income
Tutoring Center,schule,Education
T-Mobile Store,Purchase,Shopping
Deezer,musik,Entertainment
UNITED AIRLINES $379.19,,Transport
Hack Reactor,Tuition fee,Education
UNIVERSITY TUITION $541.71 Tech course,,Education
Interest Payment,,Income
FiOS,Fiber,Bills & Utilities
STOCK SALE RETA $3845.36,,Income
Orkin,Flooring,Housing
UBER *TRIP $564.73 Lyft,,Transport
DELTA AIR LINES $267.19,,Transport
DIRECT DEPOSIT PAYROLL $9400.74 Airbnb income,,Income
SCHOOL PAYMENT $1250.33,,Education
NETFLIX.COM $78.38 Documentary,,Entertainment
WALGREENS #8265 $1391.25 Medical supplies,,Healthcare
Sweetgreen,café,Food & Drink
COURSERA PURCHASE $1921.17,,Education
UPS SHIPPING $124.89 Gift card purchase,,Other
HOME DEPOT #6749 $1456.92 Maid service,,Housing
Spotify,Maintenance fee,Bills & Utilities
STATE TREASURY REFUND Licensing,,Income
Snow Removal,住宅,Housing
Clinic,Surgery,Healthcare
NIKE.COM ORDER PURCHASE Jewelry,,Shopping
WAL-MART SUPERCENTER #8465 Charger,,Shopping
SunPass,택시,Transport
Subscription,Monthly fee,Shopping
COMCAST CABLE $161.31,,Bills & Utilities
Puma,,Shopping
SPOTIFY USA $187.01,,Entertainment
STEAM PURCHASE $187.48 DLC,,Entertainment
WALGREENS #7237 $156.30,,Healthcare
Public Storage,Paint,Housing
DOORDASH *Dunkin' PURCHASE Fries,,Food & Drink
Seafood Market STORE #4661 PURCHASE,,Food & Drink
ONLINE ORDER E-commerce Purchase Dress,,Shopping
Paramount+,,Entertainment
GEICO PAYMENT $60.27,,Bills & Utilities
Painting,Repair supplies,Housing
Papa John's,,Food & Drink
Alliance Française,,Education
Robinhood,भुगतान,Income
Denny's,café,Food & Drink
MAINTENANCE Budget Truck $1240.72,,Housing
DEBIT CARD PURCHASE Rainforest Cafe,,Food & Drink
Duolingo,Play,Entertainment
PLURALSIGHT $1040.55 Yoga class,,Education
Lottery Ticket,varios,Other
METRO TRANSIT $222.04,,Transport
STEAM PURCHASE $138.56 Premium subscription,,Entertainment
DEBIT PURCHASE CVS,,Shopping
EXXON MOBIL #7442,,Transport
METRO TRANSIT $614.00,,Transport
UBER *TRIP $534.27,,Transport
VENMO CASHOUT $2968.72 Freelance work,,Income
POS PURCHASE McDonald's DUBAI,,Food & Drink
Pho Hoa,mittagessen,Food & Drink
COMCAST CABLE $251.16,,Bills & Utilities
METRO TRANSIT $79.94 Airline ticket,,Transport
USPS,Boarding,Other
Pho Hoa,,Food & Drink
Metro Card,Daily commute,Transport
WALGREENS #9648 $357.41,,Healthcare
STOCK SALE RENT $3381.77,,Income
XBOX LIVE $82.75,,Entertainment
Streaming service,,Entertainment
Tea House,Weekly groceries,Food & Drink
TARGET T-5231 PURCHASE Monthly box,,Shopping
Lowe's,किराया,Housing
DIRECT DEBIT Recycling $160.68,,Bills & Utilities
Tesla Supercharger,,Transport
TJ Maxx,Belt,Shopping
UNIVERSITY TUITION $1514.32,,Education
COURSERA PURCHASE $1242.50,,Education
AUTOPAY VERIZON WIRELESS $123.18,,Bills & Utilities
UNITED AIRLINES $721.58 Car wash,,Transport
COMCAST CABLE $268.61,,Bills & Utilities
Gift Card,Fine payment,Other
Content subscription,Podcast,Entertainment
COMCAST CABLE $186.37,,Bills & Utilities
VENMO CASHOUT $781.66 Contract work,,Income
Dick's Sporting Goods,Office supplies,Shopping
UNIVERSITY TUITION $309.28 Textbook,,Education
Game pass,Video games,Entertainment
XBOX LIVE $163.71,,Entertainment
AMAZON.COM PURCHASE $408.98,,Shopping
QUEST DIAGNOSTICS $54.46,,Healthcare
Laser Tag,,Entertainment
HOA DUES $1306.55,,Housing
KAISER PERMANENTE $432.07,,Healthcare
Spotify,,Bills & Utilities
Adidas,घर,Shopping
TARGET T-9364 PURCHASE,,Shopping
Enterprise Rent-A-Car,EV charging,Transport
HOA Dues,فواتير,Bills & Utilities
Berlitz,Test preparation,Education
FEDEx SHIPPING $8.43 Contribution,,Other
ONLINE ORDER Tiffany & Co,,Shopping
Overtime Pay,Airbnb income,Income
BioReference,,Healthcare
Retail Purchase,kleidung,Shopping
Textbook Store,Loan payment,Education
STATE FARM INS $285.20 Service fee,,Bills & Utilities
HOA DUES $749.73 Airbnb stay,,Housing
Pharmacy,X-ray,Healthcare
Peet's Coffee,Wrap,Food & Drink
Taco Stand SUBSCRIPTION RENEWAL,,Food & Drink
MEDICAL CENTER $984.67 Pet medication,,Healthcare
HOME DEPOT #3780 $1944.19 Hotel,,Housing
UNIVERSITY TUITION $1776.57,,Education
Coursera,Voice lesson,Education
SHELL OIL PHOENIX #3722,,Transport
PLURALSIGHT $1243.74,,Education
USPS POSTAGE $34.33 Consultation,,Other
Direct Energy,Subscription,Bills & Utilities
APPLE STORE PURCHASE $352.24,,Shopping
PAYPAL TRANSFER $3191.31,,Income
Hobby Lobby,दुकान,Shopping
ASUS,App purchase,Shopping
VENMO CASHOUT $7753.21,,Income
Vision Center,Treatment,Healthcare
LOWES #7058 $1230.03,,Housing
PURCHASE AUTHORIZED Del Taco $35.92,,Food & Drink
DENTAL ASSOCIATES $1394.11,,Healthcare
Rental Car,Annual pass,Transport
Little Caesars,,Food & Drink
BEST BUY #7225 DUBAI,,Shopping
Nothing Bundt Cakes,café,Food & Drink
PLAYSTATION STORE $50.82 Annual plan,,Entertainment
DEBIT CARD PURCHASE Papa Murphy's,,Food & Drink
NIKE.COM ORDER PURCHASE Sandals,,Shopping
QUEST DIAGNOSTICS $840.03,,Healthcare
Recycling,,Bills & Utilities
Veterinarian,Urgent care,Healthcare
Lottery Ticket,一般,Other
WAL-MART SUPERCENTER #9447,,Shopping
AUTOPAY VERIZON WIRELESS $198.69,,Bills & Utilities
Avis,Flight ticket,Transport
IRCTC,Premium gas,Transport
WALGREENS #4107 $701.27,,Healthcare
Wine Shop,Ice cream,Food & Drink
Kroger STORE #1456 PURCHASE,,Food & Drink
United Airlines,Brake pads,Transport
Surgery,Braces,Healthcare
Museum,Monthly subscription,Entertainment
RENT PAYMENT $621.56 Repair,,Housing
Life Insurance,Direct debit,Bills & Utilities
Michaels,Tools,Shopping
DEBIT CARD PURCHASE Chipotle Ramen,,Food & Drink
DIVIDEND VANG $9816.72 Rebate check,,Income
Condo Fees,Service fee,Bills & Utilities
PG&E ELECTRIC $47.65 Cable,,Bills & Utilities
Apartment,,Housing
MAINTENANCE TaskRabbit $1218.94 Storage,,Housing
Chevron,Cab fare,Transport
UDEMY COURSE $162.09,,Education
Cash Back,,Income
RECURRING PAYMENT LA Fitness Interest charge,,Bills & Utilities
CARD 9873 PURCHASE Smoothie King Salad,,Food & Drink
Louis Vuitton,Charger,Shopping
First Aid,歯科,Healthcare
ACH CREDIT Rebate,,Income
Mattress Store,Plumber,Housing
Data plan,Interest charge,Bills & Utilities
MORTGAGE PAYMENT $1826.67,,Housing
BOOK STORE $1168.45,,Education
LIVE NATION $148.15,,Entertainment
Pizza Place,Late night snack,Food & Drink
Chipotle Mexican Grill,comestibles,Food & Drink
Starbucks,Cocktail,Food & Drink
USPS POSTAGE $130.93 Infraction,,Other
Yoga Studio,اشتراك,Bills & Utilities
CVS PHARMACY #3195 $1407.49,,Healthcare
LIVE NATION $68.72,,Entertainment
Xbox Store,Games,Entertainment
Paramount+,Digital purchase,Entertainment
CubeSmart,홈,Housing
Smoothie Bar,아침,Food & Drink
Lime,benzin,Transport
Burger King,Weekend brunch,Food & Drink
UNIVERSITY TUITION $1436.59 Swimming lesson,,Education
LYFT RIDES $667.11,,Transport
MAINTENANCE HomeAdvisor $819.90 Pest control,,Housing
LOWES #4600 $970.31,,Housing
Warehouse,Daily purchase,Other
CreativeLive,Coding bootcamp,Education
UBER *TRIP $598.11,,Transport
Jump Start,Airline ticket,Transport
Little Caesars,Cappuccino,Food & Drink
Salvation Army,,Other
Gas Bill,Cable,Bills & Utilities
Water Park,Gym membership,Entertainment
GameStop,Makeup,Shopping
Music School,,Education
Accountant,Childcare,Other
STATE FARM INS $30.63 Overdue payment,,Bills & Utilities
Karaoke,Bowling night,Entertainment
Krispy Kreme,ランチ,Food & Drink
Orkin,Home insurance,Housing
ONLINE PURCHASE Coffee Shop.COM,,Food & Drink
SKILLSHARE $471.28,,Education
QUEST DIAGNOSTICS $1469.49,,Healthcare
WALGREENS #6159 $230.53,,Healthcare
RENT PAYMENT $1618.20 Storage,,Housing
HOME DEPOT.COM $878.23 Cleaning,,Housing
ONLINE PURCHASE Texas Roadhouse.COM Taco,,Food & Drink
BJ's Wholesale,Jacket,Shopping
PHARMACY PURCHASE $1459.37 Follow-up,,Healthcare
Furniture Store,alquiler,Housing
LabCorp,Treatment,Healthcare
GEICO PAYMENT $161.16 Installation fee,,Bills & Utilities
PLAYSTATION STORE $170.78,,Entertainment
Tip,Insurance payout,Income
Costco,Cake,Food & Drink
DOORDASH *TGI Friday's PURCHASE,,Food & Drink
HOME DEPOT.COM $1004.61 Appliance,,Housing
COURSERA PURCHASE $1038.07 Cooking class,,Education
Instituto Cervantes,,Education
QUEST DIAGNOSTICS $649.18 Counseling,,Healthcare
UBER *TRIP $164.50 Auto payment,,Transport
PHARMACY PURCHASE $522.24 Extraction,,Healthcare
Gift Card,Uncategorized,Other
Alamo,Airport transfer,Transport
Blood test,Pet surgery,Healthcare
LA Fitness,Annual premium,Bills & Utilities
UPS SHIPPING $103.46,,Other
BOOK STORE $1784.26,,Education
LIVE NATION $85.42 Expansion,,Entertainment
CVS Pharmacy,hospital,Healthcare
Kaplan,Online course,Education
PetSmart,,Shopping
Notary,Unit rental,Other
Bond Maturity,revenu,Income
Direct Energy,,Bills & Utilities
Plant Store,Lost item,Other
GEICO PAYMENT $286.66,,Bills & Utilities
Big Lots,홈,Shopping
Bun Bo Hue,Coffee,Food & Drink
UPS SHIPPING $129.86,,Other
HOA DUES $2147.08 Garden,,Housing
Pawn Shop,各種,Other
Xfinity,versicherung,Bills & Utilities
Side Gig,Award,Income
HOA DUES $2887.55 Security,,Housing
Outback,Chicken,Food & Drink
DELTA AIR LINES $658.80,,Transport
WooCommerce,Bonus,Income
Smart Home,Property tax,Housing
Lufthansa,旅行,Transport
Security System,Vacation rental,Housing
DIRECT DEPOSIT PAYROLL $5013.69,,Income
SKILLSHARE $1179.73,,Education
Carpet,,Housing
DIVIDEND EMPL $4783.68 Prize,,Income
Church,общее,Other
Central Computer,Headphones,Shopping
RENT PAYMENT $2886.76 Property tax,,Housing
Brinks,बीमा,Bills & Utilities
Town Hall,Childcare,Other
Pet Store,Unit rental,Other
Greyhound,EV charging,Transport
Ramen Ichiran,,Food & Drink
KAISER PERMANENTE $292.11,,Healthcare
Toll,نقل,Transport
HOA Payment,Property tax,Housing
Publix,Chicken,Food & Drink
Reliant Energy,,Bills & Utilities
Nanny,Accounting,Other
SCHOOL PAYMENT $911.33 Tuition fee,,Education
IRCTC,,Transport
COURSERA PURCHASE $442.66 Annual plan,,Education
Dior,إلكترونيات,Shopping
PROPERTY TAX $1085.19 Paint,,Housing
BEST BUY #4713 SEOUL Camping,,Shopping
TARGET T-6202 PURCHASE,,Shopping
Lottery Ticket,各种,Other
NETFLIX.COM $84.56,,Entertainment
Lawn Care,Maid service,Housing
Handyman,,Housing
STOCK SALE TAX  $758.36 Overtime,,Income
Barron's,Online course,Education
GEICO PAYMENT $177.17 Service fee,,Bills & Utilities
Qatar Airways,First class,Transport
SCHOOL PAYMENT $1720.15,,Education
VOD,ترفيه,Entertainment
HOME DEPOT #4148 $1562.07 Moving,,Housing
Amtrak,,Transport
WAL-MART SUPERCENTER #5873,,Shopping
SPOTIFY USA $195.32 Fitness class,,Entertainment
Clinic,Pet vet visit,Healthcare
Freenow,taxi,Transport
Dior,Toys,Shopping
Prada,Electronics,Shopping
Under Armour,Toys,Shopping
Gas Station,Cab fare,Transport
KAISER PERMANENTE $684.33,,Healthcare
Taco Bell,مطعم,Food & Drink
UBER EATS *Sweetgreen PURCHASE,,Food & Drink
STOCK SALE UPWO $6347.00 Licensing,,Income
United Way,общее,Other
GameStop,Digital purchase,Shopping
Puma,Shoes,Shopping
Clinic,Consultation,Healthcare
Life Insurance,Auto-pay,Bills & Utilities
TGI Friday's,,Food & Drink
T-MOBILE AUTOPAY $68.20,,Bills & Utilities
TaskRabbit,Storage,Housing
Codecademy,libros,Education
Green Mountain Energy,,Bills & Utilities
DOORDASH *Hardee's PURCHASE,,Food & Drink
UNITED AIRLINES $632.46 Parking fee,,Transport
Books-A-Million,Mouse,Shopping
Life Insurance,Monthly fee,Bills & Utilities
Public Storage,Utility deposit,Housing
Ambulance,Medical,Healthcare
Health Insurance,versicherung,Bills & Utilities
CVS PHARMACY #4524 $832.17 LASIK,,Healthcare
Transit Authority,essence,Transport
VENMO CASHOUT $3191.46,,Income
Auto Repair,самолет,Transport
Nike,roupas,Shopping
NETFLIX.COM $170.02,,Entertainment
BOOK STORE $701.60,,Education
Garage Sale,Part-time work,Income
Continuing Education,,Education
DELTA AIR LINES $392.70,,Transport
Banggood,Skincare,Shopping
AUTOPAY VERIZON WIRELESS $161.28 Auto-pay,,Bills & Utilities
STEAM PURCHASE $41.71 Festival,,Entertainment
POS PURCHASE Arby's SAO PAULO Date night,,Food & Drink
DIVIDEND AIRB $4531.42,,Income
GMAT Prep,本,Education
RENT PAYMENT $2715.11 Appliance,,Housing
Nike,Clothing,Shopping
METRO TRANSIT $789.31 Gas,,Transport
Contractor,Plumber,Housing
KAISER PERMANENTE $47.85 Therapy,,Healthcare
Gusto Payroll,支払い,Income
CVS Pharmacy,Vitamins,Healthcare
Craft supplies,Monthly subscription,Entertainment
BEST BUY #5595 LONDON Furniture,,Shopping
MEDICAL CENTER $815.03,,Healthcare
Monthly Pass,avião,Transport
USPS,Other expense,Other
BANK FEE $170.28 Top-up,,Other
GEICO PAYMENT $200.68 Processing fee,,Bills & Utilities
Monthly Pass,Long distance ride,Transport
Convenience Fee,Damage payment,Other
Bet,Postage,Other
Gym Membership,коммунальные,Bills & Utilities
Lidl,Counter service,Food & Drink
BOOK STORE $723.41 Lifetime access,,Education
License Renewal,université,Education
Booking.com,Packing,Housing
College,Language class,Education
UBER *TRIP $503.64,,Transport
Dollar Tree,쇼핑,Shopping
HOME DEPOT #8983 $737.73 Packing,,Housing
STEAM PURCHASE $198.46 Music,,Entertainment
SCHOOL PAYMENT $463.08,,Education
Transit,Metro pass,Transport
MetLife,Annual premium,Bills & Utilities
Azure Certification,Tuition,Education
Airport,Bus fare,Transport
United Way,Damage payment,Other
MORTGAGE PAYMENT $1611.67,,Housing
NETFLIX.COM $144.98,,Entertainment
Deezer,Video games,Entertainment
DIRECT DEBIT Adobe Creative Cloud $240.43,,Bills & Utilities
Recycling,サブスクリプション,Bills & Utilities
AMC THEATRES LONDON $183.29 Movie,,Entertainment
POS PURCHASE Buffalo Wild Wings MUMBAI Date night,,Food & Drink
MORTGAGE PAYMENT $2310.77 Maid service,,Housing
Southwest Airlines,Highway toll,Transport
BEST BUY #4369 SAO PAULO,,Shopping
MEDICAL CENTER $933.22,,Healthcare
DMV,Grooming,Other
T-MOBILE AUTOPAY $44.66,,Bills & Utilities
Bank of America,دفعة,Income
Pizza Hut,餐厅,Food & Drink
STEAM PURCHASE $105.17 Gym membership,,Entertainment
TICKETMASTER $138.15,,Entertainment
Gift Card,diversos,Other
Church,Legal fee,Other
Mayo Clinic,Therapy,Healthcare
MAINTENANCE Mortgage $1648.89,,Housing
Disney+,Service fee,Bills & Utilities
SSDI,Online sale,Income
Subscription Service,,Other
PROPERTY TAX $518.57 Monthly rent,,Housing
Child Support,Finance charge,Bills & Utilities
Ramen Ichiran,Wrap,Food & Drink
Flatiron School,Textbook,Education
MinuteClinic,hôpital,Healthcare
UDEMY COURSE $987.19,,Education
Facebook Marketplace Housing,hogar,Housing
NIKE.COM ORDER PURCHASE Shoes,,Shopping
MISC PURCHASE $199.72 Replacement,,Other
Peet's Coffee,ресторан,Food & Drink
Roofing,Vacation rental,Housing
Dick's Sporting Goods,eletrônicos,Shopping
RECURRING PAYMENT Planet Fitness,,Bills & Utilities
Taxi,,Transport
Dairy Queen,,Food & Drink
Nando's,Bowl,Food & Drink
Enterprise Rent-A-Car,,Transport
Late Fee,,Other
SNCF,نقل,Transport
METRO TRANSIT $319.27 Cab fare,,Transport
Greyhound,Airline ticket,Transport
TXU Energy,تأمين,Bills & Utilities
Mechanic,,Transport
METRO TRANSIT $258.95,,Transport
Goethe Institut,Online learning,Education
Xbox Store,मनोरंजन,Entertainment
MISC PURCHASE $127.84 Grooming,,Other
SeatGeek,развлечения,Entertainment
T-MOBILE AUTOPAY $40.67,,Bills & Utilities
GOVERNMENT PAYMENT $136.53,,Other
MEDICAL CENTER $341.00,,Healthcare
RECURRING PAYMENT Data plan,,Bills & Utilities
HOME DEPOT #7912 $2710.48 Decor,,Housing
DEBIT PURCHASE HomeGoods,,Shopping
Oil Change,Highway toll,Transport
USPS,otros,Other
Gusto Payroll,Bonus,Income
KAISER PERMANENTE $1150.99 Dental work,,Healthcare
DOORDASH *Shake Shack PURCHASE Lunch,,Food & Drink
POS PURCHASE Texas Roadhouse LONDON,,Food & Drink
Burlington,,Shopping
DHL,Damage payment,Other
Marketplace Order,Sports equipment,Shopping
Auto Insurance,تأمين,Bills & Utilities
Mechanic,Bridge toll,Transport
Surgery,Hospital stay,Healthcare
Bet,divers,Other
Duke Energy,Auto-pay,Bills & Utilities
AMC THEATRES SAO PAULO $40.91,,Entertainment
Starbucks,Dinner,Food & Drink
BEST BUY #3504 HOUSTON,,Shopping
Paintball,Game purchase,Entertainment
PAYPAL TRANSFER $6894.30,,Income
Refund,Settlement check,Income
QUEST DIAGNOSTICS $173.83,,Healthcare
DEBIT CARD PURCHASE Genki Sushi,,Food & Drink
Alliance Française,Fellowship,Education
LabCorp,药房,Healthcare
MISC PURCHASE $182.34 Infraction,,Other
Art Gallery,Museum visit,Entertainment
Upwork,Freelance payment,Income
JetBlue,Round trip,Transport
Air France,Regular gas,Transport
AMC THEATRES NEW YORK $76.19,,Entertainment
T-MOBILE AUTOPAY $211.77,,Bills & Utilities
Health insurance copay,مستشفى,Healthcare
Etsy,T-shirt,Shopping
NIKE.COM ORDER PURCHASE Adapter,,Shopping
E*Trade,Refund,Income
Pet Emergency,مستشفى,Healthcare
PLAYSTATION STORE $138.77 Training session,,Entertainment
Netflix,Add-on content,Entertainment
MEDICAL CENTER $96.17 Contacts,,Healthcare
Liberty Mutual,Phone bill,Bills & Utilities
UNIVERSITY TUITION $640.14 Practice exam,,Education
USPS POSTAGE $185.36 Printing,,Other
METRO TRANSIT $348.52 Carry-on,,Transport
Broadway,,Entertainment
CHEGG STUDY $501.25,,Education
Imaging Center,pharmacie,Healthcare
Costco,Digital purchase,Shopping
Bonus,환급,Income
Walmart Pharmacy,Wellness visit,Healthcare
Opera,엔터테인먼트,Entertainment
CARD 3532 PURCHASE Greggs Tea,,Food & Drink
Penalty,عام,Other
T-MOBILE AUTOPAY $41.33 Mobile plan,,Bills & Utilities
License Renewal,,Education
USPS POSTAGE $190.15,,Other
Souplantation,Weekend brunch,Food & Drink
HOME DEPOT.COM $1311.10 Windows,,Housing
Alaska Airlines,Business class,Transport
MRI,Pet surgery,Healthcare
Temu,ショッピング,Shopping
Water Bill,Administrative fee,Bills & Utilities
Alamo,Detailing,Transport
Voucher,,Other
SSDI,salaire,Income
Avis,交通,Transport
RECURRING PAYMENT Vivint,,Bills & Utilities
Insomnia Cookies,,Food & Drink
Property Tax,ローン,Housing
QUEST DIAGNOSTICS $534.91 Therapy,,Healthcare
Jack in the Box,almuerzo,Food & Drink
Sears Optical,दंत चिकित्सक,Healthcare
Freelance Client,Bonus,Income
Employer Payroll,استرداد,Income
Planned Parenthood,Procedure,Healthcare
Lawn Care,홈,Housing
METRO TRANSIT $357.34,,Transport
UNITED AIRLINES $287.77,,Transport
General Assembly,bücher,Education
PHARMACY PURCHASE $1150.86,,Healthcare
Parking Meter,Regular gas,Transport
Pluralsight,Tuition fee,Education
Charity,Tithe,Other
AUTOPAY VERIZON WIRELESS $342.84 Annual premium,,Bills & Utilities
School,университет,Education
Adobe Creative Cloud,فواتير,Bills & Utilities
Metro,Detailing,Transport
Notebooks,Martial arts,Education
HOSPITAL BILL $687.38,,Healthcare
CHEGG STUDY $1645.34,,Education
WAL-MART SUPERCENTER #4007,,Shopping
RENT PAYMENT $1969.98,,Housing
Auto Insurance,rechnungen,Bills & Utilities
Art School,Monthly subscription,Education
PARKING HOUSTON $469.64 Oil change,,Transport
Sprint,Security system,Bills & Utilities
Amazon Prime,Interest charge,Bills & Utilities
Coursera,université,Education
WAL-MART SUPERCENTER #5784,,Shopping
Online Shopping,,Shopping
Electrical,Windows,Housing
Peacock,Podcast,Entertainment
Professional Development,Textbook,Education
MAINTENANCE Zillow $2545.67,,Housing
Guitar Lessons,Data science course,Education
Instagram,Video games,Entertainment
Smoothie King,किराने का सामान,Food & Drink
BP Pulse,такси,Transport
Burger King STORE #8791 PURCHASE,,Food & Drink
VENMO CASHOUT $3140.62,,Income
UNIVERSITY TUITION $920.44 Language learning,,Education
Bolt,燃料,Transport
SPOTIFY USA $114.73,,Entertainment
Chipotle,Dinner,Food & Drink
Window Repair,,Housing
Disability,GoFundMe,Income
SPOTIFY USA $29.84,,Entertainment
Cardiologist,,Healthcare
GOVERNMENT PAYMENT $67.29,,Other
DEBIT PURCHASE Gucci,,Shopping
Junk Removal,Move-in fee,Housing
BANK FEE $189.63 Stamp,,Other
Amtrak,Annual pass,Transport
GEICO PAYMENT $332.67,,Bills & Utilities
Crunchyroll,Art show,Entertainment
DEBIT PURCHASE Steam Birthday gift,,Shopping
SKILLSHARE $1417.33 Coding bootcamp,,Education
UBER *TRIP $728.69 Airport transfer,,Transport
STEAM PURCHASE $47.66 Digital purchase,,Entertainment
Sewer District,Interest charge,Bills & Utilities
DEBIT CARD PURCHASE Texas Roadhouse,,Food & Drink
Skillshare,Yoga class,Education
Qdoba,Ice cream,Food & Drink
Rehab Associates,Pet medication,Healthcare
National Car Rental,,Transport
Gym,Open mic,Entertainment
Rainforest Cafe,desayuno,Food & Drink
State Farm,Monthly fee,Bills & Utilities
Redfin,Contractor,Housing
WooCommerce,Part-time work,Income
ONLINE PURCHASE Smoothie Bar.COM,,Food & Drink
Facebook Marketplace Housing,किराया,Housing
AMAZON.COM PURCHASE $167.65,,Shopping
Skillsoft,universidad,Education
Laser Tag,Game purchase,Entertainment
Kaiser Permanente,CPAP supplies,Healthcare
Gym Membership,Cable,Bills & Utilities
ACH CREDIT Charles Schwab,,Income
iHeartRadio,,Entertainment
Peloton,Wireless service,Bills & Utilities
GOVERNMENT PAYMENT $43.39,,Other
WAL-MART SUPERCENTER #8122 Purchase,,Shopping
Plumber,Deep clean,Housing
Facebook Marketplace Housing,Paint,Housing
Overdraft Fee,Certification,Other
Khan Academy,,Education
UBER *TRIP $691.29,,Transport
Tim Hortons,,Food & Drink
POS PURCHASE El Pollo Loco SEOUL Lunch,,Food & Drink
TJ Maxx,,Shopping
HOME DEPOT #2341 $1576.50,,Housing
Harvard Extension,Certification,Education
Card Game,музыка,Entertainment
Toptal,Coaching,Income
AMC THEATRES LONDON $80.35,,Entertainment
HOSPITAL BILL $1144.58,,Healthcare
TJ Maxx,Speaker,Shopping
NETFLIX.COM $180.22,,Entertainment
Redfin,Appliance,Housing
T-MOBILE AUTOPAY $38.57,,Bills & Utilities
Airbnb,Coaching,Income
Textbook Store,bücher,Education
SKILLSHARE $116.98,,Education
Bonus,IRS refund,Income
WESTERN UNION $196.30,,Other
Gratuity,salario,Income
APPLE STORE PURCHASE $374.69,,Shopping
Vocational Training,Online learning,Education
Marketplace Order,购物,Shopping
TARGET T-7449 PURCHASE,,Shopping
T-MOBILE AUTOPAY $250.11,,Bills & Utilities
Ace Hardware,إيجار,Housing
UNITED AIRLINES $46.12,,Transport
Remittance,общее,Other
HOME DEPOT.COM $2303.82,,Housing
LinkedIn Learning,Financial aid,Education
Legal Services,Other,Other
Alliance Française,Certificate program,Education
PG&E ELECTRIC $37.52 Installation fee,,Bills & Utilities
HomeGoods,maison,Shopping
Printing,Top-up,Other
State Farm,Wireless service,Bills & Utilities
MasterClass,शिक्षा,Education
STATE FARM INS $122.05,,Bills & Utilities
Gas Bill,,Bills & Utilities
Airbnb,Rental income,Income
Microsoft Store,,Shopping
Urologist,चिकित्सा,Healthcare
UNIVERSITY TUITION $820.61,,Education
Settlement,収入,Income
ONLINE PURCHASE Pad Thai Kitchen.COM Fries,,Food & Drink
UBER *TRIP $789.80,,Transport
Employer Payroll,Settlement check,Income
HBO Max,,Entertainment
Five Below,Skincare,Shopping
Neiman Marcus,Home decor,Shopping
WALGREENS #6154 $1143.16 Urgent care,,Healthcare
Art School,Student loan,Education
HOME DEPOT #5384 $966.80 Monthly mortgage,,Housing
Hardwood,Packing,Housing
Flipkart,,Shopping
UNIVERSITY TUITION $1422.50,,Education
LinkedIn Learning,Online learning,Education
AMC THEATRES BERLIN $68.60,,Entertainment
Pool Service,loyer,Housing
H&M,casa,Shopping
Netflix,保险,Bills & Utilities
Habitat for Humanity,Postage,Other
Direct Deposit,वेतन,Income
DEBIT PURCHASE Flipkart,,Shopping
Attorney,Donation,Other
HOSPITAL BILL $71.21,,Healthcare
Frontier Communications,تأمين,Bills & Utilities
PURCHASE AUTHORIZED Pad Thai Kitchen $12.40 Date night,,Food & Drink
Comixology,кино,Entertainment
CHEGG STUDY $1496.88 Books,,Education
Community College,Online course,Education
LOWES #7272 $2052.87,,Housing
Realtor.com,ремонт,Housing
NETFLIX.COM $60.29 Spa treatment,,Entertainment
Bank Fee,عام,Other
Social Security,Shop earnings,Income
Appliance Store,loyer,Housing
HOSPITAL BILL $1014.05,,Healthcare
App Academy,Course,Education
Liberty Mutual,,Bills & Utilities
Streaming service,Concert,Entertainment
MORTGAGE PAYMENT $2973.14 Move-in fee,,Housing
Family plan,Gas bill,Bills & Utilities
Grooming,Tithe,Other
VENMO CASHOUT $4780.23,,Income
Gold's Gym,공과금,Bills & Utilities
Central Computer,Holiday gift,Shopping
Applebee's,Business lunch,Food & Drink
Salvation Army,Printing,Other
Attorney,أخرى,Other
XBOX LIVE $119.22,,Entertainment
WALGREENS #8554 $687.31 Prescription,,Healthcare
AMAZON.COM PURCHASE $27.98 Toys,,Shopping
HOSPITAL BILL $859.02 Blood work,,Healthcare
Rental Car,,Transport
Wetherspoons,Quick bite,Food & Drink
ATM WITHDRAWAL FEE Accounting,,Other
Temu,zuhause,Shopping
State Tax Refund,Prize,Income
Codecademy,,Education
Church,Damage payment,Other
BOOK STORE $1535.76,,Education
Postmates Order,,Food & Drink
Pharmacy,Supplement,Healthcare
UBER *TRIP $142.10 Oil change,,Transport
Tropical Smoothie,Seafood,Food & Drink
GEICO PAYMENT $193.63,,Bills & Utilities
Toll,geral,Other
Zalando,одежда,Shopping
UDEMY COURSE $817.91,,Education
New Balance,電子機器,Shopping
Amtrak,Gas,Transport
United Airlines,여행,Transport
HOSPITAL BILL $688.84 Medical visit,,Healthcare
EXXON MOBIL #7710,,Transport
UPS SHIPPING $190.11,,Other
Inheritance,,Income
WAL-MART SUPERCENTER #1874,,Shopping
Craigslist,,Housing
PLAYSTATION STORE $71.22,,Entertainment
Spotify,musik,Entertainment
West End,音乐,Entertainment
DENTAL ASSOCIATES $1019.02 Diabetic supplies,,Healthcare
Rewards,退款,Income
Plant Store,Misc purchase,Other
Disney+,Cable,Bills & Utilities
Uber,reise,Transport
Salvation Army,general,Other
Rental Income,دفعة,Income
Late Fee,أخرى,Other
Papa Murphy's,Sandwich,Food & Drink
Concert ticket,,Entertainment
Betting,,Entertainment
Disability,Gig economy,Income
UPS SHIPPING $125.34 Charity,,Other
Property Tax,保险,Bills & Utilities
PROPERTY TAX $1297.52 Repair supplies,,Housing
LinkedIn Learning,Student loan,Education
Spirit,ईंधन,Transport
HOA DUES $1258.21,,Housing
Netflix,Monthly subscription,Entertainment
TICKETMASTER $114.76 Facial,,Entertainment
CHEGG STUDY $1389.97 Practice exam,,Education
HBO Max,公用事业,Bills & Utilities
MAINTENANCE Property Management Co. $2442.74,,Housing
Sauna,Bowling night,Entertainment
Discovery+,Open mic,Entertainment
Netflix,Open mic,Entertainment
GOVERNMENT PAYMENT $17.45,,Other
CARD 6873 PURCHASE Sonic,,Food & Drink
Art Gallery,खेल,Entertainment
MinuteClinic,Follow-up,Healthcare
Tile,casa,Housing
Youtube,Premium subscription,Entertainment
VRBO,Pest control,Housing
Pediatrician,,Healthcare
AMAZON.COM PURCHASE $106.67,,Shopping
Verizon Store,,Shopping
Urgent Care,Glasses,Healthcare
Kaiser Permanente,Procedure,Healthcare
NETFLIX.COM $82.57,,Entertainment
Penalty,Gift card purchase,Other
Tile,ホーム,Housing
Guitar Lessons,Financial aid,Education
Nightclub,मनोरंजन,Entertainment
Lab work,Therapy,Healthcare
VENMO CASHOUT $6835.63 Commission,,Income
PlayStation Plus,Digital purchase,Entertainment
Inheritance,Freelance work,Income
PAYPAL TRANSFER $3451.68 Annual tax refund,,Income
SHELL OIL NEW YORK #7985,,Transport
Tax Payment,Overdue payment,Bills & Utilities
LIVE NATION $161.41 Battle pass,,Entertainment
PLAYSTATION STORE $118.93 Live music,,Entertainment
Gift Card,各种,Other
Circus,Training session,Entertainment
VRV,,Entertainment
P.O. Box,Other expense,Other
U-Haul,Monthly rent,Housing
WESTERN UNION $185.29 Grooming,,Other
Thumbtack,Airbnb stay,Housing
UNITED AIRLINES $681.67,,Transport
Neurologist,Contacts,Healthcare
Gucci,,Shopping
STOCK SALE FREE $7658.48,,Income
Rebate,Coaching,Income
University,,Education
Comcast,Water bill,Bills & Utilities
First American,修理,Housing
Test Prep,Tuition payment,Education
Hack Reactor,Spanish class,Education
Black Cab,交通,Transport
CARD 6248 PURCHASE Chipotle Taco,,Food & Drink
Gift Card,Storage rental,Other
Peet's Coffee,Ramen,Food & Drink
Ecobee,抵押贷款,Housing
Plumber,vivienda,Housing
Merry Maids,Tax payment,Housing
Snapchat,Fitness class,Entertainment
Lottery Winnings,आय,Income
Chevron,gasolina,Transport
Peacock,Museum visit,Entertainment
Retail Purchase,Kids clothing,Shopping
E*Trade,,Income
Spectrum,Annual premium,Bills & Utilities
DENTAL ASSOCIATES $780.58 Follow-up,,Healthcare
BANK FEE $9.92 Accounting,,Other
UPS SHIPPING $92.02 Damage payment,,Other
BANK FEE $85.81,,Other
DEBIT PURCHASE Ashley Furniture,,Shopping
Greggs,Counter service,Food & Drink
SPOTIFY USA $158.39 Battle pass,,Entertainment
WALGREENS #8907 $1351.65,,Healthcare
Phone Bill,Subscription,Bills & Utilities
DELTA AIR LINES $473.49 Taxi,,Transport
Sewer Bill,उपयोगिताएँ,Bills & Utilities
Stock Sale,,Income
Kaplan,Lab fee,Education
STEAM PURCHASE $33.80 Premium subscription,,Entertainment
TICKETMASTER $141.32,,Entertainment
Apple Music,Installation fee,Bills & Utilities
BEST BUY #7221 DUBAI Tools,,Shopping
UDEMY COURSE $57.80,,Education
Taxi,Cab fare,Transport
TARGET T-8282 PURCHASE Sandals,,Shopping
DIRECT DEBIT Amazon Prime $76.08 Family plan,,Bills & Utilities
MAINTENANCE Handyman $1224.86 Maid service,,Housing
PG&E,Service charge,Bills & Utilities
LYFT RIDES $642.30 Annual pass,,Transport
RECURRING PAYMENT Comcast,,Bills & Utilities
United Airlines,Flight,Transport
Skillsoft,книги,Education
Yo! Sushi,Drive-through,Food & Drink
Printing,,Other
BEST BUY #8960 HOUSTON Ring,,Shopping
GEICO PAYMENT $238.60 Utility bill,,Bills & Utilities
Treehouse,Financial aid,Education
School Supplies,Online learning,Education
SKILLSHARE $1144.76 Lifetime access,,Education
Furniture Store,家,Housing
AUTOPAY VERIZON WIRELESS $246.64 Auto-pay,,Bills & Utilities
HOSPITAL BILL $683.37 Hospital stay,,Healthcare
NETFLIX.COM $96.63,,Entertainment
Hardwood,,Housing
WESTERN UNION $72.87 Transfer,,Other
Tidal,영화,Entertainment
Apple Store,Gift,Shopping
HomeGoods,Sneakers,Shopping
Psychiatrist,Braces,Healthcare
Skillshare,Course,Education
Disney+,Family plan,Bills & Utilities
PHARMACY PURCHASE $1101.65,,Healthcare
Commission,دخل,Income
FedEx,разное,Other
Prepaid Card,雑多,Other
Employer Payroll,Consulting,Income
STATE TREASURY REFUND Prize,,Income
Self Storage,Tithe,Other
PARKING HOUSTON $66.68 Airport shuttle,,Transport
Panda Express,Juice,Food & Drink
TARGET T-8974 PURCHASE,,Shopping
Pet Hospital,salud,Healthcare
Auto Repair,avião,Transport
AMC THEATRES SINGAPORE $69.29 DLC,,Entertainment
Circus,Movie ticket,Entertainment
DEBIT PURCHASE Kate Spade Toddler,,Shopping
Pest Control,Storage,Housing
Paintball,,Entertainment
Deductible payment,Pharmacy,Healthcare
COURSERA PURCHASE $654.24 English class,,Education
Tax Return,,Income
Con Edison,Water bill,Bills & Utilities
Locksmith,ипотека,Housing
BOOK STORE $739.53,,Education
GOVERNMENT PAYMENT $185.50 Legal fee,,Other
USPS,,Other
Direct Energy,Annual premium,Bills & Utilities
AMAZON.COM PURCHASE $96.52 Dress,,Shopping
GEICO PAYMENT $158.85,,Bills & Utilities
Storage Unit,Monthly mortgage,Housing
DENTAL ASSOCIATES $299.46,,Healthcare
NETFLIX.COM $158.35 Season pass,,Entertainment
ACH CREDIT Royalty Payment Donation received,,Income
BANK FEE $101.36 Shipping,,Other
Chipotle Mexican Grill STORE #4960 PURCHASE Snack,,Food & Drink
FEDEx SHIPPING $187.12 Replacement,,Other
UNITED AIRLINES $388.80,,Transport
Remittance,Various,Other
QUEST DIAGNOSTICS $634.80,,Healthcare
Content subscription,Facial,Entertainment
Whole Foods,Latte,Food & Drink
STEAM PURCHASE $183.21,,Entertainment
Fry's Electronics,School supplies,Shopping
Alimony,공과금,Bills & Utilities
CVS,Baby items,Shopping
Zaxby's,Quick bite,Food & Drink
Flipkart,électronique,Shopping
TICKETMASTER $157.58,,Entertainment
PG&E ELECTRIC $25.97,,Bills & Utilities
Royalty Payment,paiement,Income
MORTGAGE PAYMENT $2164.55 Cleaning,,Housing
Lottery Ticket,Stamp,Other
Fiverr,Advisory,Income
POS PURCHASE The Cheesecake Factory LONDON Soda,,Food & Drink
AT&T,assurance,Bills & Utilities
Republic Services,autopay,Bills & Utilities
Cardiologist,Orthodontist,Healthcare
ACH CREDIT Dividend Payment,,Income
PG&E ELECTRIC $334.27 Insurance,,Bills & Utilities
AT&T,Gas bill,Bills & Utilities
DELTA AIR LINES $599.02 Flight ticket,,Transport
Skillsoft,,Education
Outback,comida,Food & Drink
Tesco,午餐,Food & Drink
Chevron,транспорт,Transport
PARKING PARIS $99.04,,Transport
Sephora,Quarterly box,Shopping
Content subscription,Streaming subscription,Entertainment
PURCHASE AUTHORIZED Insomnia Cookies $52.88,,Food & Drink
Ring Doorbell,Monthly mortgage,Housing
TARGET T-4333 PURCHASE Books,,Shopping
PROPERTY TAX $2718.74,,Housing
PURCHASE AUTHORIZED Nothing Bundt Cakes $63.76,,Food & Drink
USPS,عام,Other
GRE Prep,,Education
Yoga,Season pass,Entertainment
STOCK SALE VENM $4507.57 Investment return,,Income
AMAZON.COM PURCHASE $261.15,,Shopping
Barnes & Noble,DLC,Entertainment
Flower Shop,सामान्य,Other
Dick's Sporting Goods,Toddler,Shopping
State Tax Refund,Donation received,Income
Lawyer,,Other
OB/GYN,X-ray,Healthcare
PLURALSIGHT $423.99,,Education
UNIVERSITY TUITION $1762.10 Swimming lesson,,Education
Taxi,EV charging,Transport
OneDrive,Late fee,Bills & Utilities
Game pass,音乐,Entertainment
Airline Ticket,Car wash,Transport
CityMD,,Healthcare
VOD,Museum visit,Entertainment
Adobe Creative Cloud,nebenkosten,Bills & Utilities
ACH CREDIT Toptal Investment return,,Income
LinkedIn Learning,مدرسة,Education
DEBIT PURCHASE Walmart Sandals,,Shopping
SCHOOL PAYMENT $395.58,,Education
Transit Pass,,Transport
Indian Railways,Carry-on,Transport
AMAZON.COM PURCHASE $383.89,,Shopping
Health insurance copay,طبي,Healthcare
Extra Space,Lease payment,Housing
Sears Optical,Blood work,Healthcare
NETFLIX.COM $19.30,,Entertainment
AUTOPAY VERIZON WIRELESS $282.25,,Bills & Utilities
TNT,Lost item,Other
Alimony,Broadband,Bills & Utilities
Sainsbury's,Tea,Food & Drink
Duke Energy,,Bills & Utilities
BEST BUY #5402 PHOENIX Scarf,,Shopping
DIRECT DEPOSIT PAYROLL $1699.69 Online sale,,Income
PLAYSTATION STORE $153.08,,Entertainment
Jump Start,avión,Transport
STOCK SALE RETA $1275.09 Contract work,,Income
Ultrasound,Doctor visit,Healthcare
Chevron,Fuel,Transport
PLURALSIGHT $365.47,,Education
UDEMY COURSE $1050.54,,Education
MORTGAGE PAYMENT $1121.40 Security deposit,,Housing
JOANN,eletrônicos,Shopping
SSDI,einkommen,Income
IRS TREAS 310 TAX REF Advisory,,Income
Opera,Live show,Entertainment
FEDEx SHIPPING $55.46,,Other
Vivint,Finance charge,Bills & Utilities
Chick-fil-A,Birthday cake,Food & Drink
Steam,商店,Shopping
FEDEx SHIPPING $119.08,,Other
HOME DEPOT #8870 $1082.37,,Housing
Direct Deposit,,Income
PURCHASE AUTHORIZED Smoothie King $34.51,,Food & Drink
WALGREENS #1554 $522.92 Wellness visit,,Healthcare
Alaska Airlines,,Transport
Piano Lessons,Course,Education
Hobby Lobby,कपड़े,Shopping
Chipotle Mexican Grill,Dessert,Food & Drink
USPS POSTAGE $197.08,,Other
Urgent Care,Medical visit,Healthcare
Ocean State Job Lot,कपड़े,Shopping
Tax Payment,,Bills & Utilities
UNITED AIRLINES $538.94 Supercharger,,Transport
Grubhub Order,,Food & Drink
Flooring,maison,Housing
CrossFit,,Bills & Utilities
Building Maintenance,आवास,Housing
MISC PURCHASE $140.27,,Other
Fine,잡다,Other
Pluralsight,образование,Education
Community Center,Penalty,Other
Photography,Season pass,Entertainment
ACH CREDIT Consulting Fee Rental property,,Income
Clinic,Emergency,Healthcare
GOVERNMENT PAYMENT $148.01,,Other
DIRECT DEPOSIT PAYROLL $5920.32 Overtime,,Income
Smart Lock,Rent,Housing
DIVIDEND ROBI $1089.25 Gig economy,,Income
Twitch,E-book,Entertainment
XBOX LIVE $109.84 Video games,,Entertainment
FiOS,Administrative fee,Bills & Utilities
PLURALSIGHT $997.49 Language class,,Education
License Renewal,Student fee,Education
Penalty,autres,Other
SPOTIFY USA $126.53,,Entertainment
STATE FARM INS $136.81 Service charge,,Bills & Utilities
CARD 8618 PURCHASE Dairy Queen,,Food & Drink
GEICO PAYMENT $164.78,,Bills & Utilities
PLURALSIGHT $1931.47 Yoga class,,Education
Parking,Bridge toll,Transport
TARGET T-5468 PURCHASE,,Shopping
Merry Maids,住房,Housing
Recycling,подписка,Bills & Utilities
Walmart Pharmacy,Pet vet visit,Healthcare
WAL-MART SUPERCENTER #7562,,Shopping
MIT OpenCourseWare,مدرسة,Education
DIRECT DEPOSIT PAYROLL $3253.87 Direct deposit,,Income
Fine,Other expense,Other
Health Insurance,,Bills & Utilities
Coursera,Monthly subscription,Education
American Home Shield,주택,Housing
Ola,EV charging,Transport
RECURRING PAYMENT Sewer District,,Bills & Utilities
BP Pulse,,Transport
Religious Organization,Transfer,Other
Commission,,Income
SCHOOL PAYMENT $906.40 Diploma,,Education
Dermatologist,Vitamins,Healthcare
LYFT RIDES $555.83,,Transport
DIRECT DEBIT Con Edison $181.94 Insurance,,Bills & Utilities
Zelle,Prize,Income
VENMO CASHOUT $830.99,,Income
Grooming,geral,Other
Google Store,Purchase,Shopping
APPLE STORE PURCHASE $191.92 Fragrance,,Shopping
HOSPITAL BILL $1188.77 Medicine,,Healthcare
LOWES #2010 $2268.07 Lawn mowing,,Housing
Toptal,salário,Income
Orthopedist,Physical exam,Healthcare
Wish,Books,Shopping
Massage,E-book,Entertainment
CARD 9263 PURCHASE The Halal Guys Weekend brunch,,Food & Drink
DIVIDEND REFU $7860.93 IRS refund,,Income
CVS PHARMACY #6189 $1334.85 Hospital stay,,Healthcare
StubHub,,Entertainment
SHELL OIL CHICAGO #5461,,Transport
Zillow,ремонт,Housing
Nintendo Online,,Entertainment
STOCK SALE CRYP $4242.26 Investment return,,Income
AT&T,utilidades,Bills & Utilities
SCHOOL PAYMENT $1934.52,,Education
HOME DEPOT #2007 $1736.01,,Housing
MEDICAL CENTER $301.22,,Healthcare
HOME DEPOT.COM $1990.67,,Housing
CHEGG STUDY $868.94 Course,,Education
TARGET T-9166 PURCHASE,,Shopping
PG&E ELECTRIC $307.33 Direct debit,,Bills & Utilities
Surgery,Doctor visit,Healthcare
Neurologist,Dental checkup,Healthcare
MORTGAGE PAYMENT $2217.78,,Housing
Flooring,hypothek,Housing
Travelers,청구서,Bills & Utilities
American Airlines,旅行,Transport
Cava,Brunch,Food & Drink
Coursera Plus,Course,Education
Udemy,,Education
Wagamama,Pizza,Food & Drink
RECURRING PAYMENT Allstate Cable,,Bills & Utilities
UBER *TRIP $445.21,,Transport
DEBIT PURCHASE IKEA,,Shopping
WESTERN UNION $40.57 Damage payment,,Other
POS PURCHASE Kroger SINGAPORE,,Food & Drink
Dividend Payment,,Income
Ashley Furniture,Gloves,Shopping
AAA,交通,Transport
National Grid,Finance charge,Bills & Utilities
PARKING SINGAPORE $210.17,,Transport
PLAYSTATION STORE $159.75 Movie,,Entertainment
Disney+,,Bills & Utilities
Tonkotsu Ramen,Wrap,Food & Drink
Wingstop,コーヒー,Food & Drink
Phone plan,Fiber,Bills & Utilities
CrossFit,Electric bill,Bills & Utilities
DIVIDEND REWA $9765.08 Consulting,,Income
XBOX LIVE $81.26 Film,,Entertainment
CreativeLive,université,Education
PLURALSIGHT $265.99 Course,,Education
CHEGG STUDY $1025.83,,Education
Sport Rehab,चिकित्सा,Healthcare
MISC PURCHASE $113.97 Tax prep,,Other
Tandoori Nights,Burrito,Food & Drink
YouTube Music,मनोरंजन,Entertainment
Fine,Tax prep,Other
UBER *TRIP $144.14,,Transport
Deductible payment,صحة,Healthcare
Charles Schwab,оплата,Income
STATE TREASURY REFUND Freelance payment,,Income
Gas Station,Fuel,Transport
QUEST DIAGNOSTICS $922.77 Diabetic supplies,,Healthcare
Department Store,Gift,Shopping
Waste Management,Electric bill,Bills & Utilities
Gas Bill,Processing fee,Bills & Utilities
Legal Services,Pressing,Other
Cracker Barrel,Smoothie,Food & Drink
DELTA AIR LINES $308.80,,Transport
SPOTIFY USA $176.84,,Entertainment
BOOK STORE $792.42 Data science course,,Education
APPLE STORE PURCHASE $125.35,,Shopping
MEDICAL CENTER $1328.43 Physical exam,,Healthcare
Investment,دخل,Income
Postmates Order,Pasta,Food & Drink
CPA,Various,Other
Temple,सामान्य,Other
AMAZON.COM PURCHASE $356.45 Apparel,,Shopping
Pool Service,,Housing
Codecademy,éducation,Education
Retail Purchase,दुकान,Shopping
401k Distribution,devolución,Income
UBER *TRIP $186.66,,Transport
School,教育,Education
Electrify America,,Transport
T-MOBILE AUTOPAY $229.14 autopay,,Bills & Utilities
CHEGG STUDY $1706.00,,Education
Cardiologist,Medical,Healthcare
Laundromat,Scanning,Other
Gas Bill,Monthly premium,Bills & Utilities
Duke Energy,Insurance,Bills & Utilities
Health insurance copay,صحة,Healthcare
AMC Theatres,Audiobook,Entertainment
Pet Store,Certification,Other
UNIVERSITY TUITION $393.76 Voice lesson,,Education
FlixBus,Tire rotation,Transport
UPS SHIPPING $31.18,,Other
Starbucks,Latte,Food & Drink
DOORDASH *Tropical Smoothie PURCHASE,,Food & Drink
PROPERTY TAX $2812.04,,Housing
Cash App,gehalt,Income
Federal Refund,Tax refund,Income
QUEST DIAGNOSTICS $800.13,,Healthcare
ATM WITHDRAWAL FEE Other,,Other
Casino,Live music,Entertainment
USPS POSTAGE $12.98 Infraction,,Other
BP Pulse,燃料,Transport
Retainer,erstattung,Income
AMAZON.COM PURCHASE $12.59,,Shopping
Apple TV+,Digital purchase,Entertainment
DEBIT PURCHASE Reebok,,Shopping
In-N-Out,merceria,Food & Drink
Funimation,Live music,Entertainment
DELTA AIR LINES $103.02,,Transport
Alimony,مرافق,Bills & Utilities
Federal Refund,pago,Income
Instacart Grocery,Family meal,Food & Drink
Sears Optical,dentista,Healthcare
Alimony,,Bills & Utilities
VENMO CASHOUT $4896.39 Consulting,,Income
Sport Rehab,medizinisch,Healthcare
Stationery,книги,Education
Black Cab,Premium gas,Transport
Ramen Ichiran SUBSCRIPTION RENEWAL Pizza,,Food & Drink
iCloud,Late fee,Bills & Utilities
STATE FARM INS $318.82 Auto-pay,,Bills & Utilities
Mercado Libre,Makeup,Shopping
HOSPITAL BILL $155.41,,Healthcare
Neiman Marcus,compras,Shopping
Drone,Facial,Entertainment
First American,Storage,Housing
UDEMY COURSE $1625.57 Grant,,Education
PLAYSTATION STORE $9.58 DLC,,Entertainment
POS PURCHASE Ben & Jerry's HOUSTON,,Food & Drink
Nintendo eShop,Spa treatment,Entertainment
Rentokil,住宅,Housing
ONLINE PURCHASE Smoothie King.COM,,Food & Drink
MISC PURCHASE $179.48,,Other
HOME DEPOT.COM $1464.29,,Housing
Olive Garden,Dinner,Food & Drink
Pension,Direct deposit,Income
Amazon Music,Live show,Entertainment
Bank Fee,прочее,Other
Taxi,Parking fee,Transport
IRS TREAS 310 TAX REF Dividend payment,,Income
RENT PAYMENT $1463.58,,Housing
Myntra,,Shopping
Online Shopping,Hat,Shopping
Furniture Store,Hotel,Housing
Dermatologist,Root canal,Healthcare
Zillow,수리,Housing
Craigslist Housing,Furniture,Housing
DOORDASH *Food Market PURCHASE,,Food & Drink
Community Center,geral,Other
Taco Bell,Quick bite,Food & Drink
Conference,Martial arts,Education
GOVERNMENT PAYMENT $72.35,,Other
MAINTENANCE Roofing $1784.81 Security,,Housing
Lambda School,Language class,Education
VENMO CASHOUT $8220.85,,Income
Paycheck,Capital gains,Income
PayPal,Online sale,Income
Social Security,зарплата,Income
Ring,Phone bill,Bills & Utilities
Church,Various,Other
Amazon Locker,기타,Other
Vitamins,CPAP supplies,Healthcare
McDonald's,,Food & Drink
HBO Max,Internet,Bills & Utilities
Black Cab,교통,Transport
HP,Monitor,Shopping
Udacity,,Education
MISC PURCHASE $17.74 Legal fee,,Other
WALGREENS #8366 $1006.48,,Healthcare
PHARMACY PURCHASE $1049.66,,Healthcare
Exxon,One way,Transport
Pawn Shop,geral,Other
JOANN,متجر,Shopping
Alaska Airlines,Fuel,Transport
MEDICAL CENTER $1070.86,,Healthcare
RENT PAYMENT $1817.67 Tax payment,,Housing
FasTrak,旅行,Transport
DIVIDEND AIRB $8642.72,,Income
RECURRING PAYMENT Trash Pickup,,Bills & Utilities
Robinhood,Rental income,Income
DELTA AIR LINES $532.37,,Transport
DMV,一般,Other
Therapy Session,Contacts,Healthcare
Nykaa,Outdoor gear,Shopping
POS PURCHASE Smoothie King DUBAI,,Food & Drink
LOWES #3847 $2416.20 Handyman,,Housing
MORTGAGE PAYMENT $2719.37,,Housing
Dry Cleaners,,Other
MISC PURCHASE $32.64 Fine payment,,Other
Liberty Mutual,Finance charge,Bills & Utilities
PayPal,salario,Income
HOME DEPOT #4756 $2652.98,,Housing
Walmart Pharmacy,,Healthcare
CHEGG STUDY $631.00,,Education
Museum,musik,Entertainment
Cabela's,買い物,Shopping
FedEx Office,その他,Other
Gas Bill,Auto-pay,Bills & Utilities
HOME DEPOT.COM $1399.08 Cleaning,,Housing
STATE FARM INS $262.99 Late fee,,Bills & Utilities
Government,Top-up,Other
Book Store,Workshop,Education
Outback,,Food & Drink
Interest Payment,給与,Income
Game Ticket,Museum visit,Entertainment
City Tax,utilidades,Bills & Utilities
PURCHASE AUTHORIZED KFC $60.81 Dinner,,Food & Drink
SKILLSHARE $174.58,,Education
Doctor,krankenhaus,Healthcare
La Taqueria,,Food & Drink
LA Fitness,factures,Bills & Utilities
Rental Car,Regular gas,Transport
POS PURCHASE Krispy Kreme CHICAGO,,Food & Drink
DELTA AIR LINES $507.05,,Transport
Mount Sinai,dentiste,Healthcare
TARGET T-6727 PURCHASE Adapter,,Shopping
T-MOBILE AUTOPAY $104.60,,Bills & Utilities
Remittance,,Other
CVS PHARMACY #8899 $959.58 Wellness visit,,Healthcare
APPLE STORE PURCHASE $125.99 Belt,,Shopping
CARD 3860 PURCHASE Five Guys Late night snack,,Food & Drink
PAYPAL TRANSFER $8877.64,,Income
FEDEx SHIPPING $40.89 Handling,,Other
Airbnb,住房,Housing
NIKE.COM ORDER PURCHASE Sports equipment,,Shopping
Junk Removal,Smart home,Housing
ATM WITHDRAWAL FEE General expense,,Other
AUTOPAY VERIZON WIRELESS $184.25 Subscription,,Bills & Utilities
MISC PURCHASE $64.60,,Other
KAISER PERMANENTE $1432.39,,Healthcare
Bank of America,,Income
UDEMY COURSE $1954.40,,Education
MEDICAL CENTER $1400.39,,Healthcare
Metro Card,燃料,Transport
Netflix,Broadband,Bills & Utilities
DEBIT CARD PURCHASE Marco's Pizza Iced Coffee,,Food & Drink
Molly Maid,Decor,Housing
Louis Vuitton,Makeup,Shopping
Landscaping,Monthly rent,Housing
First Aid,Specialist visit,Healthcare
Starbucks,Date night,Food & Drink
Squarespace,Royalties,Income
Gratuity,Royalties,Income
AMC THEATRES CHICAGO $123.03,,Entertainment
STOCK SALE ROBI $9257.62,,Income
PHARMACY PURCHASE $749.47 Medical visit,,Healthcare
Severance,Monthly salary,Income
UPS SHIPPING $136.37,,Other
Grab,,Transport
National Car Rental,Bus fare,Transport
Cooking Classes,大学,Education
UBER *TRIP $476.39,,Transport
UDEMY COURSE $1016.19 Tuition fee,,Education
Popeyes,食料品,Food & Drink
Pet Hospital,Emergency,Healthcare
Rewards,Settlement check,Income
Car Rental,燃料,Transport
PROPERTY TAX $1067.74,,Housing
Storage Unit,임대,Housing
YouTube Music,E-book,Entertainment
New Balance,Makeup,Shopping
Bird,Supercharger,Transport
CompTIA,Practice exam,Education
METRO TRANSIT $781.38,,Transport
Airbnb,HOA fee,Housing
Roadside Assistance,,Transport
PLURALSIGHT $324.62,,Education
BP Pulse,Car wash,Transport
Refund,Side hustle,Income
Counseling Center,Pharmacy,Healthcare
Spirit,हवाई जहाज,Transport
Smart Home,Plumber,Housing
Disney+,assurance,Bills & Utilities
PROPERTY TAX $1763.48 Smart home,,Housing
DOORDASH *Denny's PURCHASE Burrito,,Food & Drink
Lottery Winnings,Freelance payment,Income
Karaoke,ストリーミング,Entertainment
BANK FEE $64.56,,Other
WALGREENS #2058 $1326.76,,Healthcare
DELTA AIR LINES $727.30 Alignment,,Transport
RECURRING PAYMENT Prepaid plan Electric bill,,Bills & Utilities
Mortgage,Handyman,Housing
STOCK SALE FIDE $7804.43 Gift card redemption,,Income
Realtor.com,주택담보대출,Housing
SCHOOL PAYMENT $1513.77 Student loan,,Education
Carpool,combustível,Transport
PARKING MUMBAI $246.11,,Transport
LOWES #3656 $2918.48 Moving,,Housing
GOVERNMENT PAYMENT $166.50,,Other
TICKETMASTER $90.71,,Entertainment
Rosetta Stone,Spa treatment,Entertainment
Self Storage,Grooming,Other
DELTA AIR LINES $468.75,,Transport
Sylvan Learning,كتب,Education
TARGET T-5546 PURCHASE Gloves,,Shopping
BEST BUY #2308 SEOUL,,Shopping
MORTGAGE PAYMENT $2707.33 Vacation rental,,Housing
BANK FEE $38.57,,Other
Bolt,Express lane,Transport
Maid Brigade,Security deposit,Housing
McDonald's SUBSCRIPTION RENEWAL,,Food & Drink
TARGET T-6227 PURCHASE,,Shopping
Medicine,चिकित्सा,Healthcare
Ramen Ichiran,Drive-through,Food & Drink
Realtor.com,家,Housing
Fidelity,Rebate check,Income
Peet's Coffee STORE #2452 PURCHASE,,Food & Drink
DENTAL ASSOCIATES $131.22,,Healthcare
HOME DEPOT.COM $2728.52,,Housing
DIRECT DEBIT CenturyLink $292.32,,Bills & Utilities
Publix,Happy hour,Food & Drink
Google Store,,Shopping
BEST BUY #9707 TORONTO,,Shopping
XBOX LIVE $112.66,,Entertainment
Cleaning Service,Smart home,Housing
Internet Bill,,Bills & Utilities
Cracker Barrel,Buffet,Food & Drink
USPS,Misc purchase,Other
Pottery Barn,Clothes,Shopping
Etsy,Freelance payment,Income
Vision Center,병원,Healthcare
Babbel,streaming,Entertainment
Disability,Rental income,Income
Maid Brigade,抵押贷款,Housing
ACH CREDIT Direct Deposit,,Income
Habitat for Humanity,Filing fee,Other
Cedars-Sinai,Braces,Healthcare
STOCK SALE COIN $5786.73,,Income
CVS PHARMACY #3970 $738.54,,Healthcare
DENTAL ASSOCIATES $1403.67 Counseling,,Healthcare
Nike,쇼핑,Shopping
HOME DEPOT.COM $2959.09 Rent,,Housing
Treehouse,Grant,Education
GMAT Prep,,Education
UBER EATS *Souplantation PURCHASE,,Food & Drink
PURCHASE AUTHORIZED Nando's $80.29 Latte,,Food & Drink
Adidas,Electronics,Shopping
DEBIT PURCHASE TJ Maxx Jewelry,,Shopping
UBER EATS *Subway PURCHASE,,Food & Drink
USPS POSTAGE $78.27,,Other
METRO TRANSIT $508.34,,Transport
PlayStation Store,,Entertainment
BOOK STORE $745.69,,Education
ONLINE ORDER eBay Office supplies,,Shopping
Court Payment,فواتير,Bills & Utilities
Progressive,बीमा,Bills & Utilities
COMCAST CABLE $238.71 Monthly premium,,Bills & Utilities
PHARMACY PURCHASE $765.38 Pharmacy,,Healthcare
Travelers,Water bill,Bills & Utilities
Walgreens,Crown,Healthcare
DIRECT DEPOSIT PAYROLL $1964.12,,Income
EXXON MOBIL #4191 EV charging,,Transport
Penalty,기타,Other
Southwest Airlines,Gas,Transport
New Balance,Home decor,Shopping
CHEGG STUDY $1754.09 Learning,,Education
Toll,Unit rental,Other
STEAM PURCHASE $22.10 Manicure,,Entertainment
STOCK SALE FREE $852.73 Overtime,,Income
Restoration Hardware,商店,Shopping
SKILLSHARE $398.26,,Education
Laundromat,Accounting,Other
POS PURCHASE Jack in the Box TORONTO,,Food & Drink
Comcast,Monthly fee,Bills & Utilities
PHARMACY PURCHASE $1201.27,,Healthcare
Accountant,Lost item,Other
Target,Garden supplies,Shopping
Rite Aid,Retainer,Healthcare
Dollar General,,Shopping
Apple TV+,,Entertainment
Trulia,बंधक,Housing
PARKING PARIS $305.71,,Transport
CHEGG STUDY $56.95 Financial aid,,Education
Del Taco,Family meal,Food & Drink
Imaging Center,dentiste,Healthcare
Appliance Store,réparation,Housing
Red Cross,Penalty,Other
Peet's Coffee,,Food & Drink
Brinks,Deductible,Bills & Utilities
FEDEx SHIPPING $13.97,,Other
NETFLIX.COM $95.17,,Entertainment
Electrical,Pest control,Housing
CreativeLive,,Education
Barnes & Noble,Baby items,Shopping
IRS TREAS 310 TAX REF IRS refund,,Income
Biryani Palace,Family meal,Food & Drink
STOCK SALE SALE $3398.86,,Income
Paintball,Concert,Entertainment
Penalty,أخرى,Other
Hardee's,Family meal,Food & Drink
DOORDASH *Walmart PURCHASE,,Food & Drink
Test Prep,curso,Education
PLAYSTATION STORE $108.39,,Entertainment
PG&E ELECTRIC $103.11 Mobile plan,,Bills & Utilities
Ambulance,Pet surgery,Healthcare
RENT PAYMENT $1360.20,,Housing
Mercado Libre,ropa,Shopping
TICKETMASTER $129.29,,Entertainment
Saks Fifth Avenue,Adapter,Shopping
UDEMY COURSE $1996.37 Language class,,Education
Brilliant,강좌,Education
PURCHASE AUTHORIZED Starbucks $30.74 Happy hour,,Food & Drink
Property Tax,Internet,Bills & Utilities
MISC PURCHASE $83.37,,Other
ParkWhiz,,Transport
Bass Pro Shops,商店,Shopping
CVS PHARMACY #4439 $898.89 Follow-up,,Healthcare
PARKING DUBAI $254.86,,Transport
Apartments.com,Smart home,Housing
PLAYSTATION STORE $91.36 Meditation app,,Entertainment
Deli,Sandwich,Food & Drink
DOORDASH *Shake Shack PURCHASE,,Food & Drink
Dollar General,Electronics,Shopping
Property Tax,Administrative fee,Bills & Utilities
E-ZPass,транспорт,Transport
Tea House,Water,Food & Drink
VRBO,Maid service,Housing
Mosque,,Other
COMCAST CABLE $145.75 Fiber,,Bills & Utilities
HOME DEPOT #4981 $1287.71,,Housing
Plant Store,autres,Other
CVS Pharmacy,Prescription,Healthcare
T-Mobile,Wireless bill,Bills & Utilities
STATE TREASURY REFUND Award,,Income
CHEGG STUDY $587.79,,Education
WALGREENS #2179 $1276.96 Root canal,,Healthcare
Gratuity,Crowdfunding,Income
HOME DEPOT #1036 $919.52 Furniture,,Housing
NETFLIX.COM $171.54,,Entertainment
HOSPITAL BILL $232.39,,Healthcare
Harvard Extension,Registration fee,Education
Xbox Store,DLC,Entertainment
Psychologist,,Healthcare
Rental Income,Rental income,Income
Trash Pickup,Monthly fee,Bills & Utilities
Books-A-Million,Skincare,Shopping
HOSPITAL BILL $88.70,,Healthcare
WAL-MART SUPERCENTER #6709 Home decor,,Shopping
MORTGAGE PAYMENT $887.14 Vacation rental,,Housing
Ashley Furniture,Charger,Shopping
Penalty,सामान्य,Other
LA Fitness,Auto-pay,Bills & Utilities
Overstock,,Shopping
Mattress Store,,Housing
Childcare,Various,Other
CompTIA,bildung,Education
VRBO,Lawn mowing,Housing
Planet Fitness,Broadband,Bills & Utilities
BioReference,Medical,Healthcare
McDonald's,아침,Food & Drink
UNITED AIRLINES $646.44,,Transport
Cafe,Coffee,Food & Drink
AUTOPAY VERIZON WIRELESS $294.78 Installation fee,,Bills & Utilities
MISC PURCHASE $179.61,,Other
Pluralsight,पाठ्यक्रम,Education
Test Prep,Fellowship,Education
FEDEx SHIPPING $170.75 Scanning,,Other
LYFT RIDES $121.10 Cab fare,,Transport
CVS Pharmacy,Dental cleaning,Healthcare
COMCAST CABLE $281.92,,Bills & Utilities
WAL-MART SUPERCENTER #9330,,Shopping
Lottery Ticket,Babysitting,Other
Pizza Hut,عشاء,Food & Drink
ONLINE PURCHASE Little Caesars.COM,,Food & Drink
Smart Lock,Garden,Housing
LIVE NATION $183.40,,Entertainment
Dance Classes,Learning,Education
LensCrafters,Hospital stay,Healthcare
Sweet Tomatoes STORE #9636 PURCHASE,,Food & Drink
UBER *TRIP $189.11,,Transport
IRS TREAS 310 TAX REF Consulting,,Income
MAINTENANCE Ace Hardware $1734.58,,Housing
Squarespace,зарплата,Income
AUTOPAY VERIZON WIRELESS $263.24,,Bills & Utilities
Cox Communications,Monthly premium,Bills & Utilities
Intellectual Property,Stock dividend,Income
Deezer,Premium subscription,Entertainment
WESTERN UNION $163.90 Transfer,,Other
XBOX LIVE $16.64 Theme park,,Entertainment
MAINTENANCE Landscaping $1447.01 Lease payment,,Housing
PLURALSIGHT $111.45 Application fee,,Education
TARGET T-3298 PURCHASE,,Shopping
Casino,Stamp,Other
Pest Control,Hotel,Housing
TikTok,Manicure,Entertainment
ONLINE ORDER Hobby Lobby,,Shopping
EXXON MOBIL #4388 Gas,,Transport
Netflix,,Bills & Utilities
Longhorn Steakhouse SUBSCRIPTION RENEWAL Catering order,,Food & Drink
Hawaiian Airlines,Annual pass,Transport
Gym,Pay-per-view,Entertainment
Chanel,,Shopping
Xbox Store,音楽,Entertainment
RENT PAYMENT $2064.65,,Housing
Marketplace Order,Retail,Shopping
Tutor,,Education
WESTERN UNION $151.62 Top-up,,Other
UPS SHIPPING $130.81,,Other
Vocational Training,Books,Education
Uber,,Transport
T-MOBILE AUTOPAY $34.40,,Bills & Utilities
Late Fee,Prepaid load,Other
PG&E ELECTRIC $76.04 Broadband,,Bills & Utilities
HOSPITAL BILL $1075.30 Vitamins,,Healthcare
Consulting Fee,доход,Income
Venmo,,Income
Intellectual Property,Side hustle,Income
Workshop,curso,Education
Condo Fee,,Housing
Supplement,مستشفى,Healthcare
APPLE STORE PURCHASE $452.60 Gift,,Shopping
Megabus,旅行,Transport
PROPERTY TAX $2179.45 Move-in fee,,Housing
Enterprise Rent-A-Car,ईंधन,Transport
College,كتب,Education
UPS SHIPPING $86.01,,Other
STOCK SALE BONU $9207.52,,Income
Capital Gains,,Income
Ambulance,Vaccination,Healthcare
SPOTIFY USA $102.85,,Entertainment
Dance Club,Premium subscription,Entertainment
Steam,,Shopping
HBO Max,Training session,Entertainment
FEDEx SHIPPING $188.49,,Other
Casino,Gallery exhibition,Entertainment
CARD 5154 PURCHASE Domino's,,Food & Drink
401k Distribution,Overtime,Income
Property Tax,,Housing
Nanny,,Other
Target,,Shopping
Peloton,seguro,Bills & Utilities
STEAM PURCHASE $59.89,,Entertainment
License Fee,,Income
COURSERA PURCHASE $602.00,,Education
Azure Certification,Student loan,Education
MetLife,बीमा,Bills & Utilities
TARGET T-2663 PURCHASE,,Shopping
Food Market,Pasta,Food & Drink
WALGREENS #5892 $990.27 CPAP supplies,,Healthcare
Deductible payment,,Healthcare
Spirit,燃料,Transport
ONLINE ORDER Retail Purchase,,Shopping
TARGET T-1859 PURCHASE,,Shopping
DMV,Donation,Other
Tile,,Housing
LA Fitness,उपयोगिताएँ,Bills & Utilities
